vehicle_type,service_type,vehicle_age,kilometers_driven,fuel_type,engine_type,previous_services,actual_cost
SUV,Major,6,83901,Hybrid,Automatic,8,21770
Car,General,7,64356,EV,Automatic,12,4020
SUV,Major,6,70879,Petrol,Automatic,8,17320
Bike,Major,10,70695,Petrol,Manual,14,2480
Bike,Major,6,54965,Petrol,Manual,9,1640
Bike,General,6,41888,Petrol,Manual,8,920
Bike,General,1,10962,Petrol,Manual,1,700
Bike,Major,2,16832,Petrol,Manual,2,2270
SUV,General,6,92067,Diesel,Automatic,9,8710
SUV,Major,10,133541,Diesel,Automatic,16,31280
Car,Major,11,131805,Hybrid,Manual,16,18600
Bike,General,7,51438,Petrol,Manual,9,800
Car,Major,11,125648,Petrol,Automatic,15,18110
Scooty,Repair,6,29698,Petrol,Automatic,10,1950
Car,Major,3,49895,Petrol,Manual,4,11800
Car,General,3,42099,Petrol,Automatic,4,3840
Car,Repair,5,62431,Petrol,Manual,7,10860
Bike,General,6,38564,Petrol,Manual,7,860
Scooty,General,8,61569,Petrol,Automatic,14,970
Car,General,12,118714,Diesel,Manual,16,6030
Electric Bike,General,2,12489,EV,Automatic,2,730
Bike,General,3,29896,Petrol,Manual,3,620
Car,General,11,173125,Petrol,Manual,17,5040
SUV,Major,8,101326,Petrol,Manual,13,17350
Car,General,5,83668,Petrol,Automatic,7,4250
Car,Repair,12,116454,Hybrid,Manual,20,23720
SUV,General,5,84900,Diesel,Automatic,9,8300
Car,General,3,36222,Petrol,Manual,4,4740
Scooty,General,1,7619,Petrol,Automatic,1,880
Bike,General,2,19444,Petrol,Manual,3,840
Car,General,6,87229,Diesel,Automatic,9,7600
Bike,Repair,2,11497,Petrol,Manual,2,1860
Bike,Major,9,85945,Petrol,Manual,11,3430
Electric Scooter,Repair,1,6422,EV,Automatic,1,1560
Scooty,Repair,3,19582,Petrol,Automatic,4,2090
SUV,Major,2,31971,Diesel,Manual,3,15500
Bike,Major,4,34092,Petrol,Manual,6,1550
SUV,Repair,13,148420,Diesel,Automatic,17,45060
Electric Scooter,General,3,23042,EV,Automatic,4,380
Car,Major,8,98097,Diesel,Manual,15,13850
Scooty,General,5,26336,Petrol,Automatic,8,820
Bike,Major,3,15704,Petrol,Manual,4,2450
Car,General,11,135453,Diesel,Manual,14,7680
Scooty,Repair,1,9304,Petrol,Automatic,1,1000
SUV,General,3,37941,Diesel,Manual,5,7070
Scooty,General,12,83236,Petrol,Automatic,18,610
Bike,General,11,106969,Petrol,Manual,19,940
Electric Bike,Major,2,16555,EV,Automatic,2,1810
SUV,General,10,161977,EV,Automatic,17,7720
Bike,General,6,33444,Petrol,Automatic,10,920
Electric Scooter,Major,0,500,EV,Automatic,0,1130
Bike,Major,3,16077,Petrol,Manual,3,2180
Car,Repair,6,96044,EV,Automatic,8,9760
Car,General,6,82578,Petrol,Automatic,8,6210
Scooty,Major,3,22456,Petrol,Automatic,4,2100
Bike,General,5,29058,Petrol,Automatic,8,1150
SUV,General,2,22473,Petrol,Manual,3,7300
SUV,General,4,58837,Diesel,Automatic,4,7260
SUV,General,5,80459,Diesel,Manual,7,10180
SUV,Major,8,102793,Diesel,Automatic,11,29870
Car,General,13,142942,Diesel,Automatic,16,6890
Scooty,General,5,23142,Petrol,Automatic,8,580
Bike,General,8,43956,Petrol,Manual,15,1230
SUV,General,5,66771,Diesel,Manual,9,8230
Electric Scooter,General,4,22759,EV,Automatic,6,540
Electric Scooter,General,2,11900,EV,Automatic,2,580
Scooty,General,3,16628,Petrol,Automatic,4,720
Car,General,8,66905,Diesel,Automatic,9,6610
SUV,General,2,17616,Diesel,Automatic,2,8290
Car,General,5,78113,Petrol,Automatic,6,4750
Car,General,10,104191,Petrol,Automatic,14,6420
SUV,Major,2,31434,Diesel,Automatic,3,17250
SUV,General,6,110875,Diesel,Automatic,9,13380
Bike,General,2,15050,Petrol,Manual,3,880
SUV,General,1,16811,Diesel,Automatic,1,8460
Car,Repair,4,56378,Petrol,Automatic,6,12110
Electric Scooter,General,1,6163,EV,Automatic,1,350
SUV,General,2,35669,Diesel,Manual,3,6800
SUV,General,2,29255,Diesel,Automatic,3,7110
Bike,General,4,36007,Petrol,Manual,6,650
Car,Major,7,70271,Hybrid,Manual,11,11590
SUV,General,4,69614,EV,Automatic,6,6230
SUV,General,5,101643,Hybrid,Automatic,8,10530
SUV,Major,8,100134,Diesel,Automatic,15,29580
Scooty,Repair,1,6731,Petrol,Automatic,1,1240
SUV,General,7,121357,Petrol,Manual,8,8640
SUV,General,6,88398,Diesel,Manual,11,10790
Car,General,7,64757,Petrol,Automatic,9,6760
SUV,General,4,75598,Diesel,Manual,6,10080
Car,General,2,22902,Diesel,Manual,2,5710
Electric Scooter,General,0,712,EV,Automatic,0,390
Bike,Major,6,50661,Petrol,Manual,11,2160
Electric Bike,Repair,2,17191,EV,Automatic,3,1340
Car,General,8,104168,Petrol,Manual,10,6090
Scooty,Repair,4,30493,Petrol,Automatic,5,1460
Car,Repair,9,101712,Petrol,Manual,16,13540
Bike,General,6,36649,Petrol,Manual,7,660
Electric Bike,General,4,22937,EV,Automatic,6,660
Car,General,7,83847,Diesel,Automatic,11,7520
Car,Major,7,60197,Petrol,Automatic,13,15160
Bike,General,5,40024,Petrol,Automatic,6,820
SUV,General,3,37341,Petrol,Automatic,5,8320
SUV,General,13,219164,Diesel,Automatic,19,10460
Scooty,Repair,7,52434,Petrol,Automatic,11,3580
Car,General,10,105851,Petrol,Manual,14,5930
Car,General,10,140892,Diesel,Automatic,17,7330
Car,Major,5,77676,Hybrid,Automatic,8,12010
Car,General,7,62971,Petrol,Manual,11,3400
Car,Repair,3,49871,Petrol,Automatic,3,13170
Bike,General,6,37641,Petrol,Automatic,10,810
Scooty,General,5,34891,Petrol,Automatic,9,900
Bike,General,9,79923,Petrol,Automatic,17,1080
SUV,General,0,1860,Diesel,Automatic,0,8870
Car,General,2,34442,Diesel,Automatic,2,6210
Scooty,Repair,5,23838,Petrol,Automatic,7,1450
SUV,General,5,66001,Diesel,Automatic,8,7770
Car,Major,3,32470,Petrol,Manual,4,13820
Car,General,6,92248,EV,Automatic,11,4390
Scooty,Major,4,21864,Petrol,Automatic,6,1320
Car,Major,6,96098,Petrol,Automatic,10,16400
SUV,General,5,76714,Petrol,Automatic,7,5650
Scooty,General,5,31208,Petrol,Automatic,6,570
Car,General,6,85507,EV,Automatic,8,4010
Car,Repair,5,65302,Diesel,Automatic,7,15220
Bike,Repair,9,54783,Petrol,Manual,11,3350
Car,Repair,6,64747,Petrol,Manual,11,16600
SUV,Repair,8,97854,Diesel,Manual,10,25140
SUV,General,4,48680,Hybrid,Automatic,6,6600
Bike,Repair,11,105285,Petrol,Manual,21,6260
Car,Major,3,30081,Hybrid,Manual,3,9320
Electric Scooter,General,2,15309,EV,Automatic,2,390
Electric Bike,Major,1,7700,EV,Automatic,1,1910
Electric Bike,Major,2,10849,EV,Automatic,2,1720
Car,General,11,115733,Petrol,Manual,15,5170
SUV,General,2,23893,Diesel,Manual,2,7720
SUV,Major,10,144986,Diesel,Manual,17,34980
Car,Major,7,98799,Petrol,Automatic,13,11490
Bike,General,4,34569,Petrol,Manual,7,1220
SUV,General,7,121676,Diesel,Automatic,10,8040
Scooty,General,4,28560,Petrol,Automatic,4,890
Scooty,General,7,42381,Petrol,Automatic,10,690
Car,Repair,7,83110,Diesel,Automatic,13,19930
SUV,General,7,143963,Petrol,Automatic,9,9330
SUV,General,4,45461,Diesel,Manual,6,7840
Scooty,General,5,33905,Petrol,Automatic,9,650
Car,Major,10,149977,Diesel,Automatic,14,18610
Scooty,General,1,3478,Petrol,Automatic,1,890
SUV,Major,1,19886,Diesel,Manual,1,15310
SUV,Major,4,50485,Diesel,Automatic,5,21140
Bike,Repair,8,60879,Petrol,Automatic,10,2900
Car,Repair,8,114208,Petrol,Manual,10,17780
Scooty,Major,2,16403,Petrol,Automatic,3,1720
Car,Major,0,1376,Diesel,Automatic,0,14440
Scooty,Major,4,21764,Petrol,Automatic,5,1710
Car,Repair,4,42825,Diesel,Manual,4,12120
Bike,Repair,7,56491,Petrol,Manual,12,4530
Scooty,Major,3,19269,Petrol,Automatic,4,1810
Bike,Major,11,75261,Petrol,Manual,16,2330
Car,General,5,69615,Petrol,Manual,7,5450
Bike,Major,8,47585,Petrol,Automatic,10,2900
Car,Major,8,86103,EV,Automatic,15,12940
SUV,Major,8,160233,Diesel,Manual,10,21130
Scooty,Major,4,19691,Petrol,Automatic,4,2040
SUV,General,9,124217,Diesel,Manual,17,7910
SUV,Major,0,2632,Diesel,Automatic,0,18060
SUV,General,5,99169,Diesel,Automatic,7,10200
Car,General,3,46248,Petrol,Manual,4,3260
Bike,Major,4,41689,Petrol,Manual,7,3240
SUV,General,7,80864,Diesel,Automatic,12,9130
Car,Major,10,129613,Petrol,Automatic,19,12850
Car,Major,5,67434,Petrol,Manual,9,11700
SUV,Major,2,39488,Petrol,Manual,3,14670
SUV,General,12,213168,Petrol,Manual,16,7270
SUV,General,11,109283,Diesel,Manual,17,11450
Bike,Repair,12,92312,Petrol,Manual,14,3690
SUV,Major,3,55760,Petrol,Automatic,5,24550
Bike,Major,5,45218,Petrol,Manual,9,3010
Car,Repair,8,114851,Diesel,Automatic,11,20060
Car,Repair,4,35620,Petrol,Manual,5,8540
Car,General,1,6807,Petrol,Automatic,1,3380
Scooty,Repair,11,78675,Petrol,Automatic,21,2910
Electric Scooter,General,2,13072,EV,Automatic,3,610
SUV,General,4,75269,Diesel,Automatic,7,8400
Car,General,6,97446,Petrol,Manual,9,5610
Car,General,11,109628,Petrol,Manual,18,5430
SUV,General,4,48012,Hybrid,Manual,7,8990
Car,Major,8,109665,Diesel,Manual,12,13080
Car,General,4,57875,Hybrid,Automatic,5,4970
SUV,General,5,101948,Petrol,Manual,7,7800
Scooty,General,4,26290,Petrol,Automatic,7,650
SUV,Repair,1,22795,Petrol,Automatic,1,18460
SUV,General,4,39763,Hybrid,Manual,5,9250
Bike,General,5,36557,Petrol,Manual,9,1000
Bike,Major,9,64757,Petrol,Manual,16,4000
SUV,General,3,39202,Diesel,Manual,4,8320
Scooty,General,6,34254,Petrol,Automatic,10,790
Scooty,Major,3,13141,Petrol,Automatic,5,1840
Car,Repair,2,22559,Petrol,Manual,2,9520
Electric Bike,General,2,12837,EV,Automatic,3,640
Car,General,8,93846,Diesel,Manual,11,7250
Car,General,7,108860,Diesel,Manual,11,5350
SUV,Major,2,35190,Hybrid,Automatic,2,19220
Car,Repair,12,103491,Hybrid,Automatic,15,27540
Bike,Major,7,51960,Petrol,Manual,8,2310
Electric Scooter,General,1,8312,EV,Automatic,1,490
Bike,General,9,65453,Petrol,Manual,17,1060
Bike,General,3,20014,Petrol,Automatic,4,720
SUV,Repair,5,92280,Diesel,Automatic,7,32090
Scooty,Major,12,80521,Petrol,Automatic,19,2420
SUV,Major,4,63501,EV,Automatic,6,14370
SUV,Repair,6,96693,Petrol,Automatic,10,19690
Scooty,Major,2,11264,Petrol,Automatic,2,1690
Car,Repair,2,16256,Petrol,Automatic,2,9620
Electric Bike,General,0,1439,EV,Automatic,0,640
Scooty,General,4,25151,Petrol,Automatic,5,490
Scooty,General,7,44109,Petrol,Automatic,12,800
SUV,Major,2,29469,Petrol,Automatic,2,21070
Car,Repair,1,15781,Diesel,Automatic,1,11180
Electric Scooter,General,2,13971,EV,Automatic,2,670
Bike,General,9,83828,Petrol,Manual,16,670
SUV,General,6,93305,Diesel,Automatic,10,12120
Car,General,7,57971,Petrol,Automatic,12,6060
Bike,Major,5,29459,Petrol,Manual,8,1860
Bike,General,8,79156,Petrol,Automatic,11,1000
Bike,General,9,52295,Petrol,Manual,12,1250
Car,General,5,47149,Petrol,Manual,6,4640
Car,Major,4,35011,Diesel,Manual,6,16810
SUV,Major,11,180398,Diesel,Manual,20,32440
Bike,General,13,95715,Petrol,Manual,19,1170
SUV,Major,5,96973,Diesel,Manual,8,27040
Car,Repair,8,84634,Diesel,Automatic,10,24340
Car,Major,4,51674,Petrol,Manual,6,12140
SUV,Major,11,119128,Petrol,Manual,15,18610
Car,Repair,7,94461,Petrol,Manual,8,15510
Scooty,Repair,3,23387,Petrol,Automatic,3,2160
Car,General,15,227390,Petrol,Automatic,22,6630
Electric Scooter,Repair,0,1969,EV,Automatic,0,1030
Car,General,3,39841,Hybrid,Automatic,5,6120
SUV,General,5,62413,Diesel,Automatic,9,10000
Electric Scooter,General,2,11306,EV,Automatic,2,800
Car,General,5,63845,Diesel,Automatic,8,5320
SUV,Repair,7,124304,Petrol,Manual,13,31500
Car,Major,6,64256,Petrol,Manual,9,13230
Scooty,General,3,15427,Petrol,Automatic,5,730
Car,General,10,117127,Petrol,Manual,13,5460
Bike,Major,3,14969,Petrol,Manual,4,1800
Car,General,3,30836,Diesel,Manual,4,5820
Car,Repair,5,56225,EV,Automatic,8,12960
SUV,Repair,5,101832,EV,Automatic,7,23830
Car,General,5,70963,Petrol,Manual,6,4250
Bike,General,3,31897,Petrol,Manual,4,780
Scooty,General,5,25089,Petrol,Automatic,6,820
Car,Major,14,136469,Diesel,Manual,18,15530
Electric Bike,General,1,9631,EV,Automatic,1,680
Electric Scooter,Major,3,18345,EV,Automatic,4,1310
SUV,Major,7,111832,EV,Automatic,9,21500
Scooty,General,12,83673,Petrol,Automatic,19,990
SUV,General,12,139968,Petrol,Automatic,21,9190
SUV,Major,9,161412,Petrol,Automatic,11,19400
Scooty,General,4,29180,Petrol,Automatic,6,720
Car,Major,6,59196,Petrol,Manual,8,10850
Electric Scooter,General,2,16513,EV,Automatic,3,640
Electric Scooter,Repair,4,32272,EV,Automatic,7,2280
SUV,Major,6,115254,Petrol,Manual,11,15100
SUV,General,1,13758,Petrol,Manual,1,5640
Car,Major,7,98491,Hybrid,Manual,9,17650
SUV,Repair,8,104226,EV,Automatic,10,24560
Scooty,General,0,500,Petrol,Automatic,0,550
Bike,Major,4,37952,Petrol,Manual,5,2990
Car,Major,5,81515,Petrol,Manual,9,14060
SUV,General,5,67914,Diesel,Automatic,6,8910
Car,Major,2,24376,Hybrid,Automatic,2,9630
Electric Scooter,General,2,15900,EV,Automatic,2,660
Car,Repair,12,179005,Diesel,Manual,16,33640
Scooty,Major,1,5496,Petrol,Automatic,1,1970
SUV,General,7,92235,Diesel,Manual,12,10300
Scooty,Major,6,25567,Petrol,Automatic,7,2020
SUV,Major,2,25965,Diesel,Automatic,3,18290
SUV,Major,3,57216,Diesel,Manual,5,21660
Bike,Repair,7,63385,Petrol,Manual,10,3840
Scooty,General,7,55230,Petrol,Automatic,13,530
Electric Scooter,General,1,7505,EV,Automatic,1,400
SUV,General,5,75182,Diesel,Manual,9,9530
Car,General,8,103933,Petrol,Automatic,10,4820
Bike,Major,7,65745,Petrol,Automatic,9,3080
Bike,General,6,34348,Petrol,Manual,11,760
Bike,General,8,71574,Petrol,Manual,12,860
Car,Major,9,121387,Diesel,Manual,15,16800
Car,General,12,99211,Diesel,Automatic,23,6210
Electric Scooter,Major,2,14699,EV,Automatic,2,1420
Scooty,General,3,18652,Petrol,Automatic,4,700
Car,Major,6,69749,Diesel,Automatic,7,13150
Bike,Major,9,46778,Petrol,Manual,13,3980
Scooty,General,2,15602,Petrol,Automatic,3,860
Car,General,3,34557,Petrol,Manual,4,3080
Car,Major,4,29991,Petrol,Manual,5,9810
SUV,General,2,45080,Petrol,Manual,3,5430
Bike,General,4,25546,Petrol,Manual,7,660
SUV,Major,10,173867,EV,Automatic,19,15980
Car,Major,7,64120,Petrol,Manual,10,13230
Electric Bike,General,1,9229,EV,Automatic,1,610
Scooty,General,3,17694,Petrol,Automatic,3,620
Car,Major,7,63487,Petrol,Manual,8,14000
Scooty,General,2,7711,Petrol,Automatic,2,660
Car,Repair,12,153393,Diesel,Automatic,23,37230
Bike,General,4,33150,Petrol,Manual,6,740
Car,Repair,4,56561,Hybrid,Automatic,5,16150
Bike,Major,4,26771,Petrol,Manual,5,2850
Car,Major,8,76708,Diesel,Manual,15,20110
Bike,General,3,16384,Petrol,Automatic,4,1100
Bike,Major,1,11395,Petrol,Automatic,1,2180
Car,Major,6,90853,Petrol,Manual,10,13800
Car,Major,4,64529,Petrol,Manual,7,13350
Car,General,9,86418,EV,Automatic,16,5650
Bike,Major,2,15142,Petrol,Manual,2,2220
Car,Major,11,116380,EV,Automatic,16,15540
Car,General,3,42503,Petrol,Automatic,5,4070
Electric Scooter,General,3,18148,EV,Automatic,4,570
Car,Repair,11,119320,Petrol,Automatic,18,23240
Bike,General,4,39370,Petrol,Manual,5,560
SUV,General,2,37729,Petrol,Automatic,3,8970
Bike,Major,6,43416,Petrol,Manual,8,2550
Car,General,12,166306,EV,Automatic,15,3960
SUV,General,5,69402,Diesel,Manual,9,7720
Scooty,Major,7,47153,Petrol,Automatic,12,1970
Electric Bike,Major,2,17047,EV,Automatic,3,1120
Car,General,9,98570,Petrol,Manual,17,4390
SUV,General,3,33153,Hybrid,Automatic,5,8630
Bike,General,9,67346,Petrol,Manual,14,1010
Electric Scooter,General,3,11529,EV,Automatic,5,710
SUV,Major,8,93089,Hybrid,Manual,14,18170
SUV,Repair,4,54543,Petrol,Automatic,5,26690
Car,General,6,69112,Petrol,Manual,11,5820
SUV,General,7,104334,Diesel,Automatic,9,10890
Car,Major,4,41345,Diesel,Manual,6,12580
Electric Bike,Major,1,6726,EV,Automatic,1,1270
Car,Repair,3,33787,Petrol,Automatic,3,14070
Car,General,8,100345,Petrol,Automatic,11,6490
Car,General,13,183646,Petrol,Automatic,19,6500
Bike,General,4,28121,Petrol,Manual,6,1270
Bike,General,5,33670,Petrol,Manual,8,920
SUV,Major,3,59255,Diesel,Manual,5,18780
Car,General,3,39546,Petrol,Manual,4,5560
Bike,General,1,7756,Petrol,Manual,1,760
Scooty,General,4,24233,Petrol,Automatic,6,610
SUV,General,11,214977,Diesel,Automatic,13,12370
SUV,Major,7,93821,Petrol,Automatic,9,18900
Car,General,4,56171,Diesel,Manual,5,6630
Car,Major,9,80763,Petrol,Manual,12,12760
Bike,Major,10,71681,Petrol,Automatic,17,2630
Car,General,4,59789,Petrol,Manual,5,4330
Electric Scooter,General,4,17979,EV,Automatic,5,460
SUV,General,7,75290,Petrol,Manual,10,7560
Car,General,6,65717,Petrol,Manual,10,3500
Car,General,13,202231,Petrol,Manual,25,6270
Car,Major,5,56103,Petrol,Manual,6,13530
Car,General,2,30910,Diesel,Manual,3,5810
Car,Major,8,117548,Diesel,Manual,13,20540
Electric Scooter,General,3,11696,EV,Automatic,4,510
SUV,General,6,115065,Diesel,Manual,9,6900
Car,General,5,64716,Diesel,Automatic,6,6110
SUV,Major,10,146768,Diesel,Automatic,13,29760
Car,General,3,39996,Petrol,Manual,5,4210
Scooty,Major,3,22476,Petrol,Automatic,5,2290
Car,Major,5,56345,Diesel,Manual,9,12070
SUV,General,9,91103,Petrol,Manual,10,8280
SUV,General,7,120874,Diesel,Automatic,11,8910
Car,General,10,118812,Hybrid,Automatic,14,7360
Car,Major,4,33991,Diesel,Manual,6,10410
Car,Repair,9,130214,Diesel,Manual,13,22060
Car,Major,7,61987,Diesel,Automatic,9,15180
Scooty,General,9,55332,Petrol,Automatic,17,510
Car,Repair,7,61093,Petrol,Automatic,10,14940
Car,Repair,6,52612,Petrol,Automatic,11,16360
SUV,General,6,123178,Diesel,Automatic,11,8350
Scooty,General,4,22096,Petrol,Automatic,6,670
Car,Repair,4,49638,Petrol,Automatic,7,11460
Bike,General,8,40448,Petrol,Manual,10,980
Car,General,10,91376,Diesel,Manual,15,7150
SUV,General,6,77149,Petrol,Manual,9,7730
Bike,General,3,27680,Petrol,Manual,5,780
Car,Repair,14,153210,Petrol,Automatic,18,23480
Car,General,2,21630,Diesel,Manual,3,4830
Car,General,8,109890,Petrol,Manual,12,4060
SUV,Major,3,49668,Diesel,Automatic,4,20370
Car,General,2,22144,Petrol,Manual,3,3480
Car,Major,13,179137,Petrol,Manual,21,14150
SUV,General,4,49716,Diesel,Manual,5,6380
Scooty,Major,3,22473,Petrol,Automatic,4,1480
Car,General,9,106701,Hybrid,Manual,13,5260
SUV,Major,5,61888,Diesel,Manual,7,23940
SUV,Repair,7,132864,Diesel,Automatic,10,31940
Car,General,8,100835,Diesel,Manual,10,7090
Car,General,9,142320,Petrol,Automatic,12,6180
SUV,General,4,56436,Petrol,Manual,5,6550
Car,General,5,63478,Petrol,Automatic,9,4970
SUV,Major,6,115182,Diesel,Automatic,8,22990
Electric Scooter,Major,2,10627,EV,Automatic,3,1280
Bike,General,1,7947,Petrol,Automatic,1,680
Bike,General,9,63788,Petrol,Manual,15,650
Car,General,9,90178,Diesel,Automatic,11,8040
Bike,General,4,26519,Petrol,Manual,7,1100
Car,General,7,113405,Petrol,Manual,11,4540
Bike,General,2,11140,Petrol,Manual,3,1060
Car,General,9,91532,EV,Automatic,16,3390
Scooty,General,2,11061,Petrol,Automatic,3,840
Car,Repair,2,25193,Petrol,Manual,3,9880
Car,Major,9,98249,Diesel,Automatic,11,14610
Bike,Major,6,60285,Petrol,Manual,7,3210
SUV,Major,13,217029,Diesel,Manual,17,41610
Car,General,6,73425,Diesel,Manual,7,5880
Scooty,General,0,500,Petrol,Automatic,0,680
Electric Bike,General,2,12729,EV,Automatic,3,670
SUV,General,7,80695,Diesel,Automatic,12,9330
SUV,Major,0,3191,Diesel,Manual,0,21710
Car,Major,3,33170,EV,Automatic,4,8670
Bike,General,3,16722,Petrol,Manual,5,1130
Car,General,11,114325,Diesel,Manual,15,5420
Car,General,1,11671,Petrol,Automatic,1,4710
Car,Major,7,70941,Petrol,Automatic,11,18110
Car,Major,7,106178,Petrol,Manual,11,10830
Car,General,3,40549,Diesel,Automatic,5,5620
SUV,Repair,9,148978,Diesel,Automatic,15,40940
SUV,Repair,3,57284,Diesel,Automatic,4,23630
Electric Scooter,General,4,28707,EV,Automatic,7,630
Electric Scooter,General,2,10913,EV,Automatic,3,410
SUV,Repair,4,53923,Diesel,Automatic,6,28420
Bike,General,12,97161,Petrol,Manual,15,1270
Car,General,10,156543,Petrol,Manual,17,5930
Bike,General,7,66276,Petrol,Automatic,10,930
SUV,General,11,153313,Petrol,Automatic,13,10450
Bike,General,6,55941,Petrol,Manual,11,650
SUV,General,2,33609,Diesel,Manual,3,7840
Bike,General,1,10257,Petrol,Manual,1,1080
SUV,General,8,121602,Diesel,Manual,11,8990
Bike,Major,5,42839,Petrol,Manual,7,1560
Car,Major,3,43580,Petrol,Automatic,5,15700
Electric Scooter,General,0,500,EV,Automatic,0,540
Electric Scooter,General,1,5445,EV,Automatic,1,470
Car,Major,14,207619,Petrol,Manual,21,14260
SUV,Repair,10,122218,Diesel,Automatic,19,40920
Car,General,5,51687,Petrol,Automatic,8,4530
Car,Major,4,48214,Petrol,Automatic,5,10860
Bike,General,7,38675,Petrol,Manual,10,860
SUV,General,4,82417,Petrol,Manual,7,8580
Electric Scooter,Repair,2,15587,EV,Automatic,3,1310
Scooty,General,9,57893,Petrol,Automatic,13,700
SUV,General,12,190521,Petrol,Automatic,22,11050
Car,General,9,120035,Petrol,Manual,11,5120
SUV,Major,4,81566,Diesel,Automatic,5,29530
Car,General,9,117910,Petrol,Automatic,16,6660
Car,Major,9,79092,Petrol,Automatic,15,19160
SUV,General,2,34889,Diesel,Manual,3,7240
Bike,General,8,80839,Petrol,Automatic,11,990
SUV,General,6,73968,Diesel,Automatic,9,9920
Scooty,General,9,49038,Petrol,Automatic,11,950
Scooty,General,5,24926,Petrol,Automatic,7,590
Bike,General,4,36522,Petrol,Manual,6,620
Electric Scooter,General,2,13324,EV,Automatic,3,520
Car,General,15,140390,Diesel,Automatic,22,7060
Bike,General,4,25045,Petrol,Manual,6,1230
SUV,General,5,95714,Diesel,Automatic,6,11880
Scooty,General,10,56655,Petrol,Automatic,16,770
Scooty,General,4,25527,Petrol,Automatic,6,640
Bike,General,4,36575,Petrol,Manual,7,1170
Car,Major,5,65126,Diesel,Automatic,8,15560
Scooty,Major,7,44204,Petrol,Automatic,11,2020
Car,General,7,112276,Petrol,Manual,13,5880
SUV,General,4,74156,Diesel,Automatic,4,7430
Car,Major,4,48461,Diesel,Automatic,5,19490
Car,Major,2,21568,EV,Automatic,3,9540
Scooty,General,10,56834,Petrol,Automatic,15,900
SUV,Major,6,99861,Diesel,Automatic,9,32130
Scooty,Major,5,39723,Petrol,Automatic,6,1430
SUV,Major,6,70654,Diesel,Manual,8,18890
Bike,General,3,19949,Petrol,Automatic,5,910
Car,General,5,51512,Diesel,Automatic,6,6800
Car,General,6,96288,Diesel,Manual,8,4550
Car,General,1,13595,Diesel,Automatic,1,7090
Car,Major,5,68789,Petrol,Manual,6,11380
SUV,General,10,107490,Diesel,Automatic,16,9790
Car,General,11,171418,Diesel,Automatic,19,5540
SUV,General,7,132575,Petrol,Automatic,13,6630
SUV,Repair,9,105754,Petrol,Manual,15,29080
Electric Bike,General,2,18712,EV,Automatic,2,690
Car,General,4,59823,Petrol,Automatic,5,5830
Electric Scooter,General,1,7333,EV,Automatic,1,660
Scooty,General,8,37933,Petrol,Automatic,13,730
Car,Repair,3,41610,Petrol,Manual,4,11800
Car,General,12,162918,Diesel,Automatic,21,7700
Bike,Repair,6,52474,Petrol,Manual,7,3750
Car,General,3,45880,Diesel,Manual,5,5400
Car,General,9,121155,Diesel,Manual,11,5000
Bike,General,3,23336,Petrol,Manual,3,740
Car,General,4,55023,Petrol,Automatic,6,4330
SUV,General,13,257475,Diesel,Manual,18,12660
SUV,Repair,3,32091,Diesel,Manual,4,20300
SUV,General,1,16453,Petrol,Manual,1,7230
SUV,Major,6,87599,Diesel,Automatic,8,28820
SUV,Major,3,55207,Diesel,Automatic,3,24270
Bike,Major,3,26413,Petrol,Manual,5,2170
Car,Repair,9,80241,Petrol,Manual,11,14930
Bike,Repair,7,51989,Petrol,Manual,12,2840
Electric Bike,General,0,500,EV,Automatic,0,650
Car,General,13,113646,EV,Automatic,16,5890
Electric Scooter,General,2,14444,EV,Automatic,3,620
Bike,General,8,53438,Petrol,Manual,11,780
Bike,General,5,38548,Petrol,Automatic,7,870
Bike,General,4,32217,Petrol,Manual,6,1200
SUV,General,6,98107,Petrol,Manual,9,8630
Bike,Repair,7,60751,Petrol,Automatic,10,2540
Bike,Repair,6,54053,Petrol,Manual,10,3150
Bike,General,4,21273,Petrol,Manual,6,1000
Scooty,General,7,30930,Petrol,Automatic,12,450
SUV,Repair,3,51158,Hybrid,Manual,5,25580
SUV,General,8,99677,Diesel,Automatic,13,9340
Car,General,3,30502,Petrol,Manual,4,3550
Car,General,6,52800,Petrol,Automatic,9,5670
Car,General,11,97148,Petrol,Manual,16,5380
Car,Major,4,58213,Diesel,Manual,5,14680
SUV,General,4,58311,Petrol,Manual,5,6830
SUV,Major,9,100157,Diesel,Manual,12,21990
Electric Bike,General,2,10911,EV,Automatic,3,600
Car,Repair,8,90624,Petrol,Automatic,11,16330
SUV,General,4,67205,EV,Automatic,5,4560
Scooty,Major,5,39375,Petrol,Automatic,8,2030
Scooty,General,5,19113,Petrol,Automatic,6,470
Bike,Major,2,19801,Petrol,Manual,3,1840
Bike,Repair,6,36214,Petrol,Manual,11,2940
Scooty,Major,10,62860,Petrol,Automatic,17,2600
SUV,General,4,43368,Diesel,Automatic,7,10040
Bike,General,10,100743,Petrol,Manual,15,1080
SUV,General,8,92109,Petrol,Manual,11,8970
Scooty,General,4,24349,Petrol,Automatic,4,480
Car,General,8,100123,Petrol,Automatic,9,5070
SUV,General,10,193543,Diesel,Automatic,13,8890
SUV,General,8,159251,Diesel,Automatic,14,12860
SUV,General,4,67434,Diesel,Manual,6,7280
Car,Repair,9,78857,Petrol,Manual,14,15200
Electric Bike,Major,3,23175,EV,Automatic,4,1620
Bike,General,4,26645,Petrol,Manual,7,970
SUV,General,1,22180,Petrol,Automatic,1,8060
Scooty,General,9,56812,Petrol,Automatic,11,870
Car,Major,5,50426,Petrol,Manual,6,13400
Scooty,Major,5,37206,Petrol,Automatic,7,1840
SUV,Repair,10,194186,Diesel,Manual,12,39840
Car,Repair,7,97796,Diesel,Manual,13,14550
Car,General,10,97084,Diesel,Automatic,19,5780
Scooty,General,3,13557,Petrol,Automatic,5,490
Scooty,General,8,54163,Petrol,Automatic,12,580
SUV,General,5,76737,Diesel,Manual,9,9770
Electric Bike,General,3,16924,EV,Automatic,4,660
Electric Bike,General,2,15253,EV,Automatic,2,750
SUV,General,3,60586,Diesel,Manual,4,9010
Electric Bike,Major,2,15747,EV,Automatic,3,1990
SUV,Repair,6,90396,Diesel,Automatic,11,31910
Bike,Repair,3,17663,Petrol,Manual,5,2680
Electric Bike,General,3,19101,EV,Automatic,5,740
Bike,Major,5,24835,Petrol,Automatic,9,2020
Scooty,Major,4,26338,Petrol,Automatic,6,1200
Car,General,6,65053,EV,Automatic,7,3800
Car,General,2,26439,Diesel,Automatic,2,6280
Car,General,11,158002,Diesel,Manual,20,5400
Car,Major,5,61506,Diesel,Automatic,8,14930
Car,Major,11,158047,Diesel,Automatic,19,17390
Bike,General,6,49390,Petrol,Manual,10,1330
Car,Major,6,86441,Hybrid,Manual,7,11210
Bike,General,8,43246,Petrol,Manual,15,920
Scooty,General,9,53085,Petrol,Automatic,17,990
Car,Repair,2,27226,Petrol,Automatic,3,12770
Car,General,5,69690,Diesel,Manual,6,4590
Car,Repair,3,46229,Petrol,Manual,5,11440
Car,General,2,22857,Petrol,Automatic,2,5810
Car,General,8,117255,Diesel,Manual,12,6120
Car,Repair,4,38946,Petrol,Automatic,7,12000
Car,Major,14,216434,EV,Automatic,24,11270
SUV,General,12,218679,Hybrid,Automatic,15,9790
Car,General,9,88786,Diesel,Automatic,17,8010
Scooty,Major,7,47453,Petrol,Automatic,11,2550
Car,Major,4,44261,EV,Automatic,7,8380
Electric Scooter,General,2,16791,EV,Automatic,2,760
Car,General,11,111659,Diesel,Manual,19,6500
Car,Repair,7,56926,Petrol,Manual,12,11850
Bike,General,5,31250,Petrol,Manual,9,990
Scooty,Major,2,15397,Petrol,Automatic,3,2200
Car,General,9,77359,Petrol,Automatic,12,6010
Car,General,10,146353,Diesel,Manual,15,7320
Bike,General,3,19254,Petrol,Manual,4,650
Bike,Repair,4,40416,Petrol,Manual,6,3340
Car,Major,10,153670,Hybrid,Manual,13,13500
Car,General,3,42660,Petrol,Automatic,5,4730
Bike,General,9,69451,Petrol,Manual,15,760
SUV,General,3,41132,Diesel,Manual,4,9940
Bike,Major,3,19486,Petrol,Manual,5,1870
Scooty,General,5,38835,Petrol,Automatic,6,790
Car,Major,7,81285,Diesel,Manual,10,16880
Electric Scooter,Major,0,1256,EV,Automatic,0,1220
Car,General,5,56136,Petrol,Automatic,7,4500
Electric Scooter,Repair,4,30178,EV,Automatic,5,1530
Car,General,9,140726,Petrol,Manual,14,4810
Bike,Major,5,30075,Petrol,Manual,9,2880
Electric Scooter,Major,3,22965,EV,Automatic,5,1950
Scooty,General,8,57873,Petrol,Automatic,13,930
Bike,General,5,27596,Petrol,Manual,9,1260
SUV,Repair,1,13117,Diesel,Automatic,1,18160
Electric Bike,General,1,6520,EV,Automatic,1,640
Scooty,Major,2,12369,Petrol,Automatic,3,1970
Car,Major,1,12981,Petrol,Manual,1,9160
Car,General,6,59871,Diesel,Manual,9,4560
SUV,General,10,174641,Diesel,Automatic,14,9990
Car,General,11,156777,Petrol,Automatic,14,7050
Scooty,General,9,54971,Petrol,Automatic,16,590
Car,General,12,157009,Petrol,Manual,19,4420
Car,General,1,12343,Petrol,Manual,1,4630
SUV,General,4,39917,Petrol,Manual,7,7910
Bike,General,0,500,Petrol,Manual,0,550
Scooty,Major,3,24425,Petrol,Automatic,3,1950
Car,Repair,4,35455,Petrol,Manual,5,9950
Car,Repair,6,96369,Petrol,Automatic,10,20110
SUV,General,9,97803,Diesel,Automatic,17,7650
Scooty,General,7,42931,Petrol,Automatic,11,630
Car,Repair,5,62653,EV,Automatic,8,13860
SUV,General,3,54390,Petrol,Automatic,4,8130
Car,General,11,166755,Petrol,Manual,16,5520
Electric Bike,Major,3,18198,EV,Automatic,3,1400
Car,Major,4,34959,Hybrid,Automatic,6,13000
Car,Major,7,57976,Petrol,Manual,10,10700
SUV,General,5,81436,EV,Automatic,7,7660
SUV,General,7,112856,Diesel,Automatic,11,9920
SUV,Major,5,91401,Hybrid,Automatic,8,20900
SUV,General,4,39713,EV,Automatic,4,6270
Car,Major,14,203837,Petrol,Manual,17,20710
SUV,Repair,11,214772,Diesel,Automatic,18,48090
Car,General,11,144074,Petrol,Manual,14,3900
Electric Bike,General,4,27913,EV,Automatic,7,660
Electric Scooter,General,1,6490,EV,Automatic,1,720
Electric Bike,General,0,500,EV,Automatic,0,550
SUV,General,7,87664,Petrol,Manual,13,5700
SUV,General,8,145960,Petrol,Automatic,14,9140
Scooty,General,10,51294,Petrol,Automatic,16,560
SUV,General,4,67451,Diesel,Manual,5,7370
SUV,Major,7,78241,Petrol,Automatic,13,24740
Car,Major,4,63653,Petrol,Automatic,5,12260
Bike,Major,4,19464,Petrol,Manual,5,2580
Car,General,5,76943,Petrol,Manual,8,5110
Bike,General,3,27009,Petrol,Manual,4,890
Car,Repair,6,77393,Diesel,Manual,8,13510
Scooty,General,2,12202,Petrol,Automatic,2,610
Scooty,General,5,39105,Petrol,Automatic,8,530
Car,Major,6,77944,Petrol,Manual,8,9700
Car,General,6,60094,Petrol,Manual,10,4970
SUV,General,3,53691,Petrol,Automatic,5,6720
Car,Major,12,166469,Diesel,Automatic,18,18360
Car,General,10,122378,Diesel,Manual,12,6410
SUV,Major,3,44117,Diesel,Automatic,5,27290
Bike,General,5,37199,Petrol,Manual,7,810
Scooty,General,5,29219,Petrol,Automatic,7,960
Bike,General,4,34845,Petrol,Manual,6,1150
Electric Bike,General,0,500,EV,Automatic,0,470
SUV,Major,7,111165,Petrol,Automatic,9,23320
SUV,General,3,49130,Petrol,Manual,5,6180
Car,Major,1,12695,Diesel,Automatic,1,15490
Car,General,12,116940,Petrol,Manual,16,4010
Bike,General,9,85039,Petrol,Manual,16,910
Car,General,1,9491,Petrol,Manual,1,4440
SUV,Major,5,66546,Diesel,Manual,9,19460
Scooty,General,3,22762,Petrol,Automatic,5,650
Car,General,12,97992,Petrol,Automatic,20,5040
SUV,General,6,91118,Hybrid,Manual,7,7870
Car,General,11,138312,Diesel,Manual,19,7190
SUV,Major,6,77939,Hybrid,Manual,8,16960
Car,Major,6,54815,EV,Automatic,11,10720
Car,General,4,51812,Diesel,Manual,6,6380
Car,Major,4,44277,Diesel,Automatic,7,19750
Scooty,General,7,36678,Petrol,Automatic,10,930
Car,Repair,9,95666,Petrol,Automatic,12,16600
SUV,General,4,58504,Diesel,Manual,7,10770
Car,General,1,7358,Petrol,Manual,1,3260
Car,General,2,26764,Diesel,Automatic,3,5380
Bike,Major,4,25568,Petrol,Manual,5,1620
Scooty,Repair,4,20600,Petrol,Automatic,7,2020
SUV,General,2,35083,Diesel,Manual,3,10330
SUV,Major,4,75296,Hybrid,Manual,6,15420
Scooty,Major,3,24834,Petrol,Automatic,5,1650
SUV,Repair,2,30011,Diesel,Manual,2,14970
Car,Major,2,27595,Diesel,Manual,2,13050
Bike,General,11,75314,Petrol,Manual,14,1260
SUV,General,7,127192,Diesel,Manual,13,10550
Car,General,7,92546,Petrol,Automatic,12,6120
Scooty,Repair,7,36231,Petrol,Automatic,13,1880
Electric Scooter,General,3,24036,EV,Automatic,3,840
Electric Scooter,General,1,4636,EV,Automatic,1,750
Bike,Major,4,32962,Petrol,Manual,7,2120
Scooty,General,3,18830,Petrol,Automatic,4,560
SUV,Repair,5,86488,Diesel,Manual,7,20930
Bike,Major,9,52454,Petrol,Manual,16,2870
Car,Major,4,47860,Petrol,Automatic,6,12630
SUV,Repair,5,90339,Petrol,Automatic,9,23660
Car,General,7,99531,Petrol,Automatic,11,4990
SUV,General,8,110655,Hybrid,Automatic,14,10340
Electric Bike,General,2,12231,EV,Automatic,3,780
Bike,Major,1,6581,Petrol,Manual,1,2740
Bike,Major,12,77083,Petrol,Manual,21,3330
Car,General,12,189427,Petrol,Manual,18,4000
Bike,General,9,62665,Petrol,Manual,11,1360
Scooty,General,10,71561,Petrol,Automatic,14,720
Scooty,Major,13,104030,Petrol,Automatic,21,2310
Car,General,5,50395,Petrol,Manual,7,5240
SUV,Major,7,114964,Petrol,Automatic,11,26560
Car,General,8,76841,Diesel,Manual,14,5900
SUV,Repair,6,110248,Diesel,Manual,10,32110
Bike,General,0,1544,Petrol,Automatic,0,550
Car,General,12,139664,Petrol,Automatic,21,5600
SUV,General,4,69529,Petrol,Manual,7,8200
SUV,Major,3,48557,Petrol,Manual,4,17580
Bike,General,3,24658,Petrol,Manual,5,1160
SUV,Major,4,49787,Hybrid,Automatic,5,28430
Electric Scooter,General,3,20685,EV,Automatic,5,530
Car,Major,11,162097,Petrol,Automatic,18,19340
Scooty,Major,8,38010,Petrol,Automatic,10,2060
Car,General,10,98861,Petrol,Automatic,15,5300
Car,Major,12,184023,Petrol,Manual,16,19260
SUV,General,3,36667,Hybrid,Manual,3,7090
Scooty,General,5,28058,Petrol,Automatic,9,510
SUV,Major,5,70682,Petrol,Automatic,7,16080
Car,Major,10,96251,Petrol,Automatic,13,16350
Car,Major,5,50101,Petrol,Automatic,9,10950
SUV,Major,2,43943,Diesel,Automatic,3,26500
Car,General,8,92041,Petrol,Automatic,15,5080
SUV,Major,2,22755,Diesel,Manual,3,17430
Scooty,Major,7,39762,Petrol,Automatic,13,1860
Car,Major,10,98696,Diesel,Manual,14,18270
Car,General,7,76199,Petrol,Manual,10,4320
Bike,General,7,63559,Petrol,Manual,11,1210
Car,Major,5,48828,EV,Automatic,6,11890
Scooty,General,10,51530,Petrol,Automatic,18,940
Bike,General,7,63750,Petrol,Manual,10,610
Bike,Repair,4,33097,Petrol,Manual,5,2380
Car,General,2,20839,Diesel,Manual,3,4360
SUV,Major,5,79542,Petrol,Manual,7,14580
SUV,General,7,112006,Diesel,Manual,9,11220
Electric Bike,General,1,8149,EV,Automatic,1,580
Scooty,General,13,64679,Petrol,Automatic,17,960
Scooty,General,4,19714,Petrol,Automatic,6,620
Car,General,5,76826,Diesel,Automatic,8,5900
Car,General,1,10510,Diesel,Manual,1,4610
SUV,Major,6,97509,Diesel,Automatic,10,27420
Electric Bike,General,2,12442,EV,Automatic,2,450
Car,Major,6,76828,Petrol,Manual,10,14680
SUV,General,8,128623,Diesel,Automatic,14,8460
Car,General,1,9151,Diesel,Automatic,1,6080
Car,General,4,45006,Petrol,Automatic,7,3670
Car,General,10,108107,EV,Automatic,13,4350
SUV,General,1,20313,Petrol,Manual,1,6560
Car,General,11,148155,Petrol,Manual,16,5160
Bike,General,3,23804,Petrol,Manual,4,580
Car,Major,10,134478,Petrol,Automatic,15,14230
Electric Scooter,General,2,12218,EV,Automatic,3,530
Car,General,4,41756,Hybrid,Automatic,7,5710
Car,Major,13,120188,Petrol,Manual,16,17900
Car,Major,2,30058,Diesel,Automatic,2,13490
SUV,General,7,123594,Diesel,Automatic,11,10900
Bike,General,10,81331,Petrol,Manual,13,920
Bike,Major,5,37278,Petrol,Manual,7,3490
Car,Repair,7,115819,Diesel,Automatic,13,26520
Bike,General,3,26236,Petrol,Manual,4,600
Bike,Repair,3,27764,Petrol,Automatic,3,2280
Car,Major,0,2217,EV,Automatic,0,7890
Scooty,Major,4,22058,Petrol,Automatic,6,1960
Car,General,9,89744,Petrol,Manual,14,4600
Bike,Major,8,64603,Petrol,Manual,15,2450
Scooty,General,5,26812,Petrol,Automatic,9,850
Bike,Major,7,59334,Petrol,Manual,9,3010
Car,General,4,44490,Petrol,Manual,6,3620
Scooty,Major,4,23778,Petrol,Automatic,5,1210
Car,General,8,88391,Petrol,Automatic,14,7060
Bike,General,3,22364,Petrol,Manual,5,800
Bike,Major,4,35782,Petrol,Manual,4,2370
SUV,General,5,89285,Petrol,Automatic,8,6490
Bike,General,3,27252,Petrol,Manual,5,870
Electric Bike,Major,1,6944,EV,Automatic,1,1840
SUV,Major,7,136804,Hybrid,Automatic,11,24850
Car,Major,4,33289,Petrol,Manual,5,12710
Electric Scooter,General,2,15190,EV,Automatic,2,560
Scooty,Major,3,18564,Petrol,Automatic,5,1340
Electric Scooter,Major,0,500,EV,Automatic,0,1630
Bike,General,7,36448,Petrol,Manual,9,660
SUV,General,9,172720,Diesel,Automatic,12,9920
SUV,General,11,133139,EV,Automatic,15,5920
SUV,General,10,136857,Petrol,Automatic,13,7370
Car,General,5,48090,Petrol,Manual,8,3600
Car,Repair,6,65461,Petrol,Automatic,7,13810
SUV,Repair,6,120270,Petrol,Manual,7,25060
Car,Repair,14,207949,Diesel,Manual,21,35880
SUV,General,10,138466,Diesel,Automatic,16,11340
Car,General,10,137672,Diesel,Manual,19,6460
Car,Major,9,118907,Petrol,Manual,14,14810
SUV,Repair,0,1000,Diesel,Manual,0,19150
Car,General,9,115890,Diesel,Manual,16,7460
Bike,General,7,62942,Petrol,Manual,10,830
Car,Repair,6,65049,Hybrid,Manual,10,13410
Car,General,2,23200,Diesel,Automatic,3,7190
Car,General,12,192653,EV,Automatic,18,5420
Scooty,Major,4,18970,Petrol,Automatic,7,2390
Bike,General,4,31276,Petrol,Manual,7,720
SUV,Major,3,43024,Diesel,Manual,4,24930
Car,Major,7,74598,Diesel,Automatic,11,13080
Car,Repair,2,21005,Diesel,Manual,3,12590
Bike,General,8,61650,Petrol,Manual,13,1030
Bike,Major,2,11894,Petrol,Manual,3,2510
Electric Scooter,Major,1,6793,EV,Automatic,1,1080
Car,General,12,118092,Petrol,Manual,15,5760
Car,General,2,29153,Petrol,Manual,3,3370
Car,General,6,79316,Petrol,Manual,10,5140
Scooty,General,11,64500,Petrol,Automatic,13,740
SUV,Repair,9,137413,Diesel,Automatic,16,47900
Car,General,7,84854,Hybrid,Automatic,13,6610
Bike,General,1,6716,Petrol,Manual,1,750
SUV,Major,7,103052,Petrol,Manual,12,24750
Car,General,11,140417,Diesel,Manual,14,4850
Car,General,6,57377,Diesel,Automatic,10,6590
Bike,Repair,8,63769,Petrol,Manual,12,4210
Electric Scooter,Major,2,14555,EV,Automatic,2,1410
Car,Repair,6,81652,Petrol,Manual,7,17230
Bike,General,2,17886,Petrol,Manual,3,770
Car,General,1,9028,Hybrid,Manual,1,3610
Bike,Major,4,40287,Petrol,Manual,5,2920
SUV,General,12,183204,Diesel,Manual,21,10890
Car,Major,8,101774,Petrol,Automatic,12,13310
SUV,Major,3,40281,Diesel,Automatic,4,25530
SUV,Repair,6,77104,Diesel,Automatic,11,37030
Bike,General,6,47948,Petrol,Manual,9,1070
Car,Major,6,58787,Petrol,Automatic,11,14300
Bike,General,6,45627,Petrol,Manual,7,730
Electric Scooter,Major,1,5807,EV,Automatic,1,1240
Bike,Major,11,87698,Petrol,Manual,16,3030
Electric Scooter,Major,3,20862,EV,Automatic,5,1510
SUV,Repair,13,176893,Hybrid,Automatic,17,61440
Scooty,General,7,54153,Petrol,Automatic,13,760
Scooty,Major,8,54275,Petrol,Automatic,15,2740
Bike,General,5,47503,Petrol,Manual,7,1110
Car,General,2,18926,Petrol,Automatic,3,4210
SUV,General,3,60919,Diesel,Automatic,4,8900
SUV,Major,4,51287,Diesel,Automatic,6,24990
Electric Scooter,General,1,5736,EV,Automatic,1,580
Bike,General,10,77199,Petrol,Manual,19,1130
Electric Bike,Major,4,36228,EV,Automatic,6,2190
SUV,Repair,7,121772,Petrol,Manual,11,28230
Bike,General,12,71279,Petrol,Manual,17,1200
SUV,General,12,235157,Hybrid,Automatic,19,9850
Bike,General,10,63811,Petrol,Manual,13,950
Car,General,3,47572,Diesel,Manual,4,4280
Car,General,8,120729,Petrol,Automatic,11,6370
Car,Repair,6,62135,Hybrid,Automatic,8,18960
SUV,General,3,45607,Diesel,Automatic,4,10930
Car,General,8,80425,Petrol,Manual,15,4320
Bike,General,9,57151,Petrol,Automatic,14,880
Scooty,General,7,37276,Petrol,Automatic,11,530
SUV,Major,3,41296,Petrol,Manual,5,17970
Car,Major,5,56332,Diesel,Manual,6,14820
SUV,General,7,91521,Diesel,Automatic,13,9460
Car,Repair,13,204009,Diesel,Automatic,23,36350
Scooty,General,6,40939,Petrol,Automatic,11,650
SUV,Major,2,33802,Diesel,Automatic,3,17220
Electric Scooter,General,3,12852,EV,Automatic,4,570
Car,General,5,65840,Petrol,Manual,8,5220
Car,General,3,40701,Petrol,Manual,4,5170
Scooty,Repair,3,19070,Petrol,Automatic,5,1740
Bike,General,3,24028,Petrol,Manual,5,1000
Car,General,13,171769,EV,Automatic,25,4600
Car,General,6,56298,Petrol,Automatic,7,5830
Car,General,2,27190,Petrol,Automatic,2,4640
Car,General,8,68793,Diesel,Automatic,14,4230
Bike,Repair,7,42517,Petrol,Automatic,11,3250
SUV,General,14,212550,Diesel,Manual,25,13200
Scooty,Major,9,73400,Petrol,Automatic,15,1620
Car,General,5,82615,Petrol,Manual,7,3780
Car,Major,5,75136,Petrol,Manual,9,9470
Bike,General,2,14517,Petrol,Manual,3,540
SUV,Repair,7,95496,Diesel,Manual,13,33460
Bike,General,1,9505,Petrol,Manual,1,750
SUV,Major,6,85280,EV,Automatic,10,18260
Scooty,Major,5,39241,Petrol,Automatic,9,1360
Electric Scooter,Repair,4,26079,EV,Automatic,6,2070
Electric Scooter,Major,4,16818,EV,Automatic,7,2080
Bike,General,3,30403,Petrol,Manual,4,1130
Car,General,7,69114,Diesel,Manual,12,6700
Bike,General,9,43960,Petrol,Automatic,16,900
SUV,General,9,171121,Petrol,Manual,10,6380
SUV,Major,5,69955,Petrol,Automatic,9,21570
SUV,General,1,19470,Petrol,Manual,1,5570
SUV,Major,8,123582,Diesel,Manual,13,23240
Scooty,General,7,55608,Petrol,Automatic,13,920
Scooty,General,10,79687,Petrol,Automatic,14,620
Bike,Repair,3,24703,Petrol,Manual,5,2810
SUV,General,7,81264,Diesel,Manual,10,9230
SUV,General,4,80816,Diesel,Manual,5,8510
Scooty,General,4,24718,Petrol,Automatic,7,520
SUV,Major,1,13726,Diesel,Automatic,1,21460
Bike,Repair,4,28902,Petrol,Manual,5,2320
Scooty,Major,4,21074,Petrol,Automatic,5,1480
Bike,Major,6,55689,Petrol,Manual,10,3370
SUV,Major,11,143515,Diesel,Automatic,16,25980
Scooty,Repair,6,46814,Petrol,Automatic,7,2060
Car,General,7,109995,Diesel,Manual,11,7170
Car,Major,7,100344,Diesel,Automatic,11,20160
Car,Major,12,102408,Petrol,Manual,15,16930
SUV,General,6,77673,Petrol,Manual,9,8080
Bike,Repair,8,58516,Petrol,Manual,15,3240
Bike,General,2,12748,Petrol,Manual,2,910
SUV,General,7,102440,Petrol,Manual,10,8370
Car,General,2,20418,Petrol,Manual,3,5130
Electric Bike,General,2,10251,EV,Automatic,3,690
Bike,General,12,117841,Petrol,Manual,22,720
Car,Major,2,31818,Petrol,Automatic,3,12060
Car,Repair,2,33663,Petrol,Manual,2,8680
Bike,General,5,39587,Petrol,Manual,7,660
Bike,General,7,42164,Petrol,Manual,12,700
SUV,General,5,98858,Diesel,Automatic,9,7810
SUV,Major,4,74699,Diesel,Manual,5,21450
Car,General,10,159868,Petrol,Automatic,12,4930
Car,General,9,103759,Petrol,Automatic,14,6650
Car,General,6,75567,Petrol,Automatic,11,4890
Electric Bike,General,4,36627,EV,Automatic,5,670
Car,General,2,20659,EV,Automatic,2,3290
Car,General,8,86247,Petrol,Manual,11,4630
SUV,General,7,77156,Petrol,Manual,12,9580
Car,General,8,91493,Petrol,Manual,12,4610
Scooty,Major,9,53195,Petrol,Automatic,15,2180
Bike,General,0,2070,Petrol,Manual,0,1200
Bike,General,14,123992,Petrol,Manual,25,700
Bike,Repair,6,31364,Petrol,Manual,10,3470
SUV,Major,8,132645,Petrol,Manual,13,20300
Electric Scooter,General,1,8623,EV,Automatic,1,760
Car,Major,5,49535,EV,Automatic,9,7620
Car,Major,12,140710,Petrol,Manual,16,16350
Electric Bike,General,2,12641,EV,Automatic,3,500
SUV,General,4,76867,Diesel,Manual,5,6470
Electric Scooter,General,2,14102,EV,Automatic,3,570
SUV,General,7,77476,EV,Automatic,13,5020
Car,Repair,3,41866,Diesel,Manual,4,12010
SUV,Repair,8,99621,Petrol,Manual,11,29480
SUV,General,8,87565,EV,Automatic,10,6570
Car,Major,4,44250,Diesel,Automatic,5,20470
SUV,Repair,8,99149,Diesel,Automatic,10,32240
Car,Major,8,93363,Petrol,Manual,9,12120
SUV,Repair,2,31058,Petrol,Manual,3,19520
Bike,Major,4,27302,Petrol,Automatic,6,3100
Car,Major,5,47281,Petrol,Automatic,8,14160
Car,General,4,41298,Petrol,Manual,7,5160
Car,General,12,170703,Diesel,Manual,17,7250
SUV,Major,3,31562,Hybrid,Manual,5,20450
Car,Repair,15,200273,EV,Automatic,25,18300
Car,Repair,11,97690,Petrol,Manual,18,18710
Car,Major,7,92118,Petrol,Automatic,13,12170
Car,Major,7,112340,Petrol,Manual,12,11570
Car,Major,5,71812,Petrol,Manual,6,14470
Bike,General,3,28038,Petrol,Automatic,4,550
Car,Repair,3,28996,Petrol,Automatic,5,14940
Electric Scooter,General,1,7940,EV,Automatic,1,600
Car,General,7,94496,Petrol,Manual,11,5150
Car,Major,6,55166,Petrol,Manual,8,11100
Car,General,5,63396,Diesel,Manual,8,5750
Car,General,13,181465,Petrol,Automatic,24,5070
Car,General,10,141590,EV,Automatic,12,3610
Electric Bike,Repair,2,16882,EV,Automatic,2,1280
Car,General,3,44042,Diesel,Automatic,4,6400
Car,General,4,61020,Petrol,Manual,7,3740
SUV,General,10,122792,Petrol,Manual,14,6400
Electric Bike,General,4,25169,EV,Automatic,5,900
Bike,General,3,26885,Petrol,Manual,5,950
SUV,Repair,8,100015,Diesel,Automatic,11,38890
Car,General,8,90786,Diesel,Automatic,15,5120
SUV,Major,5,99038,Petrol,Automatic,8,20240
Bike,General,4,24874,Petrol,Manual,5,730
Scooty,Major,3,17072,Petrol,Automatic,4,2310
Bike,Major,3,19672,Petrol,Manual,4,2050
Car,Major,3,22474,Diesel,Manual,4,10740
SUV,General,5,60229,Diesel,Automatic,8,10240
Electric Bike,Major,1,7073,EV,Automatic,1,1240
SUV,General,3,36926,Petrol,Manual,3,6860
Car,General,3,29985,Petrol,Manual,4,4870
Car,Major,6,93613,Petrol,Automatic,11,17080
Car,General,7,110301,Petrol,Automatic,13,3840
Scooty,General,8,39007,Petrol,Automatic,13,800
Car,Repair,9,119066,EV,Automatic,15,16270
Scooty,Repair,12,73304,Petrol,Automatic,14,4520
Bike,General,5,36770,Petrol,Manual,7,770
Car,Major,2,22575,Diesel,Manual,3,9390
SUV,General,5,59396,Petrol,Manual,7,5170
SUV,General,5,67460,Hybrid,Manual,7,7570
SUV,Repair,2,18628,Diesel,Automatic,3,25800
Car,General,7,54808,Petrol,Automatic,12,7100
Car,Major,1,7301,Petrol,Manual,1,10030
Car,General,12,134050,Hybrid,Manual,23,5000
SUV,Repair,6,59667,Hybrid,Manual,11,30620
Car,General,8,118216,Petrol,Manual,14,3750
Car,Major,4,57439,Diesel,Automatic,4,14400
Electric Bike,General,4,25105,EV,Automatic,5,520
SUV,General,4,68333,Diesel,Automatic,5,7900
SUV,Major,3,63994,Petrol,Automatic,5,19270
Electric Bike,General,0,1685,EV,Automatic,0,640
Car,General,2,21259,Hybrid,Automatic,2,6440
Car,Major,2,25575,Petrol,Automatic,3,14040
SUV,General,5,90155,Petrol,Automatic,8,8170
SUV,General,6,110863,EV,Automatic,10,5300
SUV,General,10,185189,Diesel,Manual,15,8780
SUV,General,8,149062,Diesel,Manual,14,9160
Scooty,General,5,27268,Petrol,Automatic,9,580
SUV,General,5,73834,Diesel,Automatic,9,8350
Car,General,3,34729,Diesel,Manual,5,5030
Car,General,6,82061,Petrol,Manual,8,3380
SUV,Major,8,138975,Hybrid,Automatic,13,24970
Electric Scooter,General,4,30143,EV,Automatic,6,520
SUV,Major,5,99540,Diesel,Manual,6,25970
Electric Scooter,General,0,1273,EV,Automatic,0,460
Car,General,10,140326,Petrol,Automatic,17,5350
Car,General,1,6494,Diesel,Manual,1,4640
Car,General,9,126827,Diesel,Automatic,16,6720
SUV,Repair,10,125148,Diesel,Automatic,14,38490
Car,General,10,84473,Diesel,Manual,12,4480
Scooty,Repair,4,24162,Petrol,Automatic,7,2270
Scooty,Repair,4,20051,Petrol,Automatic,5,2080
Bike,Major,3,28070,Petrol,Automatic,5,3050
Bike,General,11,68487,Petrol,Manual,15,1130
Scooty,General,8,51191,Petrol,Automatic,12,950
SUV,General,6,116122,EV,Automatic,11,4940
SUV,General,3,47068,Petrol,Automatic,5,6090
Scooty,Major,4,23964,Petrol,Automatic,4,1580
SUV,General,3,59091,Diesel,Automatic,4,9740
Bike,General,13,105261,Petrol,Manual,18,1350
Car,Repair,11,144800,Petrol,Manual,19,20040
Car,General,3,32116,Diesel,Manual,5,4370
SUV,Repair,1,8721,Diesel,Manual,1,16100
SUV,General,6,114471,Diesel,Automatic,8,7650
Scooty,General,6,36394,Petrol,Automatic,9,870
SUV,General,5,94550,Diesel,Automatic,7,10330
Bike,General,6,52859,Petrol,Automatic,8,920
Bike,Major,9,53314,Petrol,Manual,15,3760
Scooty,General,5,22027,Petrol,Automatic,9,560
Car,Repair,4,55612,Petrol,Automatic,6,12850
Bike,Major,3,15679,Petrol,Manual,3,2560
Car,Major,7,60517,Petrol,Automatic,13,11360
Car,General,5,47195,Hybrid,Automatic,9,5410
Car,General,1,16145,Petrol,Manual,1,5420
Car,General,8,72088,EV,Automatic,11,3850
Electric Bike,Repair,3,17926,EV,Automatic,5,2290
Scooty,Major,8,48705,Petrol,Automatic,15,2400
Car,Major,4,57115,Diesel,Manual,5,12620
Car,General,6,84268,Diesel,Manual,10,4830
Bike,Major,5,40159,Petrol,Manual,7,2530
SUV,General,4,52823,Diesel,Automatic,5,11460
SUV,General,8,119620,Diesel,Automatic,12,8920
Scooty,Major,7,31883,Petrol,Automatic,11,1590
Bike,General,0,2650,Petrol,Manual,0,1090
Bike,General,2,20990,Petrol,Manual,3,770
Bike,General,9,77966,Petrol,Manual,17,630
Car,General,7,104351,Diesel,Automatic,11,7100
Car,Major,3,40563,Petrol,Automatic,3,15490
SUV,General,7,130214,Hybrid,Automatic,9,9470
Bike,Repair,3,29801,Petrol,Manual,3,2530
Car,General,12,127927,Petrol,Manual,20,3940
Car,General,4,60489,Petrol,Manual,6,3480
Car,General,11,104501,Petrol,Automatic,18,6710
SUV,General,9,157830,Petrol,Automatic,15,10770
Car,General,13,188444,Petrol,Automatic,18,6570
SUV,Major,12,228750,Petrol,Automatic,16,27970
SUV,Major,6,72214,Diesel,Manual,10,22050
Electric Scooter,General,3,19698,EV,Automatic,4,690
Car,Repair,5,66508,Petrol,Manual,9,11090
Bike,General,8,54132,Petrol,Manual,13,1260
Electric Scooter,General,3,19825,EV,Automatic,4,710
Scooty,Repair,2,9970,Petrol,Automatic,2,1220
Car,Repair,7,104672,Diesel,Manual,9,15820
Electric Bike,General,1,7643,EV,Automatic,1,790
Car,General,2,22054,Diesel,Manual,3,4570
Car,Major,4,34554,Diesel,Manual,6,11500
Bike,Major,10,101635,Petrol,Manual,12,1950
Bike,General,5,34067,Petrol,Manual,6,910
Bike,Major,3,20034,Petrol,Manual,3,1530
Bike,General,6,54385,Petrol,Manual,8,580
SUV,General,2,25565,Diesel,Automatic,2,10500
Car,General,4,57087,Diesel,Automatic,6,5870
SUV,General,10,144340,Diesel,Automatic,16,9850
Bike,Major,5,32351,Petrol,Automatic,7,3350
SUV,General,3,48083,Diesel,Manual,4,10670
Car,Major,6,55048,EV,Automatic,8,9940
Electric Bike,General,2,13663,EV,Automatic,3,630
Electric Scooter,Major,1,5205,EV,Automatic,1,950
Scooty,Major,8,36333,Petrol,Automatic,10,2020
SUV,General,8,132019,Petrol,Manual,10,7430
Car,Major,3,44002,Diesel,Automatic,4,16380
Electric Scooter,Major,1,7487,EV,Automatic,1,1410
Scooty,General,7,54435,Petrol,Automatic,12,860
Bike,General,5,33604,Petrol,Manual,6,920
Car,Major,6,54881,Diesel,Manual,10,19120
Bike,General,4,27506,Petrol,Manual,6,1170
Car,Major,12,171562,EV,Automatic,19,15260
Car,General,11,111985,Diesel,Manual,18,4520
Car,General,6,77264,Petrol,Manual,8,4120
Car,General,14,194835,Petrol,Manual,20,5160
Bike,Repair,5,48452,Petrol,Manual,9,2550
SUV,Repair,0,5963,Diesel,Manual,0,20860
Car,General,11,97132,Petrol,Automatic,18,4660
Car,General,6,66221,Petrol,Manual,8,4560
Scooty,General,7,44457,Petrol,Automatic,10,480
Scooty,General,3,12695,Petrol,Automatic,4,580
Car,Repair,10,95909,Petrol,Manual,18,20210
Bike,Major,8,52739,Petrol,Manual,12,1830
Scooty,General,3,19403,Petrol,Automatic,4,530
Bike,General,7,35201,Petrol,Manual,11,650
Car,General,6,65503,Hybrid,Automatic,11,7280
SUV,Major,7,109764,Diesel,Automatic,13,21110
Electric Scooter,Repair,0,1171,EV,Automatic,0,1350
SUV,Major,4,46498,Diesel,Automatic,4,26290
SUV,General,3,38351,Diesel,Manual,5,10760
Car,General,4,43177,EV,Automatic,5,3910
Electric Scooter,Major,3,17825,EV,Automatic,4,1240
Bike,General,10,97652,Petrol,Manual,16,1050
Bike,General,2,18766,Petrol,Manual,2,1130
Electric Scooter,General,0,500,EV,Automatic,0,450
Scooty,General,4,20097,Petrol,Automatic,7,910
Bike,Major,11,84937,Petrol,Manual,17,4340
Bike,Major,10,53903,Petrol,Manual,19,3000
Car,General,9,122292,Petrol,Manual,14,4030
Car,General,3,36312,Petrol,Automatic,3,5310
Bike,General,4,37147,Petrol,Manual,6,620
Car,General,1,14715,Petrol,Manual,1,2980
Car,General,9,137540,Diesel,Manual,12,6890
Car,General,8,73738,Diesel,Manual,14,7190
Bike,General,7,51549,Petrol,Manual,12,820
Bike,General,1,7687,Petrol,Manual,1,970
Scooty,Major,4,18763,Petrol,Automatic,4,1880
SUV,General,6,101229,Diesel,Automatic,7,8380
Scooty,Major,4,25933,Petrol,Automatic,7,1670
Car,General,4,35040,Diesel,Manual,5,4590
Car,Major,12,152256,Hybrid,Automatic,16,18460
SUV,General,6,83282,Petrol,Automatic,8,9590
Scooty,General,7,40233,Petrol,Automatic,9,930
Bike,General,7,50201,Petrol,Manual,11,770
SUV,General,11,212113,Petrol,Manual,18,7910
Scooty,General,9,51768,Petrol,Automatic,13,580
Car,Major,7,74215,Petrol,Manual,13,12920
Electric Bike,General,2,13973,EV,Automatic,2,510
Car,Major,8,106871,EV,Automatic,14,11980
Scooty,General,5,31608,Petrol,Automatic,9,440
Car,General,7,83675,EV,Automatic,11,4470
Car,General,9,122099,Petrol,Automatic,17,5350
SUV,General,5,58488,Hybrid,Manual,6,7210
Car,General,8,123611,Petrol,Automatic,12,5400
Car,Major,10,118479,Petrol,Manual,15,12310
Scooty,General,6,32608,Petrol,Automatic,8,950
Car,General,2,24706,Petrol,Manual,3,4320
SUV,General,1,13112,Hybrid,Manual,1,8760
Scooty,General,10,57097,Petrol,Automatic,17,560
Car,General,4,38503,Petrol,Manual,5,3980
Car,General,10,96475,Diesel,Automatic,16,8550
Car,General,11,145320,Petrol,Automatic,18,4940
Car,Major,3,37000,Petrol,Manual,5,9460
Bike,Major,4,34889,Petrol,Manual,5,3210
Bike,General,6,43812,Petrol,Manual,10,1080
SUV,General,7,74009,Petrol,Manual,12,7070
Bike,Repair,4,29369,Petrol,Automatic,7,3450
Bike,General,3,18272,Petrol,Manual,5,750
Bike,Major,1,7537,Petrol,Manual,1,1570
SUV,Major,1,18065,Diesel,Automatic,1,21330
SUV,Major,8,131849,Diesel,Automatic,15,25530
Car,Repair,11,109506,Petrol,Automatic,16,20140
Car,General,6,85637,Diesel,Automatic,11,8000
Car,Major,7,105050,Petrol,Manual,10,12950
SUV,Major,8,99125,EV,Automatic,13,14300
Car,Repair,13,192205,Diesel,Manual,17,28340
Car,General,0,800,Petrol,Manual,0,3500
Bike,Major,3,28515,Petrol,Manual,5,2390
SUV,General,5,89729,Petrol,Automatic,9,8400
Electric Scooter,General,1,7101,EV,Automatic,1,410
Car,Repair,2,29263,Petrol,Manual,3,10120
Car,Repair,9,108563,Petrol,Manual,14,12870
Scooty,General,8,34966,Petrol,Automatic,11,610
Car,Major,15,188992,Petrol,Manual,28,15670
SUV,Repair,3,57578,Diesel,Automatic,5,26930
Electric Scooter,Major,2,8405,EV,Automatic,2,1150
Bike,General,6,44986,Petrol,Manual,11,990
Car,Major,4,62591,Petrol,Manual,7,10410
Scooty,Repair,4,27044,Petrol,Automatic,5,2230
Car,General,9,116299,EV,Automatic,16,3740
Car,Major,8,88250,Petrol,Automatic,10,16650
SUV,General,7,86171,Petrol,Automatic,13,8480
Car,General,4,48800,Petrol,Automatic,5,5450
SUV,General,7,130545,Petrol,Automatic,9,8330
Electric Bike,General,3,19647,EV,Automatic,5,630
Car,Major,5,66533,Petrol,Automatic,7,16850
Car,General,3,45344,Diesel,Manual,5,4540
SUV,General,10,177056,Diesel,Manual,13,12330
Car,Major,10,116802,Petrol,Manual,19,17220
Bike,Major,5,39470,Petrol,Manual,6,2890
SUV,General,2,19601,Hybrid,Manual,3,5560
Car,Repair,8,93483,Hybrid,Automatic,13,17940
Car,General,4,50445,Petrol,Automatic,5,4400
SUV,Major,3,46748,Diesel,Manual,4,26460
Car,General,8,69222,Petrol,Automatic,10,5800
Car,Major,6,92338,Petrol,Manual,10,13690
Electric Scooter,Major,0,1090,EV,Automatic,0,1540
SUV,Repair,4,53173,Petrol,Automatic,6,19860
Car,General,15,192507,Diesel,Automatic,28,9190
Bike,General,10,65951,Petrol,Automatic,15,990
Scooty,Repair,9,36566,Petrol,Automatic,16,2800
Electric Scooter,Major,2,8920,EV,Automatic,3,1970
SUV,Repair,5,95460,Petrol,Automatic,8,22690
SUV,Major,5,73322,Diesel,Manual,8,18120
Bike,General,10,54864,Petrol,Manual,15,1110
SUV,General,5,56029,Petrol,Manual,7,5580
SUV,General,2,24138,Diesel,Manual,2,10210
SUV,Major,7,74628,Petrol,Automatic,12,26590
Scooty,Repair,3,20991,Petrol,Automatic,5,1490
Car,General,1,15590,EV,Automatic,1,3390
Scooty,General,8,55879,Petrol,Automatic,14,960
SUV,General,8,124965,Diesel,Automatic,14,8690
Car,General,6,57819,Petrol,Manual,8,4870
Scooty,General,5,36281,Petrol,Automatic,6,470
Car,Major,2,25094,Petrol,Manual,3,9530
Car,General,1,12112,Diesel,Manual,1,4070
SUV,General,7,142533,Petrol,Manual,9,7680
Car,Repair,6,71974,EV,Automatic,8,12790
Bike,Major,4,40361,Petrol,Manual,5,2510
Bike,Major,4,33590,Petrol,Manual,7,1620
SUV,General,5,84208,Diesel,Automatic,8,8230
Bike,General,5,48319,Petrol,Manual,6,1080
Car,General,3,27330,Petrol,Automatic,4,4650
Scooty,General,7,47121,Petrol,Automatic,11,650
Car,General,12,145830,Diesel,Automatic,21,6260
SUV,General,8,90117,Diesel,Manual,14,8850
Car,General,2,18337,Petrol,Manual,2,4330
Car,General,3,40223,Petrol,Manual,5,4040
Car,General,7,85015,Petrol,Manual,11,5430
Car,General,11,129143,Petrol,Automatic,13,6080
SUV,Major,6,68814,Diesel,Automatic,7,28070
Electric Scooter,Major,3,15742,EV,Automatic,3,1030
Car,General,4,38363,Diesel,Manual,5,4860
Bike,Major,6,44620,Petrol,Automatic,8,2390
Car,Major,8,103186,Petrol,Manual,11,12940
Bike,General,3,27844,Petrol,Manual,3,680
Bike,General,11,76467,Petrol,Manual,18,1080
Electric Scooter,Major,4,25244,EV,Automatic,4,1460
SUV,Major,4,76106,Diesel,Automatic,5,28700
SUV,Major,6,92950,Diesel,Automatic,11,28130
Electric Bike,General,1,6413,EV,Automatic,1,510
Car,General,12,161723,Petrol,Manual,19,4290
Scooty,Major,8,38398,Petrol,Automatic,13,2380
Bike,Major,2,16819,Petrol,Manual,3,2370
Car,Major,7,83671,Petrol,Automatic,12,12180
Car,Major,6,69351,EV,Automatic,10,8770
Electric Bike,Major,4,33067,EV,Automatic,6,1660
Electric Bike,Repair,2,14615,EV,Automatic,3,1510
SUV,Major,4,65298,Diesel,Manual,5,27710
Car,Major,8,75718,Diesel,Automatic,11,22460
Bike,General,10,94752,Petrol,Manual,19,1260
Car,General,4,43266,Diesel,Manual,7,5060
Scooty,Major,1,2754,Petrol,Automatic,1,1760
SUV,Major,4,65594,Diesel,Automatic,7,27510
Car,Repair,3,25816,Petrol,Automatic,5,12000
Car,Repair,5,75678,Diesel,Automatic,9,22060
Electric Bike,General,2,15983,EV,Automatic,2,790
SUV,Major,14,258096,Diesel,Automatic,27,31740
Car,Major,2,33331,Diesel,Manual,3,12900
Car,General,14,166998,Petrol,Manual,21,3800
Scooty,Repair,10,68898,Petrol,Automatic,17,2150
Scooty,General,2,16580,Petrol,Automatic,2,520
Bike,General,4,40098,Petrol,Manual,7,1100
Car,Major,4,30449,Petrol,Automatic,5,11480
SUV,General,7,131258,Petrol,Automatic,8,6680
Car,General,3,42900,EV,Automatic,5,3670
Car,Major,2,35138,Diesel,Manual,2,10200
Bike,General,2,11414,Petrol,Manual,2,1110
SUV,General,5,55640,Petrol,Manual,6,5470
Car,General,6,68952,Petrol,Manual,9,3880
Electric Bike,General,2,15365,EV,Automatic,2,660
Car,General,10,99404,Diesel,Automatic,15,6380
Bike,General,1,8847,Petrol,Manual,1,580
Scooty,Major,2,10942,Petrol,Automatic,3,2130
Car,Repair,8,69151,Petrol,Automatic,15,15130
Car,General,5,65987,Diesel,Manual,8,5180
Car,Major,7,79949,Petrol,Manual,12,11220
SUV,Major,7,110042,Diesel,Automatic,13,24800
Car,Major,2,28032,Petrol,Automatic,2,12070
Car,General,5,74313,Petrol,Manual,6,3800
Car,Major,8,90741,Diesel,Manual,15,16890
Scooty,Repair,3,14411,Petrol,Automatic,4,1980
SUV,Repair,2,28469,Diesel,Manual,3,24510
Electric Scooter,General,1,5125,EV,Automatic,1,560
Car,General,2,25004,Diesel,Automatic,3,6070
SUV,General,6,83930,Diesel,Automatic,10,9080
Car,General,7,103859,Petrol,Automatic,12,4150
Car,General,6,70991,Petrol,Automatic,8,4640
Bike,General,3,29974,Petrol,Manual,4,880
SUV,Major,0,1000,Petrol,Automatic,0,20800
Electric Scooter,General,4,16547,EV,Automatic,7,640
SUV,Major,2,31098,Petrol,Manual,3,19130
Car,General,6,77450,Diesel,Manual,7,5850
Bike,General,9,57803,Petrol,Manual,17,920
Car,Repair,7,55900,Hybrid,Manual,9,17740
Bike,Major,11,94490,Petrol,Manual,13,2300
Car,General,8,89149,Diesel,Automatic,13,7940
Car,Major,8,121002,Diesel,Automatic,15,18360
Car,Major,4,61684,Diesel,Manual,5,12370
Bike,Repair,4,37265,Petrol,Manual,7,2200
SUV,Major,6,96882,Petrol,Automatic,10,23120
Car,General,6,83399,Hybrid,Automatic,11,6950
SUV,Major,5,90522,Petrol,Automatic,6,24170
Car,General,6,78370,Diesel,Manual,10,4960
Electric Scooter,General,4,21332,EV,Automatic,4,450
Car,Major,6,90245,Petrol,Manual,9,12350
Car,Repair,7,84563,EV,Automatic,10,9450
Scooty,General,8,58441,Petrol,Automatic,15,730
Scooty,Major,4,23289,Petrol,Automatic,6,1120
Car,General,12,180572,Diesel,Automatic,22,8730
Electric Scooter,General,3,24942,EV,Automatic,5,640
Scooty,General,7,47992,Petrol,Automatic,8,470
Car,General,3,45444,Petrol,Automatic,5,4130
Car,General,3,29720,Diesel,Manual,5,5460
Scooty,General,8,40269,Petrol,Automatic,13,720
Electric Bike,General,4,24535,EV,Automatic,7,760
SUV,General,2,37951,Petrol,Manual,2,8190
SUV,General,3,55726,Diesel,Manual,5,6960
Car,General,6,71396,Petrol,Automatic,8,6220
SUV,Major,4,55237,Hybrid,Automatic,5,17750
SUV,Major,6,88559,Diesel,Automatic,9,20060
SUV,Major,0,5059,Diesel,Manual,0,13480
SUV,General,7,114730,Diesel,Automatic,12,9460
Bike,General,7,40147,Petrol,Manual,8,720
SUV,General,9,92636,Petrol,Manual,11,5510
Electric Scooter,General,3,17222,EV,Automatic,5,710
SUV,Major,6,103870,Petrol,Automatic,7,21910
Car,Repair,6,93099,Hybrid,Manual,10,20530
Bike,Repair,1,6727,Petrol,Automatic,1,1280
Electric Scooter,General,3,19007,EV,Automatic,4,720
Car,General,7,82551,Petrol,Manual,10,5380
Electric Scooter,Major,3,20092,EV,Automatic,3,1200
Bike,Repair,4,26864,Petrol,Automatic,7,2270
Car,Major,5,61763,Petrol,Automatic,8,16520
Car,General,9,77019,Petrol,Manual,10,4440
Bike,Major,5,26335,Petrol,Manual,8,1830
Bike,Repair,7,37759,Petrol,Manual,11,4230
Electric Scooter,General,2,14105,EV,Automatic,2,480
Car,Major,3,39201,Petrol,Manual,5,11590
Car,General,6,62393,Petrol,Manual,11,4170
SUV,Repair,1,11214,Diesel,Manual,1,13190
Car,General,12,143408,Diesel,Automatic,19,6630
Bike,General,8,49840,Petrol,Manual,15,960
Car,Repair,8,73834,Petrol,Manual,13,11800
Electric Bike,Major,3,24556,EV,Automatic,5,2160
SUV,Major,2,42420,Petrol,Automatic,3,21820
Scooty,General,8,37455,Petrol,Automatic,14,840
Bike,General,4,34554,Petrol,Manual,5,990
Car,Repair,13,198012,Petrol,Automatic,20,30800
Scooty,General,5,39896,Petrol,Automatic,8,810
Car,General,4,55294,Petrol,Manual,7,4440
Electric Scooter,Major,0,500,EV,Automatic,0,1270
Car,General,0,4692,Diesel,Automatic,0,4490
Car,Repair,6,92243,Petrol,Manual,10,12220
SUV,Major,8,103961,Petrol,Manual,10,16230
Electric Scooter,General,3,16763,EV,Automatic,4,540
Scooty,General,6,27426,Petrol,Automatic,10,650
Scooty,General,9,62647,Petrol,Automatic,16,600
Car,General,10,119480,Petrol,Manual,19,4410
SUV,Major,2,34991,Diesel,Manual,2,19410
Car,Major,12,164580,Diesel,Automatic,17,20720
SUV,General,3,36823,Diesel,Automatic,5,10240
Scooty,Repair,10,54390,Petrol,Automatic,12,3560
Scooty,General,9,68510,Petrol,Automatic,16,510
Electric Scooter,General,1,6931,EV,Automatic,1,560
Car,General,4,53896,Petrol,Manual,4,4260
Bike,General,5,39321,Petrol,Automatic,9,1040
Car,General,7,88587,Petrol,Automatic,11,6180
Electric Scooter,Major,2,13300,EV,Automatic,3,1030
Electric Scooter,General,2,14857,EV,Automatic,3,610
Car,General,2,25718,Petrol,Manual,3,4450
Scooty,Major,8,57783,Petrol,Automatic,11,2460
SUV,Major,10,105657,EV,Automatic,15,21100
Car,General,7,88032,Diesel,Manual,11,4850
Car,General,10,147573,Petrol,Manual,18,5190
Car,General,9,130010,Diesel,Manual,17,4820
Car,Major,2,26579,Petrol,Manual,2,10880
Car,General,4,53598,Diesel,Automatic,5,7180
Car,General,13,154563,Petrol,Automatic,20,5690
Car,Major,5,76282,Petrol,Automatic,6,14760
Car,General,6,74575,Diesel,Manual,10,5760
Car,Major,3,24475,Hybrid,Manual,5,13540
Bike,General,6,31621,Petrol,Manual,9,830
SUV,Major,13,202994,Petrol,Automatic,19,22940
SUV,General,4,67162,Petrol,Manual,7,9150
Scooty,Major,5,30582,Petrol,Automatic,8,1790
Scooty,General,5,34270,Petrol,Automatic,9,460
Bike,General,6,46706,Petrol,Manual,11,1160
SUV,Repair,1,14913,Hybrid,Automatic,1,16820
SUV,Major,5,68652,Diesel,Manual,8,22890
Car,General,4,33727,Diesel,Manual,7,4450
Car,General,2,22305,Hybrid,Manual,3,4180
Electric Scooter,General,1,3574,EV,Automatic,1,360
Car,General,6,78439,EV,Automatic,9,4140
Scooty,General,9,67374,Petrol,Automatic,14,960
Car,Major,15,172877,Diesel,Manual,19,20710
Bike,Repair,8,60885,Petrol,Manual,11,2320
Car,General,4,46175,Hybrid,Automatic,6,4760
Car,Repair,11,95010,Petrol,Manual,19,14000
Car,General,14,166526,Hybrid,Manual,18,5150
Car,Major,9,98169,Hybrid,Manual,15,16390
Car,General,12,162585,EV,Automatic,23,5330
Car,Major,13,198925,Petrol,Automatic,23,14700
Car,Repair,9,114794,Petrol,Manual,16,16770
SUV,General,5,56222,Hybrid,Manual,7,7200
SUV,General,3,56275,Diesel,Manual,5,10170
Car,Major,11,166285,Diesel,Automatic,16,18660
SUV,Major,12,241409,Hybrid,Automatic,19,23900
Car,Major,1,8505,Hybrid,Automatic,1,14140
Bike,Major,4,26282,Petrol,Automatic,7,3180
Bike,General,4,25777,Petrol,Automatic,5,660
Scooty,General,3,17611,Petrol,Automatic,3,510
Bike,General,6,34517,Petrol,Manual,10,960
Electric Bike,General,1,7876,EV,Automatic,1,460
Car,Repair,3,26929,Diesel,Automatic,4,15160
Scooty,General,8,40058,Petrol,Automatic,13,770
SUV,General,4,60456,Diesel,Automatic,7,11240
Electric Scooter,Repair,1,5967,EV,Automatic,1,1170
SUV,General,4,53595,Diesel,Manual,5,9040
Scooty,General,7,40496,Petrol,Automatic,13,640
Electric Scooter,General,3,22642,EV,Automatic,4,440
SUV,General,11,181190,Diesel,Manual,13,9000
Car,Major,6,65987,Diesel,Automatic,11,14330
Scooty,Major,4,28575,Petrol,Automatic,5,1910
Scooty,General,3,20337,Petrol,Automatic,3,710
Car,Major,5,52660,Petrol,Automatic,6,17050
Car,General,5,52749,Petrol,Automatic,7,5770
Scooty,Major,6,43983,Petrol,Automatic,8,1440
Car,General,2,21818,Diesel,Manual,3,4260
SUV,General,4,78363,Diesel,Manual,5,9320
SUV,General,3,56202,Diesel,Automatic,4,7410
Car,General,6,96833,EV,Automatic,9,4560
Car,General,5,76469,EV,Automatic,8,3670
Car,Repair,12,125232,EV,Automatic,19,17660
SUV,Major,4,59730,Petrol,Automatic,7,21430
Car,General,0,3393,Hybrid,Automatic,0,3420
Bike,General,7,36651,Petrol,Manual,12,930
SUV,General,1,11553,Diesel,Manual,1,7890
Car,General,4,48078,Petrol,Manual,6,5090
Car,Major,6,96735,Petrol,Manual,11,12660
SUV,General,10,134398,Petrol,Manual,16,6290
Car,Major,1,17863,Hybrid,Manual,1,9370
Bike,General,8,43147,Petrol,Manual,15,630
Bike,Major,5,34124,Petrol,Manual,8,3250
Car,General,7,92289,Petrol,Automatic,11,5010
SUV,Repair,4,63324,Diesel,Manual,6,28330
Scooty,Repair,9,39001,Petrol,Automatic,17,2770
Car,Major,6,77521,EV,Automatic,9,12460
Car,Major,11,101269,Petrol,Manual,13,13060
Car,Major,4,48916,Diesel,Automatic,7,17970
Electric Bike,Major,3,15805,EV,Automatic,3,2090
Car,Major,4,46527,Hybrid,Manual,6,14090
Car,General,2,28474,Diesel,Manual,2,5020
Car,Repair,6,49704,Diesel,Manual,7,12780
Scooty,General,6,25453,Petrol,Automatic,8,540
Car,General,5,54049,Petrol,Manual,6,4500
Car,Repair,8,125760,Diesel,Automatic,14,28880
SUV,Repair,7,74760,Diesel,Manual,13,27210
Car,General,12,174905,Diesel,Manual,22,7870
SUV,Major,3,37392,Diesel,Manual,4,21410
Bike,General,1,10537,Petrol,Manual,1,780
Car,General,5,43100,EV,Automatic,8,3020
Scooty,Major,12,50609,Petrol,Automatic,20,1910
Bike,Major,7,54522,Petrol,Manual,9,3180
Scooty,General,6,33505,Petrol,Automatic,7,770
Bike,Repair,4,31828,Petrol,Manual,6,3160
Bike,General,3,21955,Petrol,Manual,4,620
Car,General,2,30252,Petrol,Manual,2,4330
SUV,Major,6,73926,Diesel,Automatic,7,28030
Car,General,10,140713,Diesel,Manual,14,7560
SUV,General,9,160928,Petrol,Manual,15,6090
SUV,Major,3,40543,Petrol,Automatic,3,20900
Scooty,General,6,35929,Petrol,Automatic,8,490
Bike,Major,8,56358,Petrol,Manual,15,2310
SUV,Major,5,96480,Diesel,Manual,7,24680
Car,General,7,91254,Diesel,Automatic,13,6320
Electric Scooter,General,1,8658,EV,Automatic,1,630
Scooty,General,3,22170,Petrol,Automatic,3,840
SUV,Major,12,144655,Petrol,Manual,14,21030
Electric Bike,Repair,1,5719,EV,Automatic,1,1120
SUV,Major,8,148816,Diesel,Automatic,13,25250
Bike,General,11,89100,Petrol,Automatic,17,1210
Car,Major,3,45198,Petrol,Automatic,5,11820
Electric Scooter,General,4,21507,EV,Automatic,7,830
Car,General,5,48902,Petrol,Manual,7,3430
Car,General,6,67514,Petrol,Manual,10,3770
Car,Major,3,35124,Diesel,Manual,5,11320
Car,Major,8,93772,Petrol,Manual,14,11550
Bike,Major,2,22479,Petrol,Manual,3,1300
Scooty,General,2,9373,Petrol,Automatic,3,490
Car,General,6,69969,EV,Automatic,8,3660
SUV,General,13,194354,Diesel,Automatic,22,9660
SUV,Major,1,22043,Petrol,Automatic,1,13170
Electric Bike,Major,2,12162,EV,Automatic,3,2220
Scooty,Repair,10,40092,Petrol,Automatic,12,3650
Bike,General,10,51133,Petrol,Manual,12,880
Car,General,6,54412,Hybrid,Manual,10,4550
Bike,General,2,10970,Petrol,Manual,3,550
Electric Bike,General,1,7428,EV,Automatic,1,420
Bike,Major,9,67904,Petrol,Manual,17,3230
Bike,General,11,103337,Petrol,Manual,15,670
SUV,General,9,100395,Petrol,Manual,17,9100
Electric Scooter,Major,2,15246,EV,Automatic,3,1080
SUV,General,7,128084,Diesel,Manual,12,11100
Car,General,0,800,Petrol,Automatic,0,4950
Scooty,General,8,52991,Petrol,Automatic,12,730
Bike,Major,8,43462,Petrol,Manual,10,3020
Car,Major,10,88954,Diesel,Manual,18,19360
Car,General,11,164120,Hybrid,Manual,19,4450
Electric Scooter,Major,1,4439,EV,Automatic,1,1820
SUV,Major,2,25842,Diesel,Manual,3,16370
Bike,General,6,39485,Petrol,Manual,9,940
Scooty,General,3,17226,Petrol,Automatic,5,950
Car,General,5,68246,Petrol,Manual,9,4490
Bike,General,5,26592,Petrol,Manual,6,800
SUV,General,5,57718,EV,Automatic,8,6080
Bike,General,4,23316,Petrol,Manual,7,890
SUV,General,3,36570,Petrol,Automatic,4,7200
Bike,Repair,8,77030,Petrol,Manual,9,4160
Scooty,Repair,2,9735,Petrol,Automatic,3,1590
Car,Major,5,66806,EV,Automatic,6,8390
SUV,General,2,42823,Hybrid,Manual,2,6250
Car,Major,4,49418,Petrol,Manual,7,11510
SUV,General,1,25307,Petrol,Automatic,1,8100
SUV,General,7,98269,Diesel,Manual,12,8620
Scooty,Major,7,37692,Petrol,Automatic,11,2220
SUV,Major,7,87198,Petrol,Manual,9,14920
Car,General,9,75856,Petrol,Manual,13,3910
Scooty,General,6,30442,Petrol,Automatic,11,520
Electric Scooter,Repair,3,19743,EV,Automatic,5,1360
Car,General,7,101414,Petrol,Automatic,12,5980
Scooty,General,4,21234,Petrol,Automatic,6,580
Car,Repair,6,68496,Petrol,Manual,8,12660
Car,Repair,3,27337,Diesel,Manual,5,11800
Car,Repair,8,87636,EV,Automatic,15,13080
Bike,General,0,911,Petrol,Manual,0,620
Car,General,13,111227,Petrol,Automatic,20,5300
Car,General,5,68088,Petrol,Manual,7,3940
Car,General,13,113009,Diesel,Automatic,20,7010
Scooty,General,5,37924,Petrol,Automatic,6,710
Car,General,12,162880,EV,Automatic,16,4770
SUV,General,10,118219,Diesel,Manual,14,11920
Scooty,General,9,45279,Petrol,Automatic,16,910
SUV,Repair,2,41668,Diesel,Manual,2,20760
SUV,General,8,146103,Diesel,Manual,10,10080
Car,General,7,108084,EV,Automatic,9,4080
Car,General,2,29770,Petrol,Automatic,3,5310
Car,General,3,41283,Diesel,Manual,3,4840
Car,Repair,7,87772,Petrol,Automatic,10,17610
Bike,General,3,20528,Petrol,Manual,3,860
SUV,Repair,9,165088,Diesel,Automatic,17,39830
Car,General,12,181616,Petrol,Manual,17,5640
Electric Bike,Major,0,1945,EV,Automatic,0,1470
Bike,General,4,29726,Petrol,Manual,5,890
Car,Repair,5,80240,Diesel,Manual,9,19360
Scooty,General,7,42546,Petrol,Automatic,11,580
Electric Scooter,General,1,7686,EV,Automatic,1,750
Car,Repair,13,179936,Diesel,Manual,17,27300
Car,Major,12,115479,Petrol,Manual,18,14670
Scooty,General,5,33815,Petrol,Automatic,8,590
Car,Major,6,72693,Petrol,Manual,11,14790
Electric Bike,General,0,1090,EV,Automatic,0,520
Car,General,4,56841,Diesel,Automatic,7,4980
Car,General,3,50014,Petrol,Manual,4,4550
Car,General,3,25624,Diesel,Manual,5,5000
Car,Repair,3,48329,Petrol,Manual,4,10220
Bike,Major,8,47810,Petrol,Manual,15,2510
Car,General,6,53627,Petrol,Manual,10,5810
Car,General,7,73883,Diesel,Automatic,10,5290
Bike,Major,2,18312,Petrol,Manual,2,2570
Bike,General,8,41822,Petrol,Manual,10,1380
SUV,General,7,132437,EV,Automatic,10,5350
Car,Major,5,71259,Petrol,Automatic,6,13060
SUV,General,3,43861,Diesel,Manual,3,10310
Electric Bike,Repair,2,10754,EV,Automatic,2,1910
SUV,General,3,59921,Petrol,Automatic,4,9880
Scooty,Major,3,13483,Petrol,Automatic,4,1690
SUV,Major,8,147845,Petrol,Automatic,12,25500
Car,Major,1,19369,Petrol,Manual,1,8380
SUV,General,4,58301,Diesel,Manual,5,8370
Bike,General,12,117366,Petrol,Manual,22,1230
Electric Bike,Major,2,16990,EV,Automatic,3,1480
Car,General,0,800,Diesel,Manual,0,5580
Car,General,7,102489,Petrol,Automatic,11,5250
Bike,General,8,43345,Petrol,Manual,13,950
Scooty,Major,4,25569,Petrol,Automatic,5,2020
Car,Repair,14,177830,Hybrid,Automatic,20,32870
Electric Scooter,General,2,9215,EV,Automatic,3,790
Car,General,2,29552,EV,Automatic,3,2710
Car,Major,7,71131,Diesel,Automatic,9,14030
Electric Bike,Repair,2,13727,EV,Automatic,2,1870
Scooty,Major,9,60011,Petrol,Automatic,16,2890
Car,Repair,3,35112,Diesel,Manual,4,12630
SUV,Repair,1,8747,Petrol,Automatic,1,16640
Car,General,14,158097,EV,Automatic,21,5350
Bike,Repair,2,16755,Petrol,Manual,3,1400
Car,Repair,12,110213,Petrol,Manual,20,21050
Electric Scooter,General,2,11956,EV,Automatic,3,490
Car,General,6,57224,Petrol,Automatic,9,5910
Car,Major,8,85511,Petrol,Automatic,15,12240
Electric Bike,Major,0,500,EV,Automatic,0,1780
SUV,General,8,146032,EV,Automatic,12,7260
Car,General,7,65880,Petrol,Manual,10,5470
Scooty,General,3,20437,Petrol,Automatic,4,990
Car,General,3,28549,Hybrid,Manual,4,4560
SUV,General,4,40549,Petrol,Automatic,5,7550
Car,General,9,87879,Diesel,Manual,16,5140
SUV,Major,4,57385,Diesel,Manual,5,23350
Scooty,General,3,18358,Petrol,Automatic,4,690
Scooty,Major,2,11231,Petrol,Automatic,3,1350
Car,General,7,76598,Diesel,Manual,11,4620
Bike,Major,4,21301,Petrol,Manual,7,1710
SUV,Repair,5,78265,Petrol,Automatic,8,25360
Bike,General,4,22250,Petrol,Automatic,6,920
Scooty,General,5,21117,Petrol,Automatic,8,750
Bike,General,4,35994,Petrol,Automatic,6,1100
Bike,General,1,7273,Petrol,Manual,1,1060
Car,General,3,42564,EV,Automatic,4,4220
Bike,Major,9,49093,Petrol,Manual,16,3200
Bike,Repair,2,15884,Petrol,Manual,2,2740
Car,General,7,72812,Petrol,Manual,10,5590
Electric Scooter,General,1,3969,EV,Automatic,1,670
SUV,General,5,60987,Diesel,Automatic,7,9900
SUV,Repair,7,75070,Petrol,Manual,11,17190
SUV,General,9,144469,Diesel,Manual,15,7840
Scooty,General,3,14895,Petrol,Automatic,5,670
Car,General,6,81308,Diesel,Manual,11,7230
Car,General,7,86863,Petrol,Automatic,9,6470
Scooty,Repair,6,44978,Petrol,Automatic,9,3050
Bike,General,5,28977,Petrol,Manual,9,1030
Electric Bike,Repair,4,29681,EV,Automatic,5,1570
Car,General,4,58865,Petrol,Manual,7,5190
SUV,Major,4,63968,Diesel,Manual,6,25120
Scooty,Major,8,34868,Petrol,Automatic,10,1610
Bike,Major,3,26282,Petrol,Manual,3,2780
Scooty,Major,6,43734,Petrol,Automatic,8,2130
Car,General,8,107168,Diesel,Automatic,11,7740
Car,Major,3,33141,Petrol,Automatic,5,11490
Car,Major,4,60217,Petrol,Automatic,5,13790
Bike,General,6,44368,Petrol,Manual,8,810
Car,General,2,19541,Diesel,Manual,2,4700
Scooty,General,4,31805,Petrol,Automatic,6,650
Bike,General,3,22399,Petrol,Manual,4,730
Car,Repair,8,67139,Diesel,Manual,13,20170
Electric Bike,General,2,13369,EV,Automatic,2,680
Car,General,11,99413,EV,Automatic,14,4780
SUV,General,5,93281,Hybrid,Manual,9,10120
Bike,General,8,67384,Petrol,Manual,12,1130
Car,General,0,2863,Petrol,Manual,0,3880
Scooty,Major,3,22035,Petrol,Automatic,5,1990
Car,Major,14,129629,Diesel,Manual,21,22310
SUV,Major,3,57223,Diesel,Manual,5,26210
SUV,Repair,8,92725,Diesel,Automatic,10,36370
Bike,General,8,48223,Petrol,Automatic,10,730
Car,Repair,2,25170,Petrol,Manual,3,10190
SUV,General,4,69559,Diesel,Manual,7,5950
Car,Repair,7,79031,Petrol,Automatic,12,15360
Car,General,13,195733,Petrol,Automatic,16,6500
Bike,Major,10,72518,Petrol,Manual,18,2940
SUV,General,9,126065,Diesel,Automatic,14,9820
Car,Major,9,114115,Petrol,Automatic,15,15660
SUV,General,5,50825,Petrol,Automatic,9,10680
Car,General,2,21277,EV,Automatic,2,3590
Car,General,5,54135,Diesel,Manual,6,4470
Car,Major,7,65572,Petrol,Manual,8,11660
SUV,General,3,40759,Diesel,Automatic,5,7710
Car,Major,5,60564,Diesel,Manual,7,17800
Electric Scooter,Major,1,7166,EV,Automatic,1,1620
Bike,Major,3,18117,Petrol,Manual,4,1460
SUV,General,4,52503,Petrol,Manual,6,7070
Bike,General,4,39308,Petrol,Manual,5,1090
Scooty,Repair,4,24242,Petrol,Automatic,5,2530
Bike,Major,6,34675,Petrol,Manual,9,2680
Car,Major,4,35694,Diesel,Manual,6,11110
Car,General,11,120446,Petrol,Manual,18,5740
Car,General,5,80329,Petrol,Automatic,8,5240
Scooty,General,11,44875,Petrol,Automatic,17,900
SUV,Major,13,256310,Diesel,Automatic,24,43620
SUV,Major,4,62384,Diesel,Manual,5,24140
Electric Scooter,Major,1,6991,EV,Automatic,1,870
Car,Major,5,74099,Petrol,Automatic,8,16110
Bike,General,7,41988,Petrol,Manual,10,750
Car,General,6,76553,Petrol,Manual,8,4910
Car,Major,12,185657,Petrol,Automatic,22,15210
SUV,Major,3,45430,Diesel,Manual,4,16510
Bike,General,11,59298,Petrol,Automatic,13,1080
SUV,General,6,102914,Diesel,Automatic,10,10190
SUV,General,7,90558,Diesel,Manual,8,10720
Car,General,8,126777,Petrol,Manual,11,3750
Scooty,Repair,6,41267,Petrol,Automatic,7,2750
Bike,Repair,8,63587,Petrol,Manual,11,3510
Scooty,General,9,54357,Petrol,Automatic,13,600
SUV,General,9,98696,Petrol,Manual,11,7800
Car,General,4,47102,Petrol,Manual,6,4020
Electric Scooter,General,0,500,EV,Automatic,0,490
Bike,General,8,80026,Petrol,Manual,10,1380
Bike,Major,6,45955,Petrol,Manual,9,3070
Car,General,12,161398,Petrol,Automatic,22,4900
Bike,General,2,20490,Petrol,Manual,3,1170
Scooty,General,8,51160,Petrol,Automatic,15,1030
Car,General,2,22785,Petrol,Manual,2,4380
Electric Scooter,Major,1,9456,EV,Automatic,1,1060
Bike,Major,4,36427,Petrol,Automatic,7,2890
Car,General,8,85388,Petrol,Automatic,12,4820
SUV,General,8,100320,Petrol,Manual,10,10040
Electric Bike,Major,1,6161,EV,Automatic,1,1200
Car,General,5,50489,Petrol,Manual,9,4140
Bike,Major,12,113778,Petrol,Manual,16,3780
Electric Bike,Major,2,16285,EV,Automatic,3,1760
Electric Bike,General,1,9884,EV,Automatic,1,560
Bike,General,7,49145,Petrol,Manual,11,1000
Bike,Major,5,31017,Petrol,Manual,9,2910
SUV,General,5,77840,Petrol,Automatic,8,6500
Car,General,7,68223,Petrol,Manual,12,4770
Bike,Major,3,27004,Petrol,Manual,4,1920
Bike,General,4,34790,Petrol,Manual,7,910
SUV,General,3,60189,Hybrid,Automatic,5,8630
Bike,General,6,43609,Petrol,Manual,8,570
Car,General,2,18332,EV,Automatic,2,4310
Car,Repair,7,106783,EV,Automatic,9,13360
Scooty,General,5,35393,Petrol,Automatic,7,510
Car,General,3,23112,Petrol,Automatic,3,5940
Car,Major,11,103743,Petrol,Automatic,19,14800
Car,General,3,37039,Diesel,Manual,4,4880
SUV,General,3,60497,Diesel,Automatic,4,9420
Car,General,2,27965,Diesel,Automatic,3,6320
Car,General,5,54781,Diesel,Manual,6,5430
SUV,General,5,60955,Petrol,Automatic,7,7520
SUV,Repair,4,57367,Diesel,Manual,5,24890
Bike,Major,5,35473,Petrol,Manual,8,1690
Car,General,1,7787,Diesel,Automatic,1,5110
SUV,General,7,109801,EV,Automatic,12,6740
Bike,General,7,58092,Petrol,Manual,9,1060
Car,Repair,9,121255,Diesel,Manual,17,20000
Electric Scooter,Major,3,22639,EV,Automatic,4,1350
Bike,Repair,8,47439,Petrol,Manual,10,2440
SUV,General,4,60437,Diesel,Manual,5,9220
Car,General,11,91332,Petrol,Automatic,13,4990
Bike,Major,5,40251,Petrol,Manual,7,2460
SUV,General,4,80453,EV,Automatic,4,4050
Car,General,14,169137,Petrol,Automatic,27,5390
Car,Repair,10,123111,Diesel,Manual,16,26710
Car,Repair,3,40177,EV,Automatic,4,10380
SUV,General,7,132302,Petrol,Manual,10,8780
Electric Scooter,Major,2,14301,EV,Automatic,2,1230
SUV,General,2,35154,Petrol,Automatic,3,8810
Bike,Major,7,60090,Petrol,Automatic,10,2610
Bike,General,7,46424,Petrol,Manual,9,1010
Bike,General,11,92567,Petrol,Manual,13,1080
SUV,General,4,74778,EV,Automatic,5,7020
SUV,Repair,9,161017,Hybrid,Manual,11,40300
Car,Repair,12,169077,Diesel,Manual,18,29440
Car,General,3,31347,Diesel,Manual,5,6040
SUV,Repair,7,133924,Diesel,Manual,10,32850
Bike,Repair,4,24973,Petrol,Manual,5,2050
Scooty,Major,6,44649,Petrol,Automatic,11,2400
Electric Scooter,General,2,15332,EV,Automatic,2,570
SUV,General,5,94814,Diesel,Automatic,7,7600
Car,General,5,58807,Petrol,Manual,6,4860
Scooty,Repair,6,44436,Petrol,Automatic,10,3280
Scooty,General,5,22553,Petrol,Automatic,6,770
Scooty,General,6,38843,Petrol,Automatic,7,440
Car,General,7,109449,EV,Automatic,11,3790
SUV,General,3,64289,Diesel,Manual,5,5880
SUV,General,4,68095,Petrol,Manual,4,7560
SUV,General,10,130479,Petrol,Automatic,18,6640
Car,General,5,74500,Diesel,Automatic,6,6820
Car,Major,7,75600,Petrol,Automatic,12,14290
Car,General,13,172259,Petrol,Automatic,16,6520
Bike,Major,12,67714,Petrol,Manual,14,2900
Car,General,7,64084,Diesel,Manual,11,6570
Bike,Major,7,54152,Petrol,Manual,11,2550
Electric Scooter,General,4,30610,EV,Automatic,6,590
Bike,General,4,29839,Petrol,Manual,6,740
Electric Bike,General,2,16350,EV,Automatic,3,560
Bike,Major,3,18133,Petrol,Automatic,3,3060
SUV,Major,7,109154,Diesel,Automatic,10,26870
SUV,Repair,5,76777,Petrol,Manual,7,23150
Car,General,3,36687,Petrol,Manual,4,5060
Car,General,7,90721,Diesel,Manual,9,5390
Bike,General,5,31432,Petrol,Automatic,6,1020
SUV,General,2,30657,Petrol,Automatic,2,7000
Car,General,5,62417,Petrol,Manual,6,5540
Bike,General,5,38516,Petrol,Manual,8,580
Electric Bike,Repair,2,13751,EV,Automatic,3,1700
Car,General,8,74317,Diesel,Manual,11,6070
Car,General,11,102155,Petrol,Automatic,17,6590
Bike,General,3,23801,Petrol,Manual,4,630
SUV,Major,4,49005,Petrol,Automatic,7,19720
SUV,General,5,72354,Diesel,Automatic,6,7970
Bike,Repair,11,75631,Petrol,Manual,13,5510
Electric Bike,General,1,8211,EV,Automatic,1,580
Car,Major,8,73724,Petrol,Manual,12,15120
SUV,Repair,12,165184,Petrol,Manual,23,27980
Scooty,General,8,40073,Petrol,Automatic,9,660
SUV,Repair,1,9043,Petrol,Manual,1,13030
SUV,General,11,134119,Petrol,Automatic,17,8320
SUV,General,5,97114,Diesel,Automatic,7,10600
Scooty,General,6,44609,Petrol,Automatic,10,820
Car,General,13,180117,Petrol,Automatic,23,5050
SUV,General,4,75701,Diesel,Automatic,5,8640
Car,General,3,32516,Petrol,Manual,4,3850
Scooty,Major,10,48346,Petrol,Automatic,19,2150
Car,General,12,139446,Petrol,Manual,15,4450
SUV,General,6,76551,Petrol,Automatic,8,9070
SUV,General,8,109210,Diesel,Manual,14,9070
Car,Major,5,55254,Diesel,Automatic,9,18700
Bike,General,2,13833,Petrol,Manual,3,1010
Car,General,9,109213,Petrol,Manual,10,3600
Car,General,3,47518,Petrol,Manual,5,4010
Bike,General,9,51148,Petrol,Manual,16,890
Bike,General,4,29137,Petrol,Manual,5,1040
SUV,General,5,67783,Diesel,Automatic,8,12630
Car,Repair,7,86665,Petrol,Manual,13,16060
Car,General,3,29868,Petrol,Manual,5,4040
SUV,Repair,2,42304,Diesel,Manual,2,26830
SUV,General,3,38644,Diesel,Manual,4,9820
Bike,Repair,10,53888,Petrol,Manual,14,5080
Electric Scooter,General,2,8880,EV,Automatic,2,590
SUV,Major,9,130480,Diesel,Automatic,15,31620
SUV,Major,4,45400,Diesel,Manual,4,18310
Scooty,Major,7,31057,Petrol,Automatic,9,2620
Car,General,5,54230,Petrol,Manual,9,4380
Car,General,5,80722,EV,Automatic,8,3790
SUV,General,4,62745,Diesel,Automatic,4,8770
Car,General,1,14727,Petrol,Manual,1,2890
Bike,General,5,43745,Petrol,Manual,8,1300
Bike,General,3,28043,Petrol,Manual,5,580
Electric Bike,General,3,25693,EV,Automatic,4,480
Scooty,General,8,51058,Petrol,Automatic,14,740
Bike,Repair,8,53904,Petrol,Manual,12,3660
Car,General,4,52804,Petrol,Manual,4,5110
Electric Scooter,General,3,19241,EV,Automatic,5,390
Car,Major,6,93251,Diesel,Manual,7,13480
Car,General,5,52584,EV,Automatic,6,3620
Car,General,8,89912,Petrol,Automatic,13,5490
Bike,General,4,28498,Petrol,Manual,6,1180
Bike,Repair,2,15563,Petrol,Manual,3,2140
SUV,Major,1,18644,Diesel,Manual,1,14130
Bike,General,5,33857,Petrol,Manual,7,610
Car,General,7,79010,Hybrid,Manual,12,5640
Electric Scooter,Major,2,10341,EV,Automatic,3,1720
Car,Major,8,103389,Hybrid,Manual,14,17170
Car,Major,8,74302,Petrol,Manual,14,15240
SUV,General,3,40424,Petrol,Automatic,3,8150
Bike,Repair,11,72238,Petrol,Automatic,17,4180
Car,General,9,106442,Hybrid,Manual,13,4470
Bike,Major,7,58518,Petrol,Manual,11,3160
Bike,General,6,35075,Petrol,Manual,7,1070
Car,General,5,69940,Diesel,Manual,8,5310
Car,General,2,24788,Diesel,Automatic,3,6090
Bike,Major,5,27837,Petrol,Automatic,9,2540
Electric Scooter,General,2,13359,EV,Automatic,3,710
Electric Bike,General,0,1577,EV,Automatic,0,800
Bike,General,3,19662,Petrol,Manual,4,790
Car,Major,5,59353,Petrol,Automatic,8,10560
Car,Repair,7,103709,Petrol,Manual,10,11500
Scooty,Major,7,37612,Petrol,Automatic,12,1780
Car,Major,2,25835,Diesel,Manual,3,11630
Car,General,9,105244,Petrol,Automatic,11,4420
Car,Major,12,125608,Petrol,Automatic,14,19840
Bike,Repair,7,61560,Petrol,Manual,9,3740
Car,General,6,63985,Petrol,Manual,10,5050
Bike,General,4,25421,Petrol,Manual,6,1090
Scooty,General,7,39977,Petrol,Automatic,13,610
SUV,General,3,59655,Diesel,Manual,5,7610
Car,General,6,84146,Petrol,Automatic,8,6170
Bike,Major,9,63626,Petrol,Manual,13,2360
SUV,General,2,24181,Petrol,Automatic,2,7270
Scooty,General,3,12271,Petrol,Automatic,5,650
Electric Scooter,General,0,644,EV,Automatic,0,760
Car,General,4,41746,Petrol,Automatic,7,6370
Car,General,7,71237,Diesel,Manual,10,5790
Car,Repair,10,110230,Petrol,Manual,12,20100
Bike,General,2,11109,Petrol,Manual,3,740
Scooty,Repair,4,21582,Petrol,Automatic,5,1240
Bike,Major,4,37861,Petrol,Manual,6,2670
Bike,Major,5,50224,Petrol,Manual,8,3150
Electric Bike,General,2,15379,EV,Automatic,2,730
Car,General,12,144267,Petrol,Automatic,21,7050
SUV,General,4,41793,Diesel,Manual,6,9060
Bike,General,11,107040,Petrol,Manual,14,630
Car,Repair,5,68498,Petrol,Automatic,8,11960
Bike,General,4,35486,Petrol,Manual,5,920
Car,General,5,72900,Hybrid,Manual,8,3930
Car,General,5,78614,EV,Automatic,7,4300
SUV,General,3,53213,Diesel,Manual,5,9840
Bike,General,3,26378,Petrol,Automatic,4,870
Scooty,Repair,6,27398,Petrol,Automatic,11,1660
Car,General,7,63103,Petrol,Manual,10,5950
SUV,General,3,36194,Diesel,Manual,4,9410
Car,General,7,107539,Petrol,Manual,10,4750
Car,Major,4,64234,Diesel,Automatic,6,15200
Bike,Major,1,9035,Petrol,Automatic,1,1980
Car,General,11,139848,EV,Automatic,14,3430
SUV,General,7,117503,EV,Automatic,11,5020
Bike,Major,5,35733,Petrol,Manual,8,1720
SUV,Major,9,164489,Petrol,Manual,13,24280
Car,Major,1,12218,Hybrid,Manual,1,9520
Car,General,7,93740,Hybrid,Manual,8,5310
Scooty,General,6,36039,Petrol,Automatic,10,550
Electric Bike,Repair,3,19030,EV,Automatic,4,1560
Car,Major,2,26519,EV,Automatic,3,9230
SUV,General,3,60993,Diesel,Manual,5,6590
Car,General,8,126170,Petrol,Automatic,12,5470
Scooty,Major,5,33680,Petrol,Automatic,9,1300
Car,General,1,17923,Petrol,Manual,1,4110
Car,Repair,5,76603,Petrol,Manual,8,12740
Car,General,11,98298,Petrol,Manual,19,4840
SUV,Major,2,24810,Petrol,Manual,3,12030
Bike,General,5,34520,Petrol,Automatic,6,810
Bike,Major,3,17595,Petrol,Manual,5,1710
Car,General,5,65423,Hybrid,Manual,7,5530
Electric Bike,Major,1,9995,EV,Automatic,1,1420
Scooty,Major,8,54124,Petrol,Automatic,14,2100
Bike,General,5,29749,Petrol,Manual,6,1150
Car,General,11,110927,Diesel,Manual,20,5730
SUV,Repair,4,72063,Diesel,Automatic,6,36330
SUV,General,2,42477,Diesel,Automatic,3,10050
SUV,General,3,38361,Diesel,Manual,4,6980
Electric Bike,General,2,14746,EV,Automatic,3,480
SUV,General,5,80917,Diesel,Manual,8,9420
SUV,General,3,54875,Petrol,Automatic,4,7060
Car,Repair,6,88078,Petrol,Automatic,9,13420
SUV,General,4,45954,Diesel,Automatic,4,6850
SUV,General,3,62387,Diesel,Automatic,5,11110
Bike,General,5,46173,Petrol,Manual,6,640
Bike,General,6,33217,Petrol,Manual,9,990
Bike,General,2,12765,Petrol,Manual,2,750
Bike,Major,6,54582,Petrol,Manual,8,3310
Car,General,6,49018,Petrol,Manual,9,4230
Scooty,General,2,12136,Petrol,Automatic,3,780
SUV,Major,0,5910,Diesel,Automatic,0,23840
Car,General,2,31077,Diesel,Manual,3,5840
Scooty,Major,6,28187,Petrol,Automatic,10,1880
SUV,Major,4,60468,EV,Automatic,6,10970
Bike,General,1,7731,Petrol,Manual,1,910
SUV,General,5,82364,Diesel,Automatic,6,10040
Electric Scooter,Repair,3,17411,EV,Automatic,4,1620
Car,General,4,47491,Petrol,Manual,5,3200
Bike,Major,4,24490,Petrol,Automatic,7,1900
Car,Major,3,34286,Diesel,Manual,5,13370
Scooty,Repair,4,26805,Petrol,Automatic,7,2530
SUV,Repair,13,211000,Petrol,Manual,17,47930
Scooty,Repair,4,32552,Petrol,Automatic,5,1720
SUV,Repair,7,97165,Petrol,Manual,10,25020
Bike,General,2,16396,Petrol,Manual,2,980
Scooty,General,2,6924,Petrol,Automatic,2,530
Car,Major,3,32102,Diesel,Automatic,5,12580
Car,Major,5,50894,Petrol,Automatic,6,12810
Bike,Major,4,35524,Petrol,Automatic,6,2250
SUV,General,3,41187,Diesel,Manual,4,6630
Car,Major,11,156470,Petrol,Automatic,19,16110
Bike,General,5,39835,Petrol,Manual,8,580
SUV,General,6,104365,Diesel,Automatic,11,10690
Car,General,13,109023,Petrol,Manual,25,5250
SUV,General,4,57340,Diesel,Manual,5,7770
Scooty,Major,1,5605,Petrol,Automatic,1,2060
Scooty,Major,6,36079,Petrol,Automatic,10,2360
Car,Major,1,17488,Petrol,Automatic,1,12320
Car,Repair,4,52000,Petrol,Automatic,7,15600
Car,General,8,109832,Diesel,Automatic,10,6670
Bike,General,5,41368,Petrol,Automatic,8,680
Bike,General,11,62939,Petrol,Automatic,18,720
Car,General,8,110808,Petrol,Manual,11,4390
Car,General,7,94379,Diesel,Automatic,11,6360
Scooty,Repair,2,13621,Petrol,Automatic,3,1490
SUV,Repair,3,41483,Petrol,Manual,5,15030
Electric Bike,General,1,7614,EV,Automatic,1,800
Car,General,11,148227,Petrol,Automatic,16,5060
SUV,General,2,37165,Diesel,Automatic,2,8360
Scooty,General,1,4334,Petrol,Automatic,1,860
Car,Repair,4,38843,Petrol,Manual,6,8480
SUV,Repair,12,149305,Petrol,Automatic,19,32560
Car,General,8,90167,Petrol,Manual,12,5160
Scooty,General,6,36915,Petrol,Automatic,10,940
Electric Scooter,Major,1,7990,EV,Automatic,1,1070
Scooty,Repair,6,46809,Petrol,Automatic,7,2400
Scooty,General,5,39439,Petrol,Automatic,9,700
Car,General,6,59271,Petrol,Manual,11,3640
Car,Repair,8,119557,Diesel,Automatic,11,27290
Bike,Major,6,45471,Petrol,Manual,7,2350
Bike,General,3,23535,Petrol,Manual,5,1160
Bike,General,7,48738,Petrol,Manual,11,980
Car,Repair,4,48037,Diesel,Manual,6,11700
Electric Bike,General,2,10368,EV,Automatic,3,690
SUV,Repair,6,93036,Petrol,Manual,11,21410
Bike,Major,6,35066,Petrol,Automatic,11,3030
Scooty,General,0,500,Petrol,Automatic,0,540
SUV,General,4,60190,Petrol,Automatic,6,9070
Bike,Major,3,20784,Petrol,Automatic,5,2440
Car,Major,5,40972,Petrol,Automatic,8,10960
Car,Major,4,47702,Diesel,Manual,7,10660
Electric Scooter,General,1,4844,EV,Automatic,1,810
Electric Scooter,General,2,13243,EV,Automatic,2,370
Car,Repair,4,60510,Petrol,Manual,6,15170
Electric Scooter,Major,1,9134,EV,Automatic,1,970
Car,General,12,161023,Diesel,Manual,17,5920
Car,Major,5,41074,Diesel,Automatic,9,15240
Bike,General,3,21437,Petrol,Manual,3,840
Car,Major,11,126011,Petrol,Automatic,19,15930
Scooty,General,11,54178,Petrol,Automatic,18,800
Car,Major,5,69174,Diesel,Automatic,8,13960
Scooty,Major,6,29581,Petrol,Automatic,10,1470
Car,General,13,137346,Diesel,Automatic,20,8150
Car,General,9,94007,Petrol,Automatic,16,5980
SUV,Major,10,165688,EV,Automatic,13,22630
Car,General,8,69310,Diesel,Automatic,10,6090
Electric Scooter,Major,2,9901,EV,Automatic,3,1190
Scooty,Repair,2,11053,Petrol,Automatic,3,1630
Bike,Repair,9,83362,Petrol,Manual,15,3030
Scooty,General,7,48949,Petrol,Automatic,10,580
Car,General,7,95772,Petrol,Automatic,8,5760
Bike,Major,5,51446,Petrol,Manual,7,1550
SUV,Major,8,85135,Petrol,Manual,13,25070
Car,Major,8,89180,Petrol,Manual,15,16210
Bike,Major,13,85128,Petrol,Manual,25,4080
SUV,General,4,65141,Diesel,Manual,5,7960
Car,General,4,45003,Diesel,Manual,7,6350
Electric Bike,General,1,5085,EV,Automatic,1,710
SUV,General,5,71352,Diesel,Manual,9,8770
Electric Bike,Major,1,4864,EV,Automatic,1,1790
SUV,Major,2,35837,Diesel,Manual,3,19280
SUV,Repair,7,75902,Diesel,Automatic,11,31430
Bike,Major,6,45367,Petrol,Manual,8,2130
SUV,General,7,89569,Hybrid,Manual,10,6630
SUV,General,2,44069,Petrol,Manual,3,7760
Car,Major,9,140496,Petrol,Manual,17,14230
Car,General,3,45501,Petrol,Manual,3,4000
Bike,Major,6,29680,Petrol,Manual,11,3240
SUV,Major,3,44807,Diesel,Automatic,4,27780
Car,Major,2,22935,Petrol,Automatic,2,10590
Electric Scooter,General,0,500,EV,Automatic,0,720
Car,General,11,98273,Petrol,Manual,21,5670
Scooty,General,3,21067,Petrol,Automatic,5,530
Car,Major,7,62853,Petrol,Automatic,10,13460
Car,Major,4,38838,Petrol,Manual,5,13840
Car,General,8,72781,Petrol,Manual,13,4900
SUV,General,0,1000,Diesel,Manual,0,7750
Car,General,4,39239,Petrol,Automatic,4,5810
Electric Scooter,General,2,10833,EV,Automatic,2,600
Bike,General,8,53066,Petrol,Manual,15,1210
Bike,General,4,33310,Petrol,Automatic,7,870
Car,General,12,183517,Diesel,Manual,17,5230
Car,General,8,85029,Petrol,Manual,14,4970
Car,Major,10,131826,Petrol,Automatic,19,16380
Car,Repair,11,180332,Hybrid,Manual,17,24010
Car,General,12,145340,Diesel,Automatic,20,6760
Car,Major,4,57742,Hybrid,Automatic,5,12200
Car,General,6,93732,Diesel,Manual,9,4520
Car,General,6,88366,EV,Automatic,8,3980
Scooty,Repair,7,29332,Petrol,Automatic,13,2020
Electric Scooter,General,3,20781,EV,Automatic,5,710
Bike,Major,6,29472,Petrol,Manual,8,1660
Electric Scooter,General,1,7421,EV,Automatic,1,700
SUV,General,13,167200,Diesel,Manual,18,12150
SUV,Major,8,96220,Diesel,Automatic,12,34390
Bike,Repair,6,57650,Petrol,Manual,10,2400
Scooty,General,4,22262,Petrol,Automatic,6,690
Car,General,6,88525,Petrol,Automatic,7,5160
Bike,General,2,17093,Petrol,Manual,2,1080
Bike,General,3,15571,Petrol,Manual,4,980
SUV,Major,12,134685,Diesel,Automatic,21,42750
Car,Major,6,73751,Petrol,Manual,10,13980
SUV,General,4,63048,Diesel,Manual,5,7810
Bike,Major,6,52217,Petrol,Automatic,10,3650
Bike,General,9,52252,Petrol,Manual,16,890
SUV,Major,10,154254,Diesel,Automatic,16,37380
Car,Major,11,153475,Diesel,Manual,19,14860
SUV,General,11,141703,Diesel,Automatic,20,13470
Bike,General,9,82460,Petrol,Automatic,13,1390
Bike,Major,8,68835,Petrol,Manual,14,2670
Car,Major,7,88749,Petrol,Manual,10,9690
Bike,Repair,6,33638,Petrol,Automatic,10,3450
Car,General,9,126484,Diesel,Automatic,17,8410
Scooty,General,4,22720,Petrol,Automatic,7,980
SUV,General,3,46280,Petrol,Manual,5,7620
Bike,Repair,10,78341,Petrol,Manual,12,4750
SUV,Repair,4,46846,Diesel,Manual,6,24530
Car,General,9,77620,Petrol,Automatic,13,4440
SUV,General,7,113587,Diesel,Manual,9,8760
Bike,General,3,24162,Petrol,Manual,4,800
SUV,Major,5,63978,Diesel,Manual,9,20250
Scooty,General,11,77324,Petrol,Automatic,21,810
Bike,General,6,33149,Petrol,Automatic,11,890
SUV,Major,6,62799,Diesel,Manual,9,22840
Bike,Major,5,47879,Petrol,Manual,7,2300
SUV,Major,9,128438,Petrol,Manual,12,20020
Bike,Major,4,19215,Petrol,Manual,7,3160
Scooty,Major,3,19414,Petrol,Automatic,5,1180
SUV,General,3,48694,Diesel,Manual,4,9690
Car,Major,3,28162,Diesel,Automatic,5,16240
Car,General,2,30976,Petrol,Manual,3,4750
SUV,General,9,103405,EV,Automatic,12,5080
Electric Scooter,Major,0,740,EV,Automatic,0,1380
Car,Repair,9,85142,Petrol,Manual,16,16740
SUV,Major,10,189217,Diesel,Automatic,12,27030
Bike,General,11,94111,Petrol,Manual,19,960
Scooty,Major,11,50210,Petrol,Automatic,20,1520
Car,General,10,142560,Petrol,Automatic,13,5690
Car,General,6,90010,Diesel,Automatic,8,5890
Car,General,6,71745,Hybrid,Automatic,7,4740
Car,General,4,37608,EV,Automatic,5,3580
Scooty,Repair,5,35660,Petrol,Automatic,6,2210
Scooty,General,5,23831,Petrol,Automatic,8,650
Car,General,3,30621,Hybrid,Manual,4,5110
Scooty,Repair,8,52016,Petrol,Automatic,14,3720
Car,Repair,14,124397,Diesel,Automatic,23,36020
SUV,Major,3,58355,EV,Automatic,5,14540
Bike,General,9,64281,Petrol,Manual,16,880
Car,General,6,71197,Petrol,Automatic,7,6290
SUV,Major,8,94538,Diesel,Automatic,14,27990
Car,Major,5,50617,Petrol,Manual,9,9860
Car,General,5,42686,Petrol,Manual,9,3950
Scooty,General,7,31757,Petrol,Automatic,12,760
Scooty,General,10,75019,Petrol,Automatic,13,830
SUV,General,1,18691,Diesel,Automatic,1,8400
SUV,General,14,196217,Petrol,Manual,21,10050
Car,General,9,141119,Petrol,Automatic,16,7070
SUV,Repair,1,15529,Petrol,Automatic,1,20150
Car,Repair,3,32276,Petrol,Automatic,4,11300
Electric Scooter,General,2,13258,EV,Automatic,3,500
Electric Bike,General,3,22295,EV,Automatic,5,760
SUV,General,9,141109,Petrol,Manual,15,6550
Car,General,13,195695,Diesel,Automatic,20,9580
Bike,Major,3,24728,Petrol,Manual,4,2260
Scooty,General,4,33546,Petrol,Automatic,7,1000
Car,General,2,17066,Petrol,Manual,2,4090
Electric Scooter,Major,4,30015,EV,Automatic,6,1880
SUV,General,3,57187,Petrol,Automatic,5,7530
Car,General,12,159918,Diesel,Manual,18,5120
Bike,Major,2,17990,Petrol,Manual,3,2390
Scooty,General,4,21602,Petrol,Automatic,7,920
Scooty,General,10,48207,Petrol,Automatic,13,840
Bike,General,5,50367,Petrol,Manual,9,1220
SUV,General,4,58296,EV,Automatic,6,4350
Car,General,14,116044,Petrol,Manual,27,4910
Scooty,General,8,46291,Petrol,Automatic,14,590
Car,Major,8,82820,Petrol,Automatic,10,18040
SUV,Repair,4,60471,Hybrid,Automatic,7,24450
Scooty,General,5,25939,Petrol,Automatic,6,620
Electric Bike,General,3,20191,EV,Automatic,4,700
Car,General,10,81454,Petrol,Automatic,19,5320
Car,Repair,2,22831,Hybrid,Manual,3,9200
Car,Major,4,57425,Petrol,Automatic,5,11520
SUV,Repair,11,192560,Diesel,Manual,13,38370
Car,Major,7,71893,Petrol,Manual,10,12740
Car,General,4,56599,Hybrid,Manual,5,4310
SUV,General,2,42797,EV,Automatic,3,4980
Car,General,7,98155,Hybrid,Manual,12,3540
Bike,General,4,32372,Petrol,Manual,4,800
SUV,General,11,213099,Diesel,Automatic,15,9010
Scooty,General,7,51434,Petrol,Automatic,9,960
Bike,Major,7,64224,Petrol,Manual,11,1940
Car,General,6,55658,EV,Automatic,9,4210
SUV,Major,3,44365,Petrol,Automatic,4,20140
Car,General,6,57817,Petrol,Manual,9,5000
SUV,Major,8,152312,Petrol,Automatic,10,24120
SUV,General,5,80736,Petrol,Manual,9,6200
SUV,Major,12,159721,Petrol,Manual,23,29160
Scooty,General,4,23300,Petrol,Automatic,5,860
Bike,General,10,82667,Petrol,Manual,14,1380
SUV,General,2,23747,Diesel,Automatic,3,7670
Bike,General,6,58478,Petrol,Automatic,7,1050
SUV,Major,1,12844,Petrol,Manual,1,11560
SUV,Repair,11,136010,Hybrid,Automatic,16,30380
Car,Repair,8,86464,Diesel,Automatic,13,24320
Bike,General,11,88565,Petrol,Automatic,20,1350
Car,Major,7,89088,Hybrid,Automatic,13,14750
Car,General,6,74688,Diesel,Manual,10,5200
Car,General,8,105345,Petrol,Automatic,14,4410
Electric Scooter,General,0,581,EV,Automatic,0,570
Bike,General,4,29427,Petrol,Manual,6,1090
SUV,Major,10,120938,Hybrid,Automatic,18,23880
Scooty,General,10,57293,Petrol,Automatic,13,810
Bike,Repair,3,19001,Petrol,Manual,5,2900
Electric Scooter,Repair,2,10117,EV,Automatic,2,1120
SUV,General,13,208741,Petrol,Automatic,20,9060
Car,General,5,53707,Petrol,Automatic,7,3970
Scooty,General,5,37555,Petrol,Automatic,9,750
Scooty,General,7,38812,Petrol,Automatic,8,730
Bike,Repair,10,91483,Petrol,Manual,13,5580
Car,General,14,156156,Diesel,Automatic,21,8090
Car,Repair,13,180326,Diesel,Automatic,21,28440
Scooty,General,5,36146,Petrol,Automatic,8,930
SUV,Repair,2,26629,Petrol,Manual,3,16140
Bike,General,6,36274,Petrol,Manual,9,1020
Electric Scooter,General,2,10920,EV,Automatic,3,390
Scooty,Major,6,35200,Petrol,Automatic,9,1450
Bike,General,3,27545,Petrol,Manual,4,520
Car,General,2,31578,Petrol,Manual,2,3370
Car,Repair,2,23253,Petrol,Manual,3,8380
SUV,General,2,20955,Hybrid,Automatic,2,9940
SUV,General,2,29138,Diesel,Manual,3,8910
Bike,General,2,11269,Petrol,Automatic,2,750
Scooty,Repair,4,28168,Petrol,Automatic,7,1980
SUV,General,4,55201,Diesel,Automatic,6,10250
SUV,Repair,3,43074,Diesel,Manual,4,21330
SUV,Major,6,84667,Diesel,Manual,8,27550
Bike,General,12,99522,Petrol,Manual,14,630
Bike,General,5,45195,Petrol,Manual,6,990
Bike,Major,6,52493,Petrol,Manual,11,3490
Car,Major,10,114430,Petrol,Manual,19,16910
SUV,Major,2,39131,Petrol,Manual,3,12010
Car,General,8,96717,Petrol,Manual,11,4320
SUV,General,5,56575,Diesel,Manual,8,10160
Electric Scooter,Major,3,22725,EV,Automatic,5,1230
Car,Major,4,45301,Petrol,Manual,6,9810
Car,General,8,67139,Petrol,Automatic,13,6630
Scooty,Major,10,72353,Petrol,Automatic,14,1480
Bike,General,7,63784,Petrol,Manual,8,950
Bike,Major,11,62028,Petrol,Manual,20,2630
SUV,General,7,91122,Petrol,Automatic,11,7880
Car,General,9,89536,Petrol,Automatic,12,5130
Car,General,14,186075,Petrol,Automatic,23,5960
Bike,Major,5,37654,Petrol,Manual,7,2630
Car,General,7,61009,Diesel,Manual,12,6530
Electric Bike,General,2,11322,EV,Automatic,3,480
Bike,Repair,7,60026,Petrol,Manual,8,4500
Scooty,General,4,33464,Petrol,Automatic,7,850
Bike,Major,8,43113,Petrol,Manual,9,1800
Electric Scooter,General,0,500,EV,Automatic,0,610
Car,Major,14,148981,Petrol,Manual,21,12430
SUV,General,6,112397,Petrol,Manual,9,7320
Bike,General,4,41884,Petrol,Manual,5,690
Scooty,Repair,0,500,Petrol,Automatic,0,1800
Bike,Repair,3,22510,Petrol,Manual,5,2300
Bike,General,10,81493,Petrol,Manual,16,1220
Car,Major,7,104167,Diesel,Automatic,9,17440
Car,Major,2,26411,Petrol,Manual,2,11560
Bike,General,3,20080,Petrol,Manual,5,1170
SUV,Major,3,59652,Diesel,Automatic,5,26610
Electric Scooter,General,1,6285,EV,Automatic,1,670
SUV,General,3,48104,Petrol,Automatic,4,9030
Car,Major,8,79201,Petrol,Manual,12,15780
SUV,Repair,7,113420,Petrol,Manual,11,19270
Bike,General,2,18091,Petrol,Manual,3,880
Scooty,General,1,5723,Petrol,Automatic,1,710
Car,General,3,38872,EV,Automatic,4,3400
Bike,General,4,30942,Petrol,Manual,5,540
Car,Repair,9,100936,Diesel,Automatic,13,19610
Scooty,General,5,26805,Petrol,Automatic,6,740
Electric Scooter,General,2,11431,EV,Automatic,2,360
SUV,General,8,115050,Diesel,Manual,9,11440
SUV,General,1,14566,Petrol,Manual,1,6250
Electric Scooter,General,2,11308,EV,Automatic,2,510
SUV,Repair,4,43347,Diesel,Manual,7,19600
Car,Major,12,118544,Petrol,Automatic,21,16530
Bike,Major,4,23591,Petrol,Manual,6,1840
Car,Repair,11,97000,EV,Automatic,15,14830
Car,Major,6,94703,Petrol,Manual,10,14360
Car,General,4,34795,Petrol,Manual,5,3400
Bike,Major,10,92594,Petrol,Manual,17,4090
Car,General,8,92076,Diesel,Manual,10,5860
Car,General,8,106098,Diesel,Manual,11,6630
SUV,General,5,65148,Hybrid,Automatic,6,7600
Electric Bike,Major,1,6545,EV,Automatic,1,2070
Bike,Major,6,40627,Petrol,Automatic,10,2030
Scooty,Repair,0,1614,Petrol,Automatic,0,1620
Bike,General,10,86811,Petrol,Automatic,15,1380
Car,General,4,51456,Petrol,Manual,5,3460
Car,General,4,51257,Petrol,Automatic,5,3970
Car,General,10,155005,Petrol,Automatic,16,5680
Car,Major,4,57011,Petrol,Manual,7,10850
Car,General,12,164741,Diesel,Manual,20,6530
Bike,Repair,2,16479,Petrol,Manual,2,2400
Car,Major,5,61343,Diesel,Manual,9,17360
Car,Repair,5,75710,Petrol,Manual,6,10020
Bike,General,3,27105,Petrol,Manual,5,590
Car,General,8,71683,Petrol,Manual,12,5710
SUV,General,9,149715,Diesel,Automatic,14,10950
SUV,General,5,62660,EV,Automatic,7,3810
SUV,General,12,141459,Petrol,Manual,20,9030
Car,Repair,11,126317,Diesel,Automatic,14,33030
Electric Bike,General,1,8589,EV,Automatic,1,810
Car,General,3,38424,Diesel,Automatic,3,6950
SUV,Major,5,63176,Petrol,Automatic,8,26190
Car,General,9,118428,Petrol,Manual,12,4750
Bike,General,7,62169,Petrol,Manual,13,1180
SUV,Major,5,105552,Diesel,Automatic,8,23040
Car,Repair,11,166804,Petrol,Manual,20,15640
Car,Major,4,37346,Petrol,Manual,6,10920
SUV,General,4,43529,Petrol,Automatic,5,7960
Car,General,6,79669,Petrol,Manual,10,4820
Car,General,7,94602,Petrol,Automatic,12,5230
Electric Bike,Major,1,8377,EV,Automatic,1,1930
SUV,General,1,18860,Petrol,Automatic,1,4840
Bike,Repair,6,49735,Petrol,Manual,11,2900
Electric Bike,Major,1,9649,EV,Automatic,1,1490
Bike,General,4,20803,Petrol,Manual,7,1080
Electric Scooter,General,0,986,EV,Automatic,0,690
Car,General,6,78184,Diesel,Automatic,8,6300
SUV,Major,11,164316,Diesel,Manual,17,35160
Scooty,General,5,33379,Petrol,Automatic,6,660
SUV,General,1,19480,Diesel,Automatic,1,9970
Car,Major,9,78222,Diesel,Manual,11,13640
SUV,Repair,4,65951,Diesel,Manual,6,23530
Electric Scooter,Major,2,12402,EV,Automatic,3,1290
SUV,Major,8,105214,Diesel,Manual,13,30680
Electric Scooter,General,1,8544,EV,Automatic,1,450
Car,General,3,43004,Petrol,Manual,5,4860
Electric Scooter,General,2,10190,EV,Automatic,3,530
Car,General,4,38549,Diesel,Manual,7,5810
SUV,General,2,40838,Diesel,Automatic,2,10410
Car,General,11,136834,Hybrid,Manual,19,4880
Scooty,General,9,59115,Petrol,Automatic,13,580
Car,Major,8,116955,Petrol,Automatic,14,14970
Car,General,7,61413,Petrol,Manual,12,4670
Bike,Major,9,66390,Petrol,Manual,16,3260
Car,General,12,168726,Diesel,Automatic,16,6110
Car,General,2,28182,Diesel,Manual,3,5450
SUV,Major,5,71546,Diesel,Manual,9,19550
Bike,General,8,80843,Petrol,Manual,14,1030
Bike,General,3,29545,Petrol,Manual,5,1010
Car,Repair,9,104075,Petrol,Automatic,11,18780
Bike,General,4,25343,Petrol,Manual,4,950
SUV,Repair,5,97436,Diesel,Manual,9,31280
Car,Major,6,79675,Diesel,Automatic,10,20050
Bike,Repair,2,12840,Petrol,Automatic,3,1750
SUV,Major,3,35915,Petrol,Manual,5,15910
Car,General,10,101703,Diesel,Manual,13,5690
Car,General,3,37178,Petrol,Manual,5,4450
Scooty,General,10,79015,Petrol,Automatic,15,990
Car,General,9,89583,Diesel,Manual,12,6000
Bike,General,4,18427,Petrol,Manual,7,970
Bike,Major,11,72072,Petrol,Manual,13,2390
Bike,Major,5,49089,Petrol,Manual,6,1990
Bike,General,5,34442,Petrol,Automatic,9,660
Bike,General,4,40159,Petrol,Manual,5,1070
Bike,General,9,50301,Petrol,Manual,13,720
SUV,Repair,3,34594,Diesel,Automatic,5,28770
Car,General,5,48712,Petrol,Automatic,8,5470
Scooty,Major,5,27392,Petrol,Automatic,6,1740
Bike,General,8,66603,Petrol,Manual,12,690
Car,Repair,4,38009,Petrol,Manual,7,11490
SUV,General,9,90104,Diesel,Manual,15,10470
SUV,General,10,138129,Diesel,Manual,16,8700
Car,Major,7,62861,Petrol,Automatic,9,12260
Car,Major,10,109196,Diesel,Automatic,14,16000
SUV,General,5,89088,EV,Automatic,7,7040
Car,General,12,134707,Diesel,Manual,21,6760
Car,Major,9,98330,Petrol,Manual,16,13400
Bike,General,10,100165,Petrol,Manual,14,760
Car,General,3,39912,Petrol,Automatic,4,5490
Car,General,10,123666,EV,Automatic,13,5270
SUV,General,5,82829,Petrol,Manual,8,6820
Bike,Major,8,58492,Petrol,Manual,15,2180
Electric Scooter,General,2,8640,EV,Automatic,3,530
Bike,Major,13,131175,Petrol,Manual,21,2250
Scooty,Major,5,37342,Petrol,Automatic,9,2070
Scooty,General,6,35218,Petrol,Automatic,11,780
Car,Major,5,55845,Petrol,Manual,7,10310
Scooty,General,4,20081,Petrol,Automatic,5,790
Bike,Major,1,4790,Petrol,Manual,1,2330
Car,Major,3,42330,EV,Automatic,5,9150
Electric Scooter,General,1,4660,EV,Automatic,1,510
Car,General,5,60431,Petrol,Manual,9,4660
Car,Major,9,76531,Petrol,Automatic,14,13460
SUV,Repair,4,57712,EV,Automatic,6,13570
SUV,General,11,211251,Diesel,Automatic,19,12060
Electric Scooter,Major,1,5548,EV,Automatic,1,1540
Electric Scooter,General,1,7853,EV,Automatic,1,750
SUV,Major,1,16126,Diesel,Automatic,1,18900
Scooty,General,6,32171,Petrol,Automatic,10,510
Electric Scooter,General,0,500,EV,Automatic,0,500
Car,Major,5,49995,Petrol,Manual,7,14320
Bike,Major,6,39354,Petrol,Manual,11,3000
Scooty,General,3,18288,Petrol,Automatic,5,840
SUV,Repair,7,73652,Diesel,Automatic,13,29420
Car,Major,9,89549,Petrol,Automatic,14,18040
Car,General,6,85403,Diesel,Manual,10,5940
Scooty,General,6,33321,Petrol,Automatic,11,590
Scooty,General,8,58303,Petrol,Automatic,9,990
SUV,Repair,0,3183,Diesel,Manual,0,20630
SUV,Repair,8,125388,Hybrid,Manual,11,28160
Car,General,9,137716,Diesel,Manual,15,4360
Scooty,Repair,3,15292,Petrol,Automatic,4,1880
Car,Repair,12,166767,EV,Automatic,20,14130
Car,General,2,19369,Petrol,Manual,2,4940
Electric Bike,General,1,8465,EV,Automatic,1,770
SUV,General,7,96394,Petrol,Automatic,13,7080
Bike,General,4,27811,Petrol,Manual,7,1130
Bike,Major,10,60857,Petrol,Manual,15,3350
Bike,General,8,46710,Petrol,Manual,13,1190
SUV,Major,7,114076,Diesel,Manual,10,27770
Bike,General,6,38280,Petrol,Manual,7,570
Bike,Repair,6,56357,Petrol,Manual,7,3570
Car,Major,9,134403,EV,Automatic,13,10430
Car,General,2,26347,Diesel,Manual,3,5560
Scooty,Major,4,33535,Petrol,Automatic,6,1730
SUV,Major,9,107423,Diesel,Manual,11,30730
Bike,Major,3,21684,Petrol,Automatic,4,2000
Car,General,6,59235,EV,Automatic,11,3280
Scooty,Major,5,19191,Petrol,Automatic,7,2170
Bike,Major,8,42215,Petrol,Manual,12,3210
Car,Major,3,32271,Petrol,Automatic,4,11010
Bike,General,4,25957,Petrol,Manual,6,980
SUV,Major,5,72547,Petrol,Manual,6,17470
Bike,General,2,12012,Petrol,Manual,3,900
Car,General,5,76168,Petrol,Manual,6,5130
SUV,Major,8,133276,Petrol,Manual,12,21440
SUV,Major,3,35837,Diesel,Automatic,5,27940
Car,Repair,10,128456,Petrol,Manual,18,21630
Scooty,General,11,81054,Petrol,Automatic,15,610
SUV,Major,5,62462,Diesel,Automatic,7,31820
Electric Bike,General,2,13556,EV,Automatic,3,560
Car,General,10,89468,Hybrid,Manual,16,6820
Car,Repair,10,149050,Petrol,Manual,12,17750
Bike,General,5,39808,Petrol,Manual,9,740
Electric Scooter,Major,2,12329,EV,Automatic,3,1360
SUV,Major,2,27502,Diesel,Automatic,3,22800
Car,General,6,56015,Diesel,Manual,9,5180
Electric Bike,General,0,500,EV,Automatic,0,630
SUV,Major,11,123189,EV,Automatic,17,18180
Electric Bike,Major,2,18978,EV,Automatic,3,1760
Electric Scooter,Repair,2,11807,EV,Automatic,3,1790
Car,Major,0,4027,EV,Automatic,0,7370
Bike,General,9,79517,Petrol,Manual,12,810
Bike,General,1,8394,Petrol,Manual,1,950
SUV,General,4,53204,Diesel,Manual,6,8080
Car,General,7,108135,Petrol,Automatic,13,4730
Car,General,5,71322,Petrol,Manual,6,5010
Scooty,General,3,22605,Petrol,Automatic,5,710
SUV,Major,3,47863,Petrol,Automatic,4,17990
Car,General,5,41086,Petrol,Automatic,6,5300
SUV,General,11,187436,Diesel,Automatic,14,10980
Car,Repair,6,69717,Petrol,Manual,8,13540
Car,Major,9,139876,Petrol,Automatic,16,13060
Electric Bike,General,0,500,EV,Automatic,0,390
Car,Repair,9,84416,Petrol,Automatic,16,15030
Electric Scooter,Repair,1,6597,EV,Automatic,1,1160
Car,Major,9,114714,EV,Automatic,11,9290
Car,General,6,73291,Petrol,Manual,11,4640
Bike,General,3,15926,Petrol,Manual,5,890
Car,General,0,800,Diesel,Automatic,0,5880
Car,General,8,113616,EV,Automatic,10,4250
Car,General,5,45004,EV,Automatic,7,3940
Electric Bike,General,1,7685,EV,Automatic,1,620
Scooty,Major,9,43574,Petrol,Automatic,11,1610
Electric Scooter,Major,1,5621,EV,Automatic,1,1410
Scooty,Repair,6,40985,Petrol,Automatic,10,2340
SUV,Major,4,60676,Diesel,Manual,7,24190
SUV,Major,5,89685,Petrol,Automatic,8,17730
Bike,General,1,5320,Petrol,Automatic,1,870
Bike,General,11,76944,Petrol,Manual,20,900
Car,Repair,12,177861,Diesel,Automatic,18,22780
SUV,Major,7,112906,Diesel,Manual,13,26940
SUV,General,5,95571,Petrol,Manual,6,5750
Car,Major,10,99244,Petrol,Manual,13,12900
Car,General,3,38456,Diesel,Manual,5,4300
Electric Scooter,Repair,1,5155,EV,Automatic,1,1290
Bike,General,1,8341,Petrol,Manual,1,1190
Car,General,9,98497,Diesel,Manual,14,4840
Bike,Major,5,46976,Petrol,Manual,9,2620
Car,General,6,67692,EV,Automatic,11,4600
SUV,Repair,5,54625,Diesel,Manual,7,30010
Car,General,7,98340,Petrol,Automatic,11,5050
Bike,Major,10,77710,Petrol,Manual,14,1940
Car,General,5,48411,Petrol,Automatic,6,4540
SUV,General,10,189359,Diesel,Manual,13,12980
Bike,Repair,4,26938,Petrol,Manual,7,3520
SUV,General,1,13180,Diesel,Manual,1,8780
Bike,Major,2,14026,Petrol,Manual,3,1640
Scooty,Repair,5,30808,Petrol,Automatic,7,2240
Car,Major,8,107480,Diesel,Automatic,13,21090
Car,Repair,4,63598,Petrol,Manual,7,11780
SUV,General,9,158222,Diesel,Automatic,16,12140
SUV,General,3,38538,Diesel,Automatic,4,10990
Car,Major,7,74464,Diesel,Automatic,8,19170
SUV,Major,3,47835,Petrol,Automatic,5,16010
Electric Scooter,General,3,19381,EV,Automatic,3,430
Bike,Repair,11,56710,Petrol,Manual,15,3850
Scooty,General,3,20855,Petrol,Automatic,4,650
SUV,General,11,207444,Diesel,Automatic,13,12540
SUV,General,12,143251,Petrol,Manual,16,11020
Scooty,Repair,5,40829,Petrol,Automatic,7,2300
Electric Scooter,General,2,10517,EV,Automatic,2,660
Bike,General,5,29362,Petrol,Manual,9,660
Electric Scooter,General,1,4999,EV,Automatic,1,600
Car,General,1,10807,Petrol,Automatic,1,5960
Car,General,3,42474,Diesel,Manual,4,4970
Car,Major,6,86927,Petrol,Automatic,11,15340
Bike,Repair,4,27313,Petrol,Manual,5,1670
SUV,General,0,1642,Petrol,Automatic,0,8400
Bike,General,0,500,Petrol,Manual,0,1110
Electric Scooter,Repair,1,4982,EV,Automatic,1,1520
Car,General,7,88458,Petrol,Manual,10,4110
Electric Bike,General,2,16958,EV,Automatic,3,640
SUV,General,4,65766,Hybrid,Automatic,5,9250
Bike,Major,5,29954,Petrol,Manual,6,2270
Bike,General,6,44882,Petrol,Manual,8,1010
Car,Repair,11,106194,Diesel,Automatic,17,24000
Bike,General,10,58729,Petrol,Manual,13,1070
Electric Scooter,General,1,7684,EV,Automatic,1,530
Bike,Major,4,30849,Petrol,Manual,6,3040
Car,Repair,5,74908,Petrol,Automatic,6,15070
SUV,Major,5,75146,Hybrid,Automatic,7,24320
Electric Bike,General,2,11301,EV,Automatic,2,660
Bike,General,5,29308,Petrol,Manual,6,1060
Electric Bike,General,2,16330,EV,Automatic,3,710
Scooty,General,7,54182,Petrol,Automatic,13,500
Scooty,Major,4,28212,Petrol,Automatic,6,1030
Bike,Repair,6,36930,Petrol,Manual,9,2490
Bike,General,5,35387,Petrol,Automatic,9,1140
Bike,Repair,2,17228,Petrol,Manual,2,1840
Bike,Major,2,16368,Petrol,Manual,2,2360
Electric Scooter,General,1,6055,EV,Automatic,1,590
Car,Major,3,29699,Diesel,Manual,5,13990
Electric Bike,Repair,1,5624,EV,Automatic,1,1460
Electric Bike,Major,0,1216,EV,Automatic,0,1410
Scooty,General,6,39731,Petrol,Automatic,8,630
Electric Scooter,Major,1,5596,EV,Automatic,1,1230
SUV,Major,5,68379,EV,Automatic,9,13550
SUV,Repair,2,28599,Petrol,Manual,3,17990
Bike,General,8,81568,Petrol,Automatic,15,850
Scooty,Major,2,7579,Petrol,Automatic,2,1880
SUV,General,6,69393,Petrol,Automatic,7,7790
SUV,General,9,132257,Petrol,Manual,12,9030
Car,Major,5,49095,EV,Automatic,7,11690
SUV,Major,3,49958,Petrol,Manual,3,13500
SUV,General,3,62022,EV,Automatic,3,4200
Car,Repair,7,60976,Petrol,Automatic,11,16420
Car,General,10,155185,Petrol,Automatic,19,5790
Car,General,10,129701,Diesel,Manual,18,6350
SUV,General,3,36565,Diesel,Manual,4,7780
SUV,Repair,2,26937,Petrol,Automatic,3,15270
Car,General,4,42742,Petrol,Automatic,7,5460
Bike,Repair,5,41739,Petrol,Manual,7,2000
Car,Repair,6,61876,Petrol,Automatic,7,18370
Bike,Repair,13,74863,Petrol,Manual,16,3520
Car,Major,6,92003,Diesel,Manual,9,11540
Bike,General,9,73483,Petrol,Manual,16,1190
SUV,General,4,69741,Petrol,Manual,5,6920
Electric Scooter,Repair,1,5123,EV,Automatic,1,1710
Electric Scooter,General,1,4124,EV,Automatic,1,680
Scooty,General,9,54585,Petrol,Automatic,14,630
Scooty,Major,8,60239,Petrol,Automatic,15,2700
Bike,General,6,47866,Petrol,Manual,8,1270
Bike,General,8,56047,Petrol,Manual,12,840
Car,General,5,66383,Diesel,Manual,9,4880
Car,General,5,42513,Diesel,Automatic,7,6400
Scooty,Major,1,5995,Petrol,Automatic,1,1200
Bike,Major,7,65079,Petrol,Manual,9,2340
SUV,General,6,61308,Diesel,Manual,7,10680
Electric Bike,Repair,4,26197,EV,Automatic,5,1510
SUV,General,6,70712,Hybrid,Manual,8,9870
SUV,Major,2,45299,Diesel,Automatic,3,18610
Scooty,General,1,5239,Petrol,Automatic,1,560
SUV,General,7,90867,Diesel,Manual,10,8290
Electric Scooter,General,1,7706,EV,Automatic,1,440
Bike,General,6,52637,Petrol,Manual,7,950
Scooty,General,9,54126,Petrol,Automatic,11,580
Car,General,5,54088,Diesel,Automatic,9,4870
Car,Repair,3,41404,Petrol,Manual,4,12460
Car,General,11,95755,Diesel,Manual,14,6310
SUV,General,8,89867,Diesel,Automatic,11,10950
Car,General,10,144171,Petrol,Automatic,13,4820
SUV,Major,5,77859,Hybrid,Automatic,7,21390
Electric Scooter,Repair,3,18842,EV,Automatic,5,1050
Car,Major,10,96616,Petrol,Manual,14,14090
Bike,General,4,35891,Petrol,Manual,6,900
Car,General,10,150746,Diesel,Automatic,16,6070
Scooty,General,5,28292,Petrol,Automatic,8,870
Car,Major,12,166793,Petrol,Manual,20,15510
Car,Repair,8,90145,Petrol,Manual,15,19910
SUV,Major,5,98211,Diesel,Manual,6,28330
SUV,Major,3,48238,Diesel,Manual,5,22300
Car,Repair,5,73271,Petrol,Manual,6,12860
Car,Major,10,94793,Petrol,Manual,12,12720
Car,General,12,114492,Petrol,Manual,14,4440
SUV,Repair,11,131902,Diesel,Manual,21,29890
Car,General,4,55799,EV,Automatic,7,3780
Electric Bike,Major,0,1755,EV,Automatic,0,1330
SUV,General,1,17229,Petrol,Automatic,1,6650
Bike,General,5,32772,Petrol,Manual,9,870
Scooty,Repair,6,32654,Petrol,Automatic,10,1530
SUV,Major,6,102075,Diesel,Manual,8,17600
Car,Major,3,38768,Petrol,Manual,4,11780
Car,General,9,119501,Petrol,Automatic,13,4870
Bike,Repair,14,94501,Petrol,Automatic,26,5900
Bike,General,2,12991,Petrol,Manual,3,870
Car,Major,5,80901,Diesel,Automatic,7,19760
SUV,General,5,65583,Petrol,Automatic,7,6340
Car,General,6,79809,Petrol,Automatic,10,5990
SUV,General,11,212225,Diesel,Manual,17,11170
SUV,Repair,1,14720,Diesel,Manual,1,14970
Car,Repair,0,800,Petrol,Manual,0,9780
Bike,Major,1,10119,Petrol,Automatic,1,2310
SUV,General,7,137561,Diesel,Automatic,12,10200
Car,General,6,53082,Diesel,Manual,11,4410
Scooty,General,3,12814,Petrol,Automatic,5,520
SUV,General,12,193859,Diesel,Automatic,15,8780
Car,Major,5,60845,Diesel,Manual,9,18400
Car,General,5,75401,Diesel,Manual,7,4760
SUV,General,9,125804,EV,Automatic,15,7950
SUV,General,4,51373,Diesel,Automatic,7,8300
SUV,Major,6,74102,Diesel,Automatic,11,21220
Electric Scooter,Major,2,15544,EV,Automatic,2,1370
Bike,General,0,500,Petrol,Manual,0,980
SUV,Major,7,118220,Petrol,Automatic,12,20490
Car,General,10,146899,Petrol,Manual,14,4020
Car,Repair,8,113813,Petrol,Manual,14,17830
SUV,Major,4,68073,Hybrid,Automatic,5,21570
SUV,Major,1,15445,Petrol,Manual,1,13960
Bike,Major,6,32730,Petrol,Manual,11,2550
Bike,Major,11,80019,Petrol,Manual,21,3220
SUV,General,8,118540,Diesel,Automatic,10,13420
Bike,General,5,33100,Petrol,Manual,6,940
Car,General,2,29349,EV,Automatic,2,3700
Car,General,1,8323,Diesel,Manual,1,4490
Bike,General,5,44943,Petrol,Manual,9,1140
Car,General,10,151682,EV,Automatic,15,5140
Electric Bike,Repair,1,5683,EV,Automatic,1,1430
Car,Major,3,30243,Diesel,Manual,3,15410
Electric Scooter,General,3,20008,EV,Automatic,4,380
Car,Repair,7,81054,Petrol,Automatic,11,17330
Car,Major,4,44372,Diesel,Automatic,6,10940
SUV,Major,4,40872,Diesel,Automatic,5,19420
SUV,General,3,40773,EV,Automatic,5,5380
Car,General,0,3156,Hybrid,Automatic,0,4510
Electric Scooter,Major,1,6537,EV,Automatic,1,1180
SUV,Repair,8,141601,Diesel,Manual,11,30430
SUV,Repair,1,18856,Hybrid,Automatic,1,14440
SUV,General,4,77041,Hybrid,Automatic,6,10270
SUV,Major,5,92079,Hybrid,Manual,8,26630
SUV,Repair,5,61791,Petrol,Manual,9,24220
Car,Major,5,73066,Petrol,Manual,7,11880
Scooty,General,5,39689,Petrol,Automatic,9,610
Electric Scooter,General,2,14019,EV,Automatic,2,740
Bike,Repair,7,55122,Petrol,Manual,10,3580
Car,Major,2,31984,Diesel,Automatic,2,12810
Electric Scooter,General,1,4883,EV,Automatic,1,670
Car,Major,10,98586,Diesel,Manual,13,19690
Car,General,3,30595,Petrol,Manual,4,3990
Electric Scooter,Repair,1,8335,EV,Automatic,1,1320
Car,General,13,120746,Petrol,Automatic,25,7640
Car,Major,6,73279,Hybrid,Automatic,10,16400
Bike,Major,6,48888,Petrol,Automatic,9,3090
Bike,General,6,51573,Petrol,Manual,10,630
SUV,General,7,132511,Hybrid,Automatic,12,8390
Scooty,Repair,8,57091,Petrol,Automatic,13,3840
Scooty,General,3,23824,Petrol,Automatic,5,790
Car,General,5,53802,Petrol,Automatic,8,5770
SUV,Repair,12,224307,Petrol,Manual,23,30210
Bike,Major,7,66073,Petrol,Automatic,9,1800
Car,Major,11,134342,Diesel,Manual,13,17660
Car,Repair,8,68377,Petrol,Manual,15,13040
Car,Repair,1,16549,Petrol,Manual,1,8540
Car,Major,10,127293,EV,Automatic,15,12440
Car,Major,7,88668,Petrol,Manual,13,16290
SUV,General,6,86406,Petrol,Automatic,10,6220
Car,Repair,11,117970,Petrol,Automatic,13,28150
Bike,Major,4,26849,Petrol,Automatic,4,1440
Bike,General,5,23700,Petrol,Manual,9,930
Car,General,3,24718,Petrol,Manual,4,3870
Bike,General,3,18993,Petrol,Manual,4,860
SUV,Repair,10,114512,Diesel,Automatic,12,40990
Car,General,4,59375,EV,Automatic,6,3370
Scooty,General,11,64742,Petrol,Automatic,13,810
SUV,Major,6,68191,Petrol,Manual,11,18910
Car,Major,4,49469,Hybrid,Manual,5,14160
SUV,General,4,49034,EV,Automatic,6,4330
Scooty,Major,3,22890,Petrol,Automatic,5,2120
Car,General,13,121491,Petrol,Manual,16,5400
Scooty,General,8,50642,Petrol,Automatic,11,590
Bike,General,1,5805,Petrol,Manual,1,710
Car,Repair,6,52942,Petrol,Manual,8,13490
Electric Bike,Repair,2,16968,EV,Automatic,3,1860
Car,General,4,56820,Petrol,Manual,5,3290
Car,Major,5,46995,Petrol,Automatic,6,12010
Car,General,7,83865,Petrol,Automatic,11,4860
Scooty,General,9,62753,Petrol,Automatic,17,870
Scooty,Major,7,41074,Petrol,Automatic,13,2870
Bike,Major,4,22791,Petrol,Manual,5,1900
SUV,Major,4,56169,Diesel,Automatic,6,21400
Car,General,7,103468,EV,Automatic,10,4190
Scooty,Repair,3,12258,Petrol,Automatic,4,1730
Car,Major,8,93587,Hybrid,Automatic,10,14330
Car,Major,7,97924,Hybrid,Manual,10,11740
SUV,Major,8,108713,Petrol,Manual,15,14270
Car,Major,4,65374,Petrol,Manual,6,8020
Scooty,Repair,4,28339,Petrol,Automatic,6,1720
Bike,Major,7,44204,Petrol,Manual,11,2340
Car,General,3,48653,Diesel,Manual,5,6090
Bike,Major,4,22864,Petrol,Manual,7,2770
Bike,General,8,63978,Petrol,Manual,9,1320
Car,Repair,5,76148,Petrol,Manual,9,11830
Car,Repair,13,126649,Petrol,Automatic,23,21460
Bike,Repair,3,23374,Petrol,Manual,4,1730
Electric Bike,Repair,4,22674,EV,Automatic,5,2580
Bike,Repair,3,19042,Petrol,Manual,5,2220
Car,General,5,49205,Diesel,Manual,8,6220
Car,Repair,2,30992,Petrol,Manual,3,7590
Car,General,3,40403,Petrol,Automatic,4,4460
SUV,Major,9,109996,Diesel,Automatic,16,33500
Bike,Repair,0,1185,Petrol,Manual,0,1520
Bike,General,3,24357,Petrol,Automatic,3,680
Electric Bike,Major,2,17325,EV,Automatic,3,1380
Car,Major,1,15983,Petrol,Manual,1,10420
Bike,Major,8,45577,Petrol,Manual,12,3930
Scooty,Repair,13,70412,Petrol,Automatic,25,4340
SUV,Major,6,83486,Petrol,Automatic,11,16480
Scooty,General,1,5860,Petrol,Automatic,1,470
Car,General,11,111271,Hybrid,Automatic,19,6670
Bike,General,9,71783,Petrol,Manual,14,980
Car,General,7,98425,Petrol,Manual,12,4600
Car,General,6,71909,Diesel,Manual,10,6450
SUV,General,13,245895,Petrol,Automatic,18,11550
Bike,General,3,29254,Petrol,Manual,5,750
Bike,General,3,22015,Petrol,Manual,4,560
Car,General,9,113232,Diesel,Manual,13,6900
Electric Scooter,Major,2,14791,EV,Automatic,3,2030
Car,General,3,46517,Hybrid,Manual,5,4820
Electric Bike,General,4,29668,EV,Automatic,5,840
Bike,Major,6,51839,Petrol,Automatic,10,1720
Electric Scooter,General,2,13470,EV,Automatic,3,470
Bike,Major,4,28041,Petrol,Automatic,6,2670
SUV,Major,5,85522,EV,Automatic,6,12360
Bike,Major,5,45084,Petrol,Manual,9,1880
Bike,General,4,37244,Petrol,Manual,4,950
SUV,General,6,104158,Petrol,Automatic,11,6410
Bike,General,2,15719,Petrol,Manual,2,890
Car,Repair,6,53591,Diesel,Automatic,10,19270
Car,Repair,11,166703,Diesel,Manual,18,25110
SUV,General,9,167729,Petrol,Manual,15,6980
Car,General,9,90880,Diesel,Automatic,12,7290
Car,Repair,4,42633,Petrol,Automatic,5,12980
Electric Bike,General,1,6247,EV,Automatic,1,480
Bike,General,2,16249,Petrol,Manual,3,840
Car,Major,2,24354,Diesel,Manual,3,13440
Electric Scooter,Major,1,6611,EV,Automatic,1,1670
Car,General,9,109473,Petrol,Manual,17,4110
SUV,General,12,199320,Diesel,Manual,19,10570
Car,General,4,55066,Diesel,Automatic,5,6460
Electric Bike,Repair,2,10967,EV,Automatic,2,1270
Car,General,13,171217,Petrol,Manual,23,5340
Car,General,8,105900,Diesel,Automatic,11,6300
SUV,Major,0,3660,Hybrid,Manual,0,17560
Scooty,General,4,25970,Petrol,Automatic,4,510
Car,Major,5,83089,Diesel,Manual,6,18100
SUV,Repair,6,63748,Diesel,Manual,11,28760
Electric Scooter,General,3,13516,EV,Automatic,4,560
Bike,General,3,25568,Petrol,Manual,3,810
SUV,General,3,34810,Petrol,Automatic,4,6260
Bike,Major,11,91057,Petrol,Automatic,16,3920
Car,Major,9,94356,Petrol,Automatic,17,14420
SUV,General,3,44880,Hybrid,Automatic,3,8630
Car,General,5,82933,Petrol,Automatic,6,4800
Car,General,8,93459,Petrol,Manual,10,3720
SUV,General,13,262630,Petrol,Manual,20,6680
SUV,General,1,16581,Petrol,Manual,1,4620
SUV,Major,5,78388,Diesel,Automatic,9,25790
Electric Bike,Major,1,8308,EV,Automatic,1,970
SUV,Repair,12,224075,Diesel,Manual,19,58390
Car,General,7,69969,Hybrid,Automatic,9,7350
SUV,Major,11,211161,Diesel,Manual,17,25370
Scooty,General,6,47013,Petrol,Automatic,8,610
Bike,Major,12,94224,Petrol,Manual,20,4440
Electric Scooter,Major,1,4702,EV,Automatic,1,870
Car,Major,3,47471,Petrol,Manual,3,9620
Electric Scooter,Major,1,5372,EV,Automatic,1,1740
Car,General,3,45755,Diesel,Automatic,5,5990
Electric Scooter,Repair,3,14340,EV,Automatic,4,1250
Car,Major,9,129073,Petrol,Manual,17,16650
Scooty,General,4,25201,Petrol,Automatic,6,840
Car,General,6,62210,Petrol,Automatic,9,4720
Car,General,9,98762,Diesel,Automatic,17,5650
Bike,General,5,25679,Petrol,Manual,9,1160
SUV,Major,3,32428,Petrol,Automatic,5,18790
Scooty,General,10,81603,Petrol,Automatic,18,600
SUV,General,5,93304,Petrol,Automatic,6,7250
Bike,General,0,500,Petrol,Manual,0,520
SUV,Repair,6,82233,Petrol,Automatic,9,28400
SUV,General,7,100107,Petrol,Manual,8,8630
SUV,Repair,8,122202,Petrol,Automatic,12,38250
SUV,General,2,25145,Diesel,Automatic,2,6370
Car,General,1,10947,Diesel,Manual,1,5020
Car,Major,4,61740,Hybrid,Manual,7,12560
Car,Major,11,120957,Petrol,Automatic,21,15650
Car,Repair,7,100141,EV,Automatic,13,13910
Bike,General,10,88150,Petrol,Manual,15,1110
Bike,Major,2,16329,Petrol,Automatic,3,1980
Bike,General,7,41278,Petrol,Manual,9,1260
Bike,General,1,5150,Petrol,Manual,1,770
Car,General,3,46214,Diesel,Automatic,4,7320
Car,Repair,5,47427,Petrol,Automatic,7,13650
Scooty,General,3,12510,Petrol,Automatic,5,750
SUV,General,4,40510,Petrol,Automatic,5,8260
Scooty,General,3,13800,Petrol,Automatic,4,510
SUV,General,12,145593,Diesel,Manual,21,10250
Car,Major,3,28516,Diesel,Automatic,3,17320
SUV,General,5,83531,Diesel,Manual,9,9610
Bike,Major,1,6588,Petrol,Manual,1,2560
Electric Scooter,General,2,12002,EV,Automatic,2,650
Car,General,11,103653,Petrol,Automatic,18,5850
Electric Scooter,General,2,7720,EV,Automatic,3,540
Car,General,6,77296,Diesel,Manual,11,4560
Electric Bike,General,0,500,EV,Automatic,0,570
SUV,Major,5,72312,EV,Automatic,8,13410
Car,Major,4,51783,Hybrid,Automatic,6,17640
Car,Repair,13,144567,Petrol,Automatic,20,21710
Car,Major,5,72316,Petrol,Manual,8,14520
Car,Major,9,74187,Petrol,Automatic,14,15620
Electric Bike,General,2,13929,EV,Automatic,3,670
SUV,General,9,103706,EV,Automatic,15,5820
Scooty,Major,2,10175,Petrol,Automatic,2,1500
Electric Bike,Major,3,18617,EV,Automatic,3,1430
SUV,Major,8,139438,Petrol,Manual,14,20120
SUV,Repair,10,106311,Hybrid,Automatic,16,30980
Car,Major,11,127636,Diesel,Manual,13,20760
Car,Major,13,192610,Diesel,Manual,24,18700
Car,General,4,43271,Petrol,Manual,5,5050
Scooty,General,8,56648,Petrol,Automatic,9,560
Bike,General,9,74307,Petrol,Manual,10,1310
SUV,Repair,5,49961,Diesel,Manual,6,24070
Car,Major,8,79764,Petrol,Manual,11,11780
Scooty,General,5,32133,Petrol,Automatic,7,590
Car,Major,3,31505,Diesel,Manual,5,16120
SUV,General,5,94834,Diesel,Manual,8,6740
Car,General,4,52362,Petrol,Automatic,7,4900
Scooty,Major,3,21667,Petrol,Automatic,5,2140
Car,General,5,65770,Petrol,Automatic,9,4120
Car,General,4,60305,Petrol,Manual,6,4040
Bike,General,7,49144,Petrol,Manual,10,980
Electric Bike,General,0,1692,EV,Automatic,0,730
SUV,Major,8,133353,EV,Automatic,11,15830
Scooty,Major,4,19445,Petrol,Automatic,5,1300
Car,Repair,4,45364,Hybrid,Manual,6,15800
Bike,General,13,123102,Petrol,Manual,16,1260
Car,Major,10,131866,Diesel,Automatic,14,21510
SUV,General,10,179809,Petrol,Automatic,16,10540
Electric Scooter,Major,1,8522,EV,Automatic,1,1140
Car,General,4,36977,Petrol,Manual,5,3710
SUV,Major,4,70657,Hybrid,Automatic,5,17420
SUV,Repair,7,82711,Diesel,Manual,11,30490
SUV,Major,5,85058,Diesel,Manual,9,21200
SUV,General,9,119547,Petrol,Automatic,13,9660
SUV,General,8,125367,Diesel,Manual,11,9730
Car,Repair,4,52089,Petrol,Manual,6,9420
Bike,Major,10,52669,Petrol,Manual,14,2300
SUV,General,8,156143,Petrol,Manual,14,9650
Bike,Major,5,41865,Petrol,Manual,6,2320
SUV,General,5,80440,Petrol,Automatic,7,9770
Bike,General,6,33355,Petrol,Automatic,8,770
Car,General,10,144414,Petrol,Automatic,19,7000
Bike,Repair,4,35441,Petrol,Manual,5,3680
Scooty,General,4,18041,Petrol,Automatic,7,950
Car,Repair,10,114806,Diesel,Manual,12,18820
Bike,Major,5,26453,Petrol,Manual,8,2100
Electric Scooter,Major,0,500,EV,Automatic,0,1820
SUV,Major,4,78630,Petrol,Manual,4,15040
Bike,General,3,27285,Petrol,Manual,4,630
Bike,General,5,35368,Petrol,Manual,7,660
Car,General,6,53323,EV,Automatic,8,3130
Car,Major,5,41532,Petrol,Manual,6,12190
Scooty,General,9,40794,Petrol,Automatic,16,530
Car,General,10,146375,Diesel,Manual,19,5090
Bike,General,5,37041,Petrol,Manual,7,990
Bike,Major,5,49786,Petrol,Manual,9,2290
Bike,General,6,52834,Petrol,Manual,10,1210
Car,Repair,0,4796,Diesel,Manual,0,12550
SUV,Major,8,121955,Diesel,Manual,12,27030
Bike,Major,2,14810,Petrol,Manual,2,1580
Electric Scooter,Repair,2,11287,EV,Automatic,3,1450
Car,General,4,50012,Petrol,Manual,6,4690
Scooty,General,3,18785,Petrol,Automatic,5,690
Bike,Repair,2,14524,Petrol,Manual,3,2090
Car,Major,1,10634,Petrol,Manual,1,7960
SUV,Major,4,50225,Diesel,Automatic,7,21820
Electric Bike,Repair,2,12103,EV,Automatic,2,1110
SUV,Major,7,91437,Petrol,Manual,12,25210
Car,Major,9,133084,Petrol,Manual,16,10580
SUV,Major,5,89147,Petrol,Automatic,7,14830
SUV,General,7,127340,Diesel,Manual,10,8040
SUV,Major,4,57682,Petrol,Manual,7,21770
SUV,Major,3,38242,EV,Automatic,5,13630
SUV,General,3,34378,Petrol,Automatic,5,5680
Bike,Major,4,28458,Petrol,Manual,6,2200
Bike,Major,6,40514,Petrol,Automatic,11,2380
Bike,General,10,77087,Petrol,Manual,19,1360
SUV,Major,3,41024,Diesel,Automatic,5,29030
Bike,General,7,62260,Petrol,Manual,12,740
SUV,Repair,5,63890,Petrol,Automatic,7,19090
Car,General,7,72257,Diesel,Manual,9,5830
Car,Repair,5,69818,Diesel,Automatic,7,19600
Electric Bike,General,2,18420,EV,Automatic,2,710
Car,General,8,70725,EV,Automatic,10,3950
Electric Bike,General,2,11627,EV,Automatic,2,830
Electric Scooter,General,0,1734,EV,Automatic,0,690
Car,Major,3,30856,Petrol,Manual,4,9690
Car,General,4,64335,Diesel,Automatic,5,5610
Car,General,6,70517,Diesel,Manual,10,5500
Car,Repair,1,5639,Diesel,Manual,1,7450
Car,General,9,101165,EV,Automatic,11,4750
Bike,Repair,5,43476,Petrol,Manual,6,2190
SUV,Major,5,50318,Petrol,Automatic,9,24700
Bike,General,8,46871,Petrol,Manual,11,600
SUV,General,3,36812,Diesel,Automatic,3,7410
Car,Repair,8,67938,Diesel,Manual,14,15220
Car,General,4,37980,Diesel,Manual,6,6390
Bike,General,5,42153,Petrol,Manual,6,1030
Electric Scooter,General,2,11776,EV,Automatic,2,600
SUV,Major,5,98354,Diesel,Manual,9,28240
SUV,Major,4,49520,Diesel,Manual,5,21620
Car,General,4,60354,Petrol,Manual,7,3580
SUV,General,2,39373,Diesel,Manual,3,10390
Car,General,3,26341,EV,Automatic,5,4540
Electric Bike,Major,3,22980,EV,Automatic,4,1210
Electric Scooter,General,3,12943,EV,Automatic,5,610
Car,Repair,4,31904,Petrol,Automatic,4,12380
Bike,General,6,58014,Petrol,Manual,10,1010
Car,General,7,72319,Diesel,Manual,12,6100
Car,Repair,6,74296,Petrol,Manual,9,10890
Bike,Repair,3,20996,Petrol,Manual,5,3090
Car,General,8,123749,Petrol,Automatic,11,4300
Car,Repair,5,61873,Petrol,Manual,7,15970
Car,General,6,85818,Petrol,Manual,10,4750
Bike,Repair,3,26130,Petrol,Automatic,3,2400
SUV,Repair,4,75045,Diesel,Manual,5,30490
Bike,General,10,66023,Petrol,Manual,12,860
SUV,Major,3,31204,Petrol,Automatic,4,17960
Electric Scooter,General,3,19725,EV,Automatic,5,750
Scooty,Major,5,22605,Petrol,Automatic,6,1460
Bike,General,9,61509,Petrol,Manual,16,850
Car,Major,3,43243,Petrol,Manual,4,9490
SUV,Major,2,32240,Diesel,Manual,2,19750
Bike,General,6,54768,Petrol,Manual,10,1270
SUV,General,4,72785,Diesel,Automatic,5,7940
Car,General,8,86723,Petrol,Manual,11,5800
Scooty,Major,7,37595,Petrol,Automatic,9,1970
Bike,Major,7,68602,Petrol,Manual,12,2370
Scooty,General,5,32098,Petrol,Automatic,9,640
Electric Scooter,Repair,0,500,EV,Automatic,0,1190
Bike,General,6,39310,Petrol,Manual,10,610
SUV,Major,7,115602,Petrol,Manual,11,25600
Scooty,Major,3,21974,Petrol,Automatic,3,1950
Car,Repair,5,64844,Petrol,Manual,6,13250
Car,General,3,39122,Diesel,Automatic,5,7520
SUV,General,3,41179,Diesel,Manual,5,9350
Car,General,11,111440,Petrol,Automatic,18,5740
Bike,Major,10,68299,Petrol,Manual,13,2050
SUV,General,6,84750,Petrol,Manual,11,9270
Electric Bike,General,2,17031,EV,Automatic,3,460
Bike,Major,4,24097,Petrol,Automatic,5,2140
SUV,General,4,50423,Petrol,Automatic,4,8630
SUV,General,3,40150,Hybrid,Automatic,3,6460
SUV,Major,5,79617,Petrol,Automatic,9,22200
Car,General,4,32081,Petrol,Automatic,6,4760
Bike,Major,4,26894,Petrol,Manual,7,1950
Car,General,13,176890,Petrol,Manual,21,6170
Car,Major,8,92791,Petrol,Automatic,15,16620
Bike,Major,4,35460,Petrol,Manual,7,2860
SUV,Major,10,164877,Petrol,Manual,16,28800
Bike,General,9,56303,Petrol,Manual,17,870
Scooty,Repair,12,77294,Petrol,Automatic,22,2360
Bike,General,8,51783,Petrol,Manual,10,800
Electric Scooter,Repair,1,7440,EV,Automatic,1,1620
Electric Scooter,General,1,5212,EV,Automatic,1,590
Car,General,11,93198,Diesel,Automatic,19,5660
SUV,Repair,1,16145,Diesel,Manual,1,17840
SUV,General,7,113319,EV,Automatic,11,5980
SUV,General,13,170797,Diesel,Manual,23,12910
Bike,General,7,39067,Petrol,Manual,13,1370
Bike,General,0,500,Petrol,Manual,0,870
Electric Scooter,General,2,8687,EV,Automatic,3,680
Car,General,5,50383,Petrol,Automatic,6,5100
Car,Repair,7,109558,EV,Automatic,8,10640
Electric Bike,Major,3,20207,EV,Automatic,4,2080
Bike,General,7,60733,Petrol,Automatic,11,870
SUV,General,4,52985,Diesel,Automatic,7,9120
SUV,Major,3,49125,Diesel,Manual,5,24920
Car,General,3,29540,Diesel,Automatic,3,6750
Bike,General,3,21957,Petrol,Manual,4,970
Car,General,1,12520,Diesel,Manual,1,4560
SUV,Major,2,35641,Diesel,Automatic,2,22190
Car,Major,5,84748,Petrol,Manual,8,12400
Car,Repair,6,49118,Petrol,Manual,10,16870
SUV,General,2,20350,Diesel,Manual,3,6940
Car,Major,6,62626,EV,Automatic,9,11090
Electric Bike,Major,4,32515,EV,Automatic,6,1700
Electric Scooter,General,3,13846,EV,Automatic,5,440
SUV,Major,8,125051,Diesel,Automatic,15,26380
Car,Major,8,65129,Petrol,Manual,14,12480
Car,Repair,5,48110,Diesel,Manual,6,12110
Car,Major,7,83258,Hybrid,Manual,11,16400
Bike,General,9,67917,Petrol,Manual,11,670
Electric Bike,Major,2,14355,EV,Automatic,2,1740
Car,Major,3,43357,Diesel,Manual,4,13670
Scooty,General,8,35405,Petrol,Automatic,12,580
Bike,Major,8,53463,Petrol,Manual,14,1740
Car,General,7,81972,Petrol,Automatic,13,5650
Bike,Major,2,17068,Petrol,Manual,3,2180
SUV,Repair,6,89181,Diesel,Automatic,7,34600
Car,General,6,68463,Petrol,Manual,10,4470
Car,Major,10,112450,Petrol,Manual,17,14620
Scooty,General,6,41640,Petrol,Automatic,7,430
Car,Major,4,37749,Petrol,Automatic,6,13410
SUV,Repair,7,106632,Petrol,Automatic,11,22740
Car,Major,6,79900,Petrol,Automatic,10,13010
SUV,General,9,153501,Petrol,Manual,16,8880
Car,Major,9,121266,Petrol,Automatic,15,17380
Car,Repair,0,2691,Diesel,Automatic,0,14160
SUV,Major,5,104954,Petrol,Manual,8,19040
SUV,General,9,172264,Diesel,Automatic,17,8510
Bike,General,5,36418,Petrol,Automatic,9,1140
SUV,General,6,113466,Diesel,Automatic,8,12500
SUV,General,4,63533,Diesel,Automatic,6,9850
Scooty,General,6,32691,Petrol,Automatic,9,600
Car,Repair,8,86144,Petrol,Automatic,14,14250
Scooty,Major,6,44961,Petrol,Automatic,9,1680
Scooty,General,4,28124,Petrol,Automatic,6,540
SUV,General,7,99657,Diesel,Automatic,11,10230
Car,Major,6,94784,Petrol,Automatic,9,18060
Car,Repair,4,37570,Diesel,Manual,5,14260
Car,General,8,68659,Petrol,Automatic,13,6100
Bike,Repair,8,60998,Petrol,Automatic,13,2710
Car,General,7,88340,EV,Automatic,12,5020
Bike,Repair,2,14138,Petrol,Automatic,2,2680
Scooty,Major,5,36958,Petrol,Automatic,9,1900
Scooty,General,6,39253,Petrol,Automatic,9,700
Scooty,Major,3,22452,Petrol,Automatic,5,1890
Car,General,3,41021,Diesel,Manual,5,6150
SUV,Repair,2,23789,Diesel,Manual,3,18340
SUV,General,10,145117,Petrol,Manual,16,8920
Car,Repair,2,29773,Diesel,Manual,3,13400
Car,Repair,3,30498,Petrol,Manual,4,8730
Bike,Repair,6,58891,Petrol,Manual,7,4270
Car,General,3,39891,Petrol,Manual,5,4000
Car,General,12,139421,Petrol,Manual,19,4890
Scooty,General,7,31910,Petrol,Automatic,11,600
Car,General,6,60179,EV,Automatic,11,4420
Scooty,Major,7,55734,Petrol,Automatic,11,2050
Car,General,0,800,Petrol,Manual,0,4490
Car,General,3,41396,Diesel,Manual,5,4300
Car,Repair,10,145709,Petrol,Manual,19,24290
Electric Bike,Major,2,16330,EV,Automatic,3,1680
SUV,General,1,18148,Diesel,Manual,1,7510
SUV,General,1,20254,Diesel,Manual,1,10420
SUV,General,4,82001,Diesel,Automatic,5,10090
Bike,General,7,67215,Petrol,Manual,11,1010
SUV,General,5,89475,Diesel,Automatic,9,11230
SUV,Major,10,106592,Diesel,Automatic,19,22590
Car,General,3,35686,Petrol,Manual,5,4210
SUV,Major,4,77398,Diesel,Automatic,6,26210
Car,Repair,1,16178,Diesel,Automatic,1,9920
SUV,General,6,116628,Diesel,Manual,9,8830
Electric Scooter,General,0,500,EV,Automatic,0,520
SUV,Major,7,77329,Diesel,Manual,11,27250
Car,General,9,101783,Petrol,Manual,13,4830
SUV,General,8,118148,Petrol,Manual,11,5830
Electric Scooter,Major,2,9122,EV,Automatic,3,1780
Car,Major,5,68295,EV,Automatic,7,7890
Car,Repair,9,146054,EV,Automatic,17,15810
Electric Bike,General,1,7790,EV,Automatic,1,670
Bike,Repair,9,62511,Petrol,Automatic,17,2420
Car,Major,10,149929,Petrol,Manual,19,10900
SUV,Major,2,36020,Petrol,Automatic,3,21250
Car,General,3,38539,Petrol,Manual,4,3350
Bike,Repair,6,50086,Petrol,Manual,7,2990
Car,General,11,99864,Petrol,Manual,21,3540
Bike,Major,8,47735,Petrol,Automatic,13,1940
SUV,General,1,8474,Petrol,Automatic,1,5440
Electric Bike,Major,2,17950,EV,Automatic,3,1650
Car,Major,8,70722,EV,Automatic,14,10600
Scooty,General,3,15822,Petrol,Automatic,4,670
SUV,General,3,57598,Diesel,Manual,5,8420
Scooty,General,11,61430,Petrol,Automatic,17,750
Electric Bike,General,3,24166,EV,Automatic,3,730
SUV,General,4,57373,Petrol,Manual,5,5600
SUV,Repair,9,131536,Diesel,Automatic,13,36140
Car,General,6,92076,Hybrid,Automatic,9,6820
Car,General,14,214546,Diesel,Manual,21,6430
Bike,Major,6,29182,Petrol,Automatic,10,2810
Scooty,Major,2,7250,Petrol,Automatic,3,1790
Car,General,1,18008,Petrol,Manual,1,4260
Scooty,General,1,9086,Petrol,Automatic,1,810
Car,General,7,89702,Diesel,Manual,8,4070
Car,Major,2,17240,Hybrid,Manual,3,9760
Car,Major,12,179224,Petrol,Manual,23,14180
Bike,General,5,34649,Petrol,Manual,7,1160
Electric Scooter,General,2,16200,EV,Automatic,2,790
Car,Major,11,151746,Hybrid,Automatic,15,22860
SUV,General,3,29455,Diesel,Automatic,4,8680
Car,Major,7,101287,Petrol,Manual,12,9420
Car,Repair,7,102685,Petrol,Manual,9,13040
Electric Bike,General,2,14193,EV,Automatic,3,720
Electric Scooter,General,1,7597,EV,Automatic,1,390
Car,General,7,85234,Diesel,Automatic,12,6700
SUV,Repair,8,100382,Diesel,Manual,14,26440
Car,General,5,53515,Diesel,Manual,9,6510
Bike,Major,8,60328,Petrol,Manual,10,2110
Electric Scooter,General,4,20107,EV,Automatic,7,630
Car,General,6,61573,Diesel,Manual,10,7000
Car,General,2,24186,Diesel,Automatic,3,6940
SUV,General,3,29087,Diesel,Manual,5,10150
Car,General,8,109749,EV,Automatic,14,4500
Car,Major,11,147231,Hybrid,Manual,19,20390
Car,Repair,7,60908,Petrol,Automatic,8,19350
Car,Major,0,3792,Diesel,Manual,0,10740
Bike,Major,6,40330,Petrol,Manual,7,3390
Car,General,9,143289,Petrol,Manual,16,4650
Bike,General,1,5192,Petrol,Manual,1,590
Car,General,12,115243,Petrol,Manual,16,3680
Car,Major,7,90463,Diesel,Manual,12,17230
Electric Scooter,Repair,1,4830,EV,Automatic,1,1550
SUV,General,9,103821,EV,Automatic,12,5450
Car,Major,8,70036,Diesel,Automatic,13,21150
Car,General,5,48902,Diesel,Manual,9,6420
Car,General,12,161738,EV,Automatic,20,3670
SUV,Major,10,196442,Diesel,Manual,16,28250
Scooty,General,9,65607,Petrol,Automatic,16,860
Scooty,General,6,45031,Petrol,Automatic,11,850
Bike,Major,12,62025,Petrol,Manual,14,2990
Car,General,8,104379,Hybrid,Manual,13,5700
Bike,Major,5,48531,Petrol,Manual,6,1720
SUV,General,2,34972,Diesel,Automatic,3,9010
Bike,General,3,25214,Petrol,Manual,4,820
Scooty,Major,2,8432,Petrol,Automatic,2,1140
SUV,General,4,68944,Diesel,Automatic,7,9030
Car,Major,7,106577,Petrol,Manual,11,12060
Car,General,4,64583,Diesel,Manual,7,5150
Bike,Major,4,27940,Petrol,Manual,5,2280
Scooty,Major,8,42989,Petrol,Automatic,14,1830
SUV,General,5,85948,Diesel,Manual,8,7150
Car,General,14,182770,Petrol,Manual,17,6660
SUV,Major,5,84133,Diesel,Automatic,9,25060
Car,Major,3,36939,Hybrid,Manual,3,13420
Car,General,4,46543,Petrol,Automatic,7,5570
Bike,General,12,88639,Petrol,Manual,20,1150
Car,Major,11,103183,Diesel,Manual,16,21080
Scooty,General,5,24636,Petrol,Automatic,8,850
Scooty,General,4,29562,Petrol,Automatic,5,500
SUV,Repair,4,47243,Hybrid,Automatic,6,18100
Scooty,Major,10,42193,Petrol,Automatic,16,2660
Car,Major,8,70990,EV,Automatic,11,10650
Car,Repair,1,14927,Petrol,Automatic,1,9070
SUV,General,10,186814,Petrol,Automatic,13,8520
Bike,General,5,27497,Petrol,Manual,8,770
Car,Repair,3,36212,Petrol,Manual,5,7580
SUV,General,4,46865,Diesel,Manual,6,7270
Car,Repair,6,71847,Petrol,Manual,10,12710
Electric Bike,General,2,12973,EV,Automatic,3,470
Electric Scooter,General,0,500,EV,Automatic,0,420
Electric Bike,General,2,11309,EV,Automatic,2,710
Car,General,9,100291,Hybrid,Manual,12,6100
Car,Major,3,35773,EV,Automatic,4,10470
SUV,General,2,25152,Diesel,Automatic,3,10170
Car,Major,10,98991,Diesel,Manual,14,20120
Car,Repair,7,89352,Petrol,Manual,11,15360
Electric Bike,Major,2,12614,EV,Automatic,2,1260
SUV,General,9,150590,Diesel,Automatic,13,8160
Car,General,9,108879,Petrol,Automatic,13,5320
Electric Scooter,Repair,2,15114,EV,Automatic,3,1950
SUV,General,7,106136,Petrol,Manual,8,9140
Car,General,6,84766,Petrol,Manual,9,4110
Car,Major,4,37687,Hybrid,Automatic,7,16320
Bike,Major,12,83918,Petrol,Manual,17,3480
Scooty,General,8,32104,Petrol,Automatic,15,1020
Electric Scooter,General,1,7941,EV,Automatic,1,800
SUV,General,8,150760,Diesel,Manual,11,11130
Bike,General,12,113772,Petrol,Manual,19,860
Car,Major,3,48017,Diesel,Manual,3,11260
SUV,General,10,171313,Diesel,Manual,16,13130
Car,Major,1,10259,Petrol,Automatic,1,11910
Car,General,11,109499,Diesel,Manual,16,5030
Electric Scooter,Major,2,12559,EV,Automatic,3,1880
Bike,Repair,4,19821,Petrol,Manual,6,2810
Scooty,General,5,29248,Petrol,Automatic,6,610
Car,Repair,5,70156,Petrol,Manual,9,14780
Electric Scooter,General,2,13933,EV,Automatic,3,620
Car,General,7,83496,Hybrid,Automatic,11,4980
Scooty,Major,6,37000,Petrol,Automatic,8,2230
Car,Major,10,86598,Petrol,Manual,12,11300
SUV,Major,2,27885,Petrol,Manual,3,12630
Electric Scooter,General,3,20102,EV,Automatic,4,500
Car,Repair,6,48494,Diesel,Manual,7,19130
Car,General,5,58245,Petrol,Automatic,8,6620
Bike,General,3,21820,Petrol,Manual,5,1000
Bike,General,7,66573,Petrol,Manual,11,780
Car,Major,3,33237,Petrol,Automatic,4,13620
Scooty,General,4,28217,Petrol,Automatic,7,680
SUV,General,10,175957,Diesel,Automatic,18,9500
SUV,General,10,107136,Diesel,Automatic,12,10240
Scooty,General,5,20326,Petrol,Automatic,9,900
SUV,Repair,5,65750,EV,Automatic,9,17500
Scooty,Major,7,38555,Petrol,Automatic,11,1890
Car,General,3,30397,Diesel,Manual,4,5690
Car,General,6,67403,Hybrid,Manual,8,5440
Scooty,General,8,52742,Petrol,Automatic,15,700
SUV,General,7,140270,Petrol,Automatic,10,10090
Car,Major,11,92410,Petrol,Manual,18,14170
Car,General,10,114554,Diesel,Automatic,14,7010
SUV,Major,8,135338,Petrol,Automatic,15,27360
Bike,Major,5,35915,Petrol,Manual,8,1480
Bike,General,7,59580,Petrol,Manual,11,1090
SUV,Major,10,109200,EV,Automatic,16,16170
Scooty,Major,12,61216,Petrol,Automatic,14,1650
SUV,General,4,72383,Diesel,Automatic,4,10010
SUV,Repair,2,33374,Petrol,Automatic,3,21670
Car,Major,4,50799,Petrol,Manual,7,9860
SUV,Repair,5,75570,Hybrid,Manual,7,21180
Car,Repair,4,39714,Diesel,Manual,7,12680
Scooty,Repair,7,49634,Petrol,Automatic,10,2120
SUV,Repair,1,15415,Diesel,Automatic,1,22710
Scooty,Major,6,43174,Petrol,Automatic,10,2730
Car,General,3,32844,Petrol,Automatic,3,5700
Scooty,General,0,500,Petrol,Automatic,0,600
Electric Bike,Major,2,15401,EV,Automatic,3,2100
Car,Repair,7,102203,Petrol,Manual,8,14840
Car,General,9,124921,Petrol,Manual,13,4470
SUV,General,5,67245,Petrol,Manual,7,7520
Scooty,Major,5,28109,Petrol,Automatic,7,1450
Car,General,10,150044,Petrol,Manual,14,5310
Scooty,General,3,16779,Petrol,Automatic,4,500
Car,General,7,108573,Diesel,Manual,12,4780
SUV,General,4,42596,EV,Automatic,4,6110
Bike,Major,4,36541,Petrol,Automatic,5,2180
SUV,General,2,40183,Petrol,Automatic,3,5850
Bike,Repair,8,54167,Petrol,Automatic,15,4380
Bike,Repair,11,91086,Petrol,Manual,20,5030
Car,General,8,118695,Petrol,Manual,12,4280
Car,Major,4,33445,Diesel,Manual,4,15640
Bike,General,8,58635,Petrol,Manual,14,710
Electric Bike,General,2,13108,EV,Automatic,3,670
Bike,General,10,68869,Petrol,Manual,12,610
SUV,General,1,9255,Diesel,Manual,1,9670
Car,Major,6,59122,Petrol,Automatic,9,12320
Car,General,10,122468,Petrol,Manual,13,5870
Scooty,General,5,35320,Petrol,Automatic,8,560
SUV,General,9,123883,Hybrid,Automatic,16,9480
Bike,General,2,12461,Petrol,Manual,3,760
Scooty,Major,1,8606,Petrol,Automatic,1,1460
SUV,Repair,8,128220,Diesel,Manual,13,26470
SUV,General,7,94781,Petrol,Automatic,11,6890
Electric Scooter,Major,4,23122,EV,Automatic,5,1310
Car,General,10,148388,Petrol,Automatic,14,6170
Car,General,10,112631,Diesel,Manual,14,7100
Car,General,5,71006,EV,Automatic,6,4560
Electric Bike,Repair,0,1039,EV,Automatic,0,1200
Car,Repair,6,62095,Petrol,Automatic,8,19220
Scooty,General,6,26108,Petrol,Automatic,9,860
SUV,General,5,94687,EV,Automatic,8,5690
Bike,General,5,45957,Petrol,Manual,9,680
Scooty,General,4,27061,Petrol,Automatic,5,730
Car,Repair,10,132640,Hybrid,Automatic,18,26000
Car,General,8,124073,Petrol,Manual,11,4490
Car,Repair,9,142946,Hybrid,Manual,17,21160
Scooty,General,5,38345,Petrol,Automatic,9,510
Scooty,General,6,37871,Petrol,Automatic,7,670
Car,Major,7,59357,Diesel,Automatic,11,19200
Car,Repair,6,50260,Diesel,Manual,11,19150
Scooty,General,9,71028,Petrol,Automatic,13,840
Car,General,13,118951,Diesel,Automatic,16,6310
Car,Major,10,105998,Diesel,Manual,14,18750
Electric Bike,General,2,13542,EV,Automatic,2,570
SUV,General,7,126090,Petrol,Automatic,8,8170
Electric Scooter,General,2,14982,EV,Automatic,3,600
Scooty,Repair,2,12552,Petrol,Automatic,3,1290
Car,General,7,103556,Diesel,Manual,9,6560
Car,General,11,138603,Diesel,Manual,15,4780
Car,General,3,44077,Petrol,Manual,5,3750
SUV,Major,4,67992,EV,Automatic,6,16770
Bike,Repair,11,58797,Petrol,Manual,18,4930
Car,General,6,89813,Petrol,Automatic,8,6340
Electric Bike,Repair,1,9567,EV,Automatic,1,1280
Electric Scooter,General,1,6372,EV,Automatic,1,670
SUV,Major,7,117903,EV,Automatic,10,18020
Bike,General,8,79100,Petrol,Automatic,11,1260
Car,Repair,5,55737,Petrol,Automatic,9,14060
Car,General,5,56351,Petrol,Manual,8,3060
SUV,General,4,68961,Diesel,Manual,7,10170
Car,General,1,11157,Petrol,Manual,1,2800
Electric Scooter,Major,2,11684,EV,Automatic,3,1630
Car,Major,11,172100,Petrol,Automatic,14,20110
Car,Major,6,56349,Petrol,Manual,8,12320
SUV,General,4,53452,EV,Automatic,5,5380
Car,General,12,101397,Hybrid,Automatic,15,5750
Bike,General,2,17376,Petrol,Manual,2,1070
Car,Major,11,145125,Diesel,Automatic,13,24970
Bike,General,2,11515,Petrol,Manual,2,730
Car,Repair,7,92684,Hybrid,Automatic,10,19860
Car,Repair,1,11531,Diesel,Manual,1,11350
Electric Scooter,Major,1,4564,EV,Automatic,1,1690
SUV,Major,1,22442,Diesel,Manual,1,15030
Car,General,2,18101,Petrol,Manual,3,3040
SUV,General,2,38067,Petrol,Manual,3,6950
Car,Major,8,125709,Petrol,Manual,10,11840
Car,General,14,194569,Petrol,Manual,27,4820
Car,General,4,53797,Diesel,Automatic,7,5030
Bike,Major,4,27573,Petrol,Manual,7,2290
Scooty,General,4,27408,Petrol,Automatic,7,560
SUV,Repair,7,85310,Petrol,Manual,12,25700
Car,Major,4,45464,Diesel,Manual,5,14860
Car,General,5,59430,Diesel,Manual,7,4270
Car,General,6,58444,Petrol,Automatic,9,4370
Car,Major,2,23463,Diesel,Manual,2,9270
Bike,General,7,60186,Petrol,Manual,11,620
Car,Repair,10,120800,Diesel,Manual,15,28700
Car,Major,5,60456,Petrol,Automatic,9,14880
Electric Scooter,Major,1,7761,EV,Automatic,1,1800
Scooty,General,3,19011,Petrol,Automatic,4,700
SUV,Major,6,79104,Petrol,Automatic,10,21880
Car,Major,11,159917,Petrol,Manual,17,12840
Electric Scooter,General,2,11738,EV,Automatic,2,370
Car,General,5,41151,Diesel,Manual,7,4100
Car,Repair,10,140066,Petrol,Automatic,16,27950
Scooty,Repair,9,56748,Petrol,Automatic,13,1880
SUV,General,4,41775,Diesel,Automatic,7,10920
SUV,General,4,59310,Diesel,Manual,6,10450
SUV,Major,4,62123,Petrol,Manual,5,23210
Car,General,13,187088,Petrol,Manual,20,4110
SUV,General,9,170765,Diesel,Automatic,11,9850
Bike,General,7,47370,Petrol,Manual,11,830
SUV,Repair,9,163674,Diesel,Manual,14,29750
Electric Scooter,General,1,5599,EV,Automatic,1,620
Car,Major,2,20956,Diesel,Manual,3,8660
SUV,Major,6,114526,Hybrid,Automatic,11,27260
SUV,Major,4,61216,Petrol,Manual,6,17380
Car,General,10,103091,EV,Automatic,19,4690
Electric Bike,General,1,8138,EV,Automatic,1,540
Car,Major,10,128600,Petrol,Manual,13,17220
SUV,Major,8,158434,Diesel,Automatic,10,36740
Car,General,9,113055,Petrol,Automatic,14,4300
Car,Major,7,95423,Diesel,Manual,10,17990
SUV,General,4,50642,Petrol,Automatic,6,8800
Car,General,10,97277,Petrol,Manual,14,3880
Car,General,4,53803,Petrol,Manual,6,3130
Car,Major,9,86841,Diesel,Manual,16,21380
Electric Bike,General,1,7536,EV,Automatic,1,770
Electric Scooter,Major,3,17129,EV,Automatic,4,1170
Bike,Major,13,104235,Petrol,Manual,25,3740
Car,Major,5,49468,Petrol,Automatic,7,15120
Bike,General,3,22363,Petrol,Manual,5,1190
SUV,Major,4,45857,Petrol,Manual,5,16020
Bike,General,6,58948,Petrol,Manual,8,770
Scooty,Major,2,12979,Petrol,Automatic,2,1370
Car,Major,7,103148,Diesel,Manual,12,12320
Scooty,General,8,57191,Petrol,Automatic,14,900
Bike,Major,3,29425,Petrol,Manual,4,2530
SUV,Repair,6,109926,Hybrid,Automatic,8,30300
Scooty,General,11,45161,Petrol,Automatic,13,650
SUV,Repair,3,39723,Diesel,Manual,3,21240
Bike,General,3,17435,Petrol,Manual,3,780
Electric Scooter,Major,3,23191,EV,Automatic,4,1240
SUV,General,11,194978,Diesel,Automatic,18,11250
Car,General,8,100409,Petrol,Manual,13,5200
Car,Major,6,92527,Petrol,Manual,11,12020
Electric Scooter,General,2,14967,EV,Automatic,3,600
Bike,Repair,7,60203,Petrol,Manual,10,2640
SUV,General,12,189880,Petrol,Automatic,16,7570
Scooty,General,12,73302,Petrol,Automatic,19,930
Car,Major,12,149807,Petrol,Automatic,15,14350
Car,Major,8,81400,Petrol,Manual,15,9460
Car,Repair,4,47664,Petrol,Manual,5,9080
Bike,General,4,23571,Petrol,Manual,5,760
Bike,General,7,34849,Petrol,Manual,11,670
Car,General,2,30561,Diesel,Automatic,2,4330
Car,Major,3,49448,Diesel,Automatic,3,18420
SUV,General,5,60297,Diesel,Automatic,9,7540
Scooty,General,9,49530,Petrol,Automatic,17,720
SUV,Repair,6,87514,Diesel,Automatic,11,24290
Car,Major,12,126862,Diesel,Automatic,17,22940
Scooty,Major,11,54286,Petrol,Automatic,18,2770
Scooty,Major,5,26689,Petrol,Automatic,7,2470
SUV,General,6,103108,Petrol,Manual,7,5940
Bike,General,8,45125,Petrol,Manual,11,670
Electric Bike,Major,4,24519,EV,Automatic,6,1650
Bike,Major,1,6707,Petrol,Automatic,1,1830
SUV,General,4,68098,Diesel,Automatic,7,10690
Bike,General,2,18488,Petrol,Manual,2,560
Car,Major,2,18996,Petrol,Manual,2,9370
Electric Bike,Repair,2,12412,EV,Automatic,3,1760
Car,General,1,14595,Hybrid,Manual,1,4840
Electric Scooter,General,1,6220,EV,Automatic,1,380
Scooty,Repair,5,38960,Petrol,Automatic,7,2640
SUV,General,10,132403,Petrol,Automatic,15,9750
SUV,General,3,36539,Diesel,Manual,5,8690
Car,General,4,53989,Diesel,Manual,5,5430
SUV,General,8,121789,Petrol,Automatic,10,11080
SUV,General,3,41219,Diesel,Manual,5,9800
Car,Major,2,15293,Diesel,Manual,2,15430
Bike,General,9,68878,Petrol,Manual,14,990
SUV,Major,5,56345,Diesel,Automatic,8,18300
SUV,Major,8,155150,Petrol,Automatic,14,27050
Car,General,1,11518,Petrol,Manual,1,4130
Car,General,3,38331,Petrol,Manual,5,4180
Car,General,8,80040,Diesel,Manual,13,6420
Bike,Repair,9,73629,Petrol,Manual,15,2700
Electric Bike,Major,0,500,EV,Automatic,0,1560
Bike,General,8,72319,Petrol,Manual,14,1080
Bike,General,7,51250,Petrol,Manual,12,960
Electric Bike,General,3,17277,EV,Automatic,5,750
Scooty,General,4,30147,Petrol,Automatic,6,880
Bike,Major,5,28195,Petrol,Automatic,9,3010
SUV,General,14,248112,Diesel,Automatic,26,14020
Car,General,14,111374,Diesel,Automatic,21,8330
SUV,General,12,175514,Diesel,Manual,21,11190
SUV,Repair,9,166349,Petrol,Automatic,14,30150
SUV,General,8,161551,Diesel,Automatic,10,11740
Scooty,General,5,28567,Petrol,Automatic,9,570
Bike,Repair,6,58581,Petrol,Manual,10,3810
Car,Major,2,22236,Hybrid,Automatic,3,13880
Car,General,12,102954,Petrol,Manual,14,6470
SUV,General,6,112274,Diesel,Manual,8,10100
Electric Bike,General,1,8254,EV,Automatic,1,800
Car,General,1,11739,Petrol,Automatic,1,4250
Bike,Repair,4,30353,Petrol,Automatic,7,3510
Scooty,Repair,6,46015,Petrol,Automatic,10,1620
Car,General,9,123698,Petrol,Manual,12,5700
Car,General,3,32214,Hybrid,Manual,5,3880
Car,General,10,114298,Petrol,Manual,17,5640
SUV,General,9,99436,EV,Automatic,12,5800
Car,General,3,30332,Petrol,Manual,5,3350
Electric Bike,General,4,25476,EV,Automatic,7,540
Electric Bike,General,2,12420,EV,Automatic,2,770
Electric Bike,Repair,3,22643,EV,Automatic,3,1220
SUV,Major,2,37225,Diesel,Automatic,2,22350
Bike,Major,8,58456,Petrol,Manual,11,2490
Bike,General,3,21804,Petrol,Manual,5,690
Car,General,9,98077,Diesel,Automatic,11,7500
Car,Major,7,108359,Petrol,Automatic,9,10920
Electric Bike,Repair,1,8116,EV,Automatic,1,1650
Car,Repair,6,64164,Diesel,Manual,9,14280
SUV,General,4,47096,Diesel,Manual,6,9000
SUV,Major,13,194114,EV,Automatic,19,16630
Car,General,15,240000,Petrol,Automatic,25,5530
SUV,General,0,1000,Hybrid,Manual,0,8070
Car,General,7,90655,Hybrid,Automatic,9,4340
Bike,General,11,88609,Petrol,Manual,20,1130
Electric Scooter,General,2,8998,EV,Automatic,2,490
SUV,Major,4,82064,Diesel,Manual,6,23560
Bike,General,1,10366,Petrol,Manual,1,1020
SUV,General,4,62711,EV,Automatic,5,4660
SUV,General,10,192478,Hybrid,Automatic,14,10740
Scooty,General,2,11604,Petrol,Automatic,2,810
SUV,Major,13,190829,Petrol,Automatic,25,29290
SUV,General,3,58568,Diesel,Manual,5,8430
SUV,General,10,102768,Petrol,Manual,16,8180
Car,Major,4,59670,Hybrid,Automatic,7,16560
Bike,Major,5,32669,Petrol,Manual,8,2420
Bike,General,0,500,Petrol,Manual,0,1090
SUV,General,12,186665,Diesel,Manual,15,8400
Car,General,6,90429,Diesel,Automatic,9,7510
Car,Major,2,27027,Petrol,Manual,3,11970
Bike,Repair,9,63876,Petrol,Manual,11,3740
SUV,General,14,190436,Diesel,Manual,21,9300
Car,Major,7,109904,Petrol,Manual,9,9370
Bike,Major,9,58141,Petrol,Manual,17,2310
SUV,Repair,9,149982,Hybrid,Automatic,11,32640
SUV,Major,12,139937,Diesel,Automatic,15,30860
Bike,General,6,53674,Petrol,Manual,7,1120
Car,Repair,11,87779,Hybrid,Manual,15,17400
Scooty,General,4,22612,Petrol,Automatic,5,830
Electric Bike,General,3,22109,EV,Automatic,4,440
Car,General,0,800,Diesel,Manual,0,4230
Bike,Major,9,66321,Petrol,Manual,14,3600
Car,General,8,121915,Diesel,Automatic,14,6310
Electric Bike,General,0,500,EV,Automatic,0,520
Car,General,5,66127,Petrol,Automatic,7,5580
Car,General,4,53380,Hybrid,Manual,7,3790
SUV,Major,2,23411,Petrol,Manual,3,14100
Scooty,Major,8,50126,Petrol,Automatic,13,1570
Car,Major,0,2607,EV,Automatic,0,8150
Bike,General,6,55619,Petrol,Manual,8,850
Car,Major,3,41053,Petrol,Automatic,4,11540
Scooty,Major,8,38155,Petrol,Automatic,11,1370
Scooty,Repair,8,42452,Petrol,Automatic,13,3390
Scooty,General,6,49103,Petrol,Automatic,10,610
Scooty,Major,6,33274,Petrol,Automatic,11,1730
Scooty,Major,6,27412,Petrol,Automatic,10,2170
Car,Major,5,83259,Petrol,Manual,8,13150
Car,Major,2,30155,EV,Automatic,3,10610
Electric Bike,General,0,849,EV,Automatic,0,740
Car,General,8,77447,Diesel,Manual,10,5920
Car,General,4,50904,Petrol,Manual,7,4000
Car,General,2,19008,Petrol,Manual,3,3500
Bike,General,1,7768,Petrol,Manual,1,1150
Scooty,Major,0,500,Petrol,Automatic,0,2110
Scooty,General,9,49333,Petrol,Automatic,12,770
Car,General,3,27101,EV,Automatic,3,3860
SUV,General,10,163593,Diesel,Automatic,17,13310
Bike,Major,6,40665,Petrol,Manual,7,3000
Scooty,General,3,16131,Petrol,Automatic,3,460
Electric Scooter,General,3,15311,EV,Automatic,5,700
Car,Major,3,26781,Diesel,Automatic,4,13860
Car,General,8,102720,Petrol,Automatic,11,5770
Car,General,6,79604,Diesel,Automatic,8,6600
Electric Scooter,General,0,1436,EV,Automatic,0,720
Bike,Major,3,18173,Petrol,Manual,4,2180
SUV,General,4,75449,EV,Automatic,6,4690
Bike,Repair,8,43357,Petrol,Manual,12,3490
Scooty,General,4,33271,Petrol,Automatic,5,680
Scooty,Repair,4,30052,Petrol,Automatic,6,2370
Car,General,1,13756,EV,Automatic,1,3910
Electric Scooter,General,3,19253,EV,Automatic,4,380
Scooty,General,7,49790,Petrol,Automatic,9,930
Bike,Major,5,45234,Petrol,Manual,8,2740
Car,Major,11,153002,Petrol,Automatic,20,18490
Bike,General,6,38465,Petrol,Manual,10,880
Scooty,General,11,47705,Petrol,Automatic,20,760
Bike,Major,1,7712,Petrol,Manual,1,2440
Car,General,12,163420,Diesel,Manual,17,7690
Car,Major,4,41910,Petrol,Manual,7,14050
Bike,General,1,7930,Petrol,Manual,1,1030
Car,General,4,44445,Diesel,Manual,6,6270
SUV,General,0,5112,Diesel,Manual,0,8410
SUV,General,4,78820,Diesel,Manual,7,10280
Bike,Major,6,34466,Petrol,Automatic,11,2030
Bike,General,4,25790,Petrol,Manual,5,660
SUV,General,3,49204,Diesel,Manual,5,8500
Car,General,8,77551,Petrol,Automatic,10,6480
SUV,General,0,5445,Diesel,Manual,0,6500
Car,Major,8,118762,Hybrid,Manual,15,15500
Car,Major,6,53109,Petrol,Automatic,9,16610
Electric Scooter,Repair,1,6110,EV,Automatic,1,1410
SUV,General,4,70385,Diesel,Manual,4,6910
SUV,General,3,44302,Hybrid,Automatic,3,9310
Car,General,0,800,Petrol,Manual,0,3930
Scooty,General,4,21278,Petrol,Automatic,7,660
Bike,Major,5,25797,Petrol,Manual,8,1580
SUV,General,6,65248,Diesel,Manual,9,7400
Car,Major,4,56801,Petrol,Manual,7,12730
Car,Major,5,75827,Diesel,Manual,9,14700
SUV,General,10,191029,EV,Automatic,14,5500
Scooty,General,2,14355,Petrol,Automatic,2,860
SUV,Repair,8,122842,Diesel,Manual,14,40170
Scooty,Major,9,50518,Petrol,Automatic,14,2140
SUV,Major,6,85230,Diesel,Automatic,10,28540
Car,General,3,35456,Petrol,Manual,4,4470
Scooty,Repair,7,29893,Petrol,Automatic,8,1860
Car,Major,11,161249,Petrol,Automatic,13,17830
Car,Repair,4,53155,Diesel,Automatic,7,18170
Car,Repair,4,42327,Petrol,Automatic,7,15350
Scooty,General,5,42171,Petrol,Automatic,8,870
Scooty,General,11,81645,Petrol,Automatic,21,650
SUV,General,10,148823,Hybrid,Automatic,12,9300
Scooty,General,3,22484,Petrol,Automatic,4,520
Bike,General,4,22922,Petrol,Manual,6,810
Bike,General,1,7300,Petrol,Automatic,1,1070
Electric Scooter,General,3,16729,EV,Automatic,4,750
Electric Scooter,Major,1,7091,EV,Automatic,1,1560
SUV,Repair,2,40014,Diesel,Manual,3,23080
Car,General,10,121746,EV,Automatic,13,3290
Car,General,9,132820,Diesel,Automatic,14,6820
Electric Scooter,General,3,18392,EV,Automatic,4,500
SUV,Major,6,73237,Diesel,Automatic,10,24450
SUV,Major,6,103147,Hybrid,Automatic,10,20110
SUV,Major,7,90016,Hybrid,Automatic,13,23130
Bike,Major,5,40465,Petrol,Automatic,7,2560
SUV,General,6,59610,Petrol,Manual,11,7760
Scooty,Major,1,3452,Petrol,Automatic,1,1020
SUV,General,3,34340,Petrol,Manual,5,5250
Bike,General,5,47301,Petrol,Manual,6,850
Scooty,General,6,30635,Petrol,Automatic,8,790
Car,Major,9,121562,Petrol,Manual,17,15010
Car,General,1,9050,Petrol,Automatic,1,4570
SUV,General,2,33163,Hybrid,Automatic,3,7090
Car,Major,5,69127,Diesel,Manual,9,11640
Car,Major,12,132920,Hybrid,Manual,19,20510
Electric Scooter,General,1,5147,EV,Automatic,1,740
Car,Major,5,45714,Diesel,Automatic,7,19610
Bike,General,13,93411,Petrol,Automatic,19,890
Car,Repair,7,94849,EV,Automatic,12,13230
SUV,Major,3,37631,Hybrid,Automatic,4,27680
Car,General,8,105432,Petrol,Manual,14,5160
Car,General,6,93574,Petrol,Automatic,7,5870
Car,General,7,98417,Diesel,Automatic,12,8140
Electric Bike,General,2,13856,EV,Automatic,2,490
Scooty,Major,4,18855,Petrol,Automatic,7,2180
SUV,General,9,171200,Hybrid,Manual,17,10540
Car,General,14,131186,Hybrid,Manual,26,5080
Bike,Major,7,53779,Petrol,Automatic,12,1680
Electric Bike,General,0,500,EV,Automatic,0,790
Car,General,1,13023,Petrol,Manual,1,3270
SUV,Major,6,87227,Diesel,Automatic,10,20550
Car,General,13,121102,Diesel,Manual,19,7440
Scooty,Major,1,4807,Petrol,Automatic,1,1420
Electric Scooter,General,0,500,EV,Automatic,0,420
Car,Repair,10,81425,Diesel,Automatic,15,25070
Bike,Major,4,32522,Petrol,Manual,5,1670
SUV,General,11,211363,EV,Automatic,15,6560
Bike,General,4,33145,Petrol,Manual,5,590
Bike,Major,0,500,Petrol,Manual,0,2560
Car,General,11,152712,Diesel,Manual,13,4230
Car,General,11,140367,Petrol,Manual,14,4600
Car,General,9,114666,Petrol,Automatic,11,5860
Car,General,5,50200,Diesel,Automatic,7,6080
SUV,General,6,112232,EV,Automatic,9,7250
Scooty,Major,3,12811,Petrol,Automatic,3,1520
Car,Major,8,88334,Petrol,Automatic,12,16210
Car,General,0,800,Petrol,Automatic,0,4140
Scooty,General,10,73999,Petrol,Automatic,14,1040
Car,General,4,50728,Diesel,Automatic,4,6630
Car,Major,7,79542,Petrol,Automatic,13,17000
Scooty,General,4,26213,Petrol,Automatic,5,760
SUV,Major,10,116023,Diesel,Manual,15,26470
Bike,Major,13,119038,Petrol,Manual,17,3240
Car,General,3,27890,Petrol,Manual,4,4750
Car,General,4,61649,Diesel,Manual,6,3880
SUV,Major,8,118655,Diesel,Manual,10,24810
SUV,General,4,60753,Hybrid,Automatic,7,9350
Electric Bike,Major,2,12131,EV,Automatic,3,2160
SUV,General,9,160346,Diesel,Manual,13,10110
SUV,General,3,40870,Petrol,Automatic,5,6310
Scooty,General,2,13683,Petrol,Automatic,3,800
SUV,General,4,45746,Diesel,Manual,5,7850
SUV,General,9,172135,Hybrid,Manual,16,10180
Car,Major,4,53597,Diesel,Manual,6,16750
Scooty,Major,10,72715,Petrol,Automatic,12,1810
Car,General,11,114222,Petrol,Manual,14,5010
Bike,General,8,59239,Petrol,Manual,13,900
SUV,General,5,57156,Petrol,Manual,8,7110
Electric Scooter,General,1,3954,EV,Automatic,1,650
Bike,Major,4,33186,Petrol,Automatic,6,1520
Car,Major,4,44977,Petrol,Automatic,6,13400
Car,Repair,7,70816,Petrol,Automatic,11,20080
Scooty,Major,7,48212,Petrol,Automatic,12,2070
Bike,Major,6,50537,Petrol,Manual,11,2310
Scooty,General,2,11341,Petrol,Automatic,2,860
Car,General,3,31116,Diesel,Manual,4,4530
SUV,Major,8,156905,Diesel,Manual,12,30430
Car,Major,3,32614,Diesel,Manual,5,11760
Car,General,7,97946,Petrol,Automatic,13,4890
Scooty,General,5,23590,Petrol,Automatic,9,810
Scooty,General,9,70183,Petrol,Automatic,12,800
Electric Scooter,Repair,2,10673,EV,Automatic,3,1810
SUV,General,2,44497,EV,Automatic,3,4790
Car,General,9,143887,Diesel,Automatic,13,8040
Car,General,10,137595,Petrol,Automatic,14,7310
Bike,General,4,23483,Petrol,Automatic,5,1130
SUV,Repair,8,92573,Diesel,Automatic,13,31350
Electric Bike,General,2,16264,EV,Automatic,3,740
Bike,Major,7,63459,Petrol,Manual,12,3740
Car,General,9,73727,Petrol,Manual,13,5810
Scooty,Major,7,39917,Petrol,Automatic,9,2320
Car,General,5,74186,Diesel,Automatic,9,6650
Car,General,6,53892,Petrol,Manual,7,4060
Electric Scooter,General,3,23415,EV,Automatic,5,380
SUV,Major,9,180452,Diesel,Manual,13,23460
Bike,Major,4,37134,Petrol,Manual,5,1690
Electric Bike,Repair,4,37058,EV,Automatic,5,2750
SUV,General,7,89614,Diesel,Manual,12,12160
Bike,General,3,20376,Petrol,Manual,4,890
SUV,Major,6,103320,Petrol,Automatic,7,19340
Electric Scooter,Major,1,7754,EV,Automatic,1,1640
Car,General,7,92521,EV,Automatic,13,4200
Electric Scooter,General,1,6934,EV,Automatic,1,570
Bike,Major,5,30691,Petrol,Manual,8,2340
Scooty,General,3,24843,Petrol,Automatic,5,890
Bike,Major,8,39932,Petrol,Manual,9,3320
Electric Scooter,General,2,16016,EV,Automatic,2,690
Bike,Major,11,69218,Petrol,Manual,13,3000
SUV,Major,5,67002,Diesel,Manual,8,22140
Car,Repair,5,75158,Petrol,Manual,8,13130
Car,General,3,47384,Petrol,Manual,5,3020
Car,Repair,5,82563,EV,Automatic,6,14320
Car,General,11,117689,Diesel,Automatic,18,6020
Car,General,11,105284,Petrol,Automatic,19,6030
Bike,General,2,16420,Petrol,Manual,2,900
SUV,General,2,27672,Diesel,Automatic,2,8500
Bike,Major,2,15621,Petrol,Manual,3,1890
Electric Scooter,General,1,5053,EV,Automatic,1,440
SUV,Repair,8,101692,Diesel,Automatic,9,29030
Electric Scooter,General,1,3553,EV,Automatic,1,510
SUV,General,5,54520,Hybrid,Manual,7,7090
Car,Major,6,68109,Petrol,Automatic,11,14380
Car,Repair,7,106582,Petrol,Automatic,11,21490
Car,General,5,62974,Petrol,Automatic,9,5730
Car,Major,5,69485,Diesel,Manual,9,12420
SUV,General,7,139666,Hybrid,Automatic,8,8920
SUV,General,4,48348,Diesel,Automatic,7,9810
SUV,Repair,8,145543,Petrol,Manual,14,32850
SUV,General,9,121172,Diesel,Automatic,10,9190
Bike,General,10,59433,Petrol,Automatic,14,700
SUV,General,6,122821,Diesel,Automatic,8,10060
Scooty,General,4,20672,Petrol,Automatic,7,600
Scooty,Repair,1,3554,Petrol,Automatic,1,1530
SUV,General,11,195089,Diesel,Manual,20,8330
Bike,General,3,23618,Petrol,Manual,4,1080
SUV,Major,7,82686,Petrol,Manual,8,24850
SUV,General,9,115304,Petrol,Automatic,13,8350
Bike,General,6,50828,Petrol,Manual,8,1210
SUV,Major,7,115324,Diesel,Manual,11,22950
Car,Major,9,91974,Diesel,Automatic,15,21080
Car,General,10,84004,Petrol,Manual,18,6060
Car,Repair,6,82442,EV,Automatic,10,13730
Bike,General,4,35763,Petrol,Manual,5,720
Bike,General,7,38907,Petrol,Manual,12,1150
Bike,General,5,45575,Petrol,Manual,8,740
SUV,General,3,49745,EV,Automatic,3,5340
Car,General,6,88059,Petrol,Automatic,10,6360
Scooty,General,11,51289,Petrol,Automatic,20,700
Electric Scooter,General,3,20571,EV,Automatic,3,760
Car,General,3,33676,Petrol,Automatic,4,4750
SUV,Major,6,91867,Petrol,Automatic,9,25460
Car,General,8,103098,Diesel,Automatic,11,4860
Car,General,5,50387,Petrol,Manual,9,4940
Car,Repair,5,66856,Petrol,Manual,6,11000
Car,Major,8,99861,Petrol,Automatic,15,16030
Car,General,7,69642,Diesel,Automatic,9,7450
Scooty,General,4,25191,Petrol,Automatic,6,570
Car,Repair,7,89097,Petrol,Automatic,8,15360
Electric Bike,General,1,6911,EV,Automatic,1,890
Bike,General,6,30989,Petrol,Manual,9,660
Car,General,5,77193,Petrol,Manual,6,4170
Car,Major,8,117519,Petrol,Manual,10,12570
Electric Bike,Major,4,31019,EV,Automatic,6,2310
Car,Major,1,13170,Hybrid,Manual,1,9840
Electric Bike,General,1,5731,EV,Automatic,1,710
Car,Major,8,99169,Petrol,Automatic,10,12160
SUV,Major,3,63537,Diesel,Manual,5,17920
Scooty,Major,3,15156,Petrol,Automatic,5,1180
Bike,General,4,28085,Petrol,Manual,6,820
SUV,Repair,8,87654,Hybrid,Automatic,10,26380
Bike,Major,3,30047,Petrol,Automatic,4,2420
Car,General,3,41509,Diesel,Manual,5,4540
Car,General,4,35992,Petrol,Automatic,6,5800
Scooty,Repair,2,15681,Petrol,Automatic,3,2020
Car,General,11,99997,EV,Automatic,19,4030
Bike,General,12,60662,Petrol,Manual,15,1440
SUV,Major,9,168797,Diesel,Automatic,12,34540
Car,General,10,97373,Diesel,Manual,12,5740
SUV,General,4,75058,Petrol,Automatic,7,7090
Scooty,Repair,3,16092,Petrol,Automatic,5,2100
SUV,Major,3,46575,Petrol,Manual,4,15290
Car,Repair,3,46738,Petrol,Automatic,4,9750
SUV,General,6,101832,EV,Automatic,11,5430
Car,Repair,13,110492,Petrol,Automatic,19,23890
Car,General,8,100376,Petrol,Manual,14,5940
Car,Major,2,23273,Petrol,Manual,2,12400
Car,Major,6,79303,Petrol,Automatic,9,12320
SUV,General,2,33556,Petrol,Automatic,2,6160
Car,Major,11,153720,Diesel,Automatic,18,20920
Bike,General,4,41596,Petrol,Manual,5,860
Scooty,General,3,19300,Petrol,Automatic,5,600
Electric Scooter,General,0,1658,EV,Automatic,0,380
Electric Scooter,General,1,8231,EV,Automatic,1,770
Bike,Major,4,31693,Petrol,Manual,6,2740
SUV,Repair,6,107402,Petrol,Manual,11,23970
Car,Repair,4,56811,Diesel,Manual,5,15710
SUV,General,6,113425,Diesel,Automatic,8,9630
Scooty,General,0,500,Petrol,Automatic,0,710
Bike,General,7,67125,Petrol,Manual,10,970
Car,Repair,7,101996,Hybrid,Manual,8,21140
SUV,Repair,2,20298,Diesel,Manual,2,15310
Electric Bike,Repair,3,23914,EV,Automatic,4,2090
Car,General,5,55592,Petrol,Manual,9,4970
Car,General,6,82059,Petrol,Manual,9,5150
Car,General,8,123645,Petrol,Manual,10,3720
Car,General,10,127896,Petrol,Manual,18,5050
Car,Major,2,21469,Petrol,Manual,3,8060
Electric Scooter,Repair,4,17429,EV,Automatic,5,1280
Scooty,Major,2,11504,Petrol,Automatic,3,1350
Bike,Repair,1,8057,Petrol,Manual,1,1730
Electric Bike,General,3,19432,EV,Automatic,4,570
SUV,Repair,10,169973,Petrol,Manual,15,40100
Car,General,6,70052,EV,Automatic,11,3940
Car,General,10,103817,Hybrid,Automatic,15,7350
Car,General,12,113209,Petrol,Manual,21,5110
Scooty,General,2,12976,Petrol,Automatic,3,450
SUV,General,6,66483,EV,Automatic,7,5380
Scooty,Major,3,15452,Petrol,Automatic,5,1660
SUV,Repair,12,233705,Petrol,Automatic,16,44420
SUV,General,4,55791,Petrol,Manual,5,7760
SUV,Repair,5,52966,Diesel,Automatic,8,24500
Car,General,6,84091,Diesel,Manual,7,5440
Bike,Major,1,9963,Petrol,Manual,1,1890
Car,Major,4,50521,Diesel,Manual,6,13210
Electric Bike,Major,0,500,EV,Automatic,0,1170
SUV,Repair,10,152126,Diesel,Manual,19,39040
Electric Scooter,General,1,4612,EV,Automatic,1,640
Car,General,2,28110,Petrol,Automatic,3,6160
Car,General,6,66964,Diesel,Manual,9,5690
Bike,General,7,48136,Petrol,Manual,9,1170
SUV,General,4,80326,Petrol,Manual,7,6440
SUV,General,1,13521,Diesel,Manual,1,8220
SUV,General,4,73120,Diesel,Automatic,5,11300
Bike,Major,13,71590,Petrol,Manual,21,2990
Electric Bike,General,2,17506,EV,Automatic,3,710
Electric Scooter,Major,0,500,EV,Automatic,0,1630
Car,Major,1,11726,Diesel,Automatic,1,12920
Scooty,Major,3,15163,Petrol,Automatic,5,1370
Car,Major,3,29133,Petrol,Manual,4,12690
Car,General,12,142386,Petrol,Manual,18,4900
Car,General,6,92243,Diesel,Automatic,9,8040
SUV,General,1,19247,Diesel,Manual,1,9300
Car,General,2,28088,Diesel,Manual,3,4190
SUV,Major,8,124884,Diesel,Manual,11,33010
Car,General,6,54508,Petrol,Manual,9,4630
Scooty,Repair,8,56368,Petrol,Automatic,13,2290
Scooty,General,11,57820,Petrol,Automatic,17,860
Car,General,7,108772,Petrol,Manual,12,4370
Scooty,Repair,4,27631,Petrol,Automatic,7,2180
Bike,Repair,3,27446,Petrol,Manual,5,2640
SUV,Major,5,72535,Diesel,Manual,9,25080
Car,General,9,98495,Diesel,Manual,16,4850
SUV,General,7,120696,EV,Automatic,12,5110
Car,Major,5,60639,Petrol,Manual,8,13460
Bike,Repair,6,46363,Petrol,Manual,11,2170
Car,Major,8,105347,Diesel,Automatic,13,16550
Car,Repair,7,88253,Petrol,Manual,10,11270
SUV,General,2,33676,Diesel,Manual,2,10150
Car,General,9,126883,Diesel,Manual,11,6230
Bike,General,7,45720,Petrol,Manual,12,1260
Car,General,4,34363,EV,Automatic,7,3290
SUV,General,7,85288,Hybrid,Manual,12,9350
SUV,General,0,1000,Diesel,Automatic,0,11390
Bike,Repair,5,52945,Petrol,Automatic,6,3360
SUV,Repair,6,112235,Diesel,Automatic,7,32590
Bike,General,8,69404,Petrol,Manual,11,670
Electric Scooter,General,0,511,EV,Automatic,0,460
Car,Major,7,99584,Petrol,Manual,13,12040
SUV,General,4,73010,Petrol,Manual,6,6900
Bike,Repair,3,13177,Petrol,Manual,4,1910
Car,Repair,4,54381,Diesel,Automatic,7,16970
Electric Scooter,General,1,8053,EV,Automatic,1,430
SUV,Repair,5,63143,Hybrid,Manual,6,28160
Car,General,10,127560,Diesel,Manual,14,5860
Electric Bike,Repair,1,6262,EV,Automatic,1,1810
Electric Scooter,General,3,15900,EV,Automatic,5,460
Bike,General,8,54682,Petrol,Manual,14,940
Scooty,Major,10,74659,Petrol,Automatic,17,2840
SUV,General,2,19805,Diesel,Manual,3,8200
SUV,General,4,52584,Diesel,Manual,7,10400
Car,Repair,6,91770,Petrol,Manual,7,13050
Electric Scooter,General,1,3820,EV,Automatic,1,490
Scooty,General,8,35717,Petrol,Automatic,10,770
Electric Scooter,Major,3,15167,EV,Automatic,3,1030
Car,General,10,82650,Diesel,Automatic,17,6040
Car,Major,3,43787,Petrol,Manual,5,10680
Car,General,8,75194,Petrol,Manual,13,5130
SUV,General,13,230575,Petrol,Manual,18,9970
SUV,General,4,78421,Petrol,Automatic,7,7620
SUV,General,2,33857,EV,Automatic,3,6900
Car,General,7,76222,Petrol,Manual,10,3970
Car,General,3,31820,Diesel,Manual,3,4590
SUV,General,9,182532,Diesel,Manual,15,9890
SUV,Major,1,15763,Petrol,Manual,1,16750
Electric Bike,General,1,7290,EV,Automatic,1,480
Scooty,Major,7,37537,Petrol,Automatic,9,2760
Car,Major,1,12226,Diesel,Manual,1,8740
SUV,General,5,86459,Petrol,Manual,7,6430
Car,General,13,189067,EV,Automatic,23,5100
Car,General,6,62455,Petrol,Manual,8,4860
Scooty,General,4,25004,Petrol,Automatic,6,700
SUV,General,12,176403,Diesel,Manual,23,9350
SUV,Repair,2,32745,EV,Automatic,2,13450
Bike,General,5,36631,Petrol,Manual,6,840
Scooty,General,6,29462,Petrol,Automatic,9,480
Car,General,13,116036,Diesel,Manual,23,4880
Car,General,5,52335,Petrol,Automatic,6,4530
Bike,Major,6,56307,Petrol,Manual,9,2080
SUV,General,2,29188,Diesel,Automatic,3,11020
Car,Repair,14,195576,Petrol,Automatic,23,25070
Car,Major,4,65552,Petrol,Automatic,7,15300
Car,Major,4,42248,Petrol,Manual,6,11840
SUV,Major,1,20265,Diesel,Manual,1,13420
Car,General,4,47580,EV,Automatic,7,3700
Car,Major,4,61264,EV,Automatic,5,10290
SUV,Major,3,47702,Diesel,Automatic,4,27790
Scooty,Repair,11,72458,Petrol,Automatic,15,2740
SUV,General,3,50683,Hybrid,Manual,5,5580
Bike,General,2,16962,Petrol,Manual,3,990
Car,General,4,36870,Petrol,Automatic,6,3800
Bike,General,5,29575,Petrol,Manual,6,620
Car,Major,3,43140,Petrol,Automatic,4,10590
SUV,General,3,57915,Diesel,Manual,4,9970
Car,Repair,1,13524,Hybrid,Manual,1,12110
Car,General,8,92531,Petrol,Manual,9,6180
SUV,General,5,63224,Diesel,Automatic,8,9360
Electric Scooter,Major,1,8054,EV,Automatic,1,1660
Scooty,General,4,17361,Petrol,Automatic,5,690
Car,Major,3,33662,Petrol,Automatic,5,13580
SUV,Repair,3,56679,Hybrid,Manual,4,16050
Car,Major,0,3029,Diesel,Automatic,0,13550
Bike,General,6,42186,Petrol,Automatic,8,950
SUV,Repair,10,134007,Diesel,Manual,17,46540
Car,Major,4,54568,Diesel,Manual,7,13670
Car,General,4,59661,Diesel,Automatic,5,7470
Car,General,5,52785,Diesel,Manual,7,5570
Bike,General,9,56024,Petrol,Manual,17,1050
Car,General,12,123320,Petrol,Manual,18,4950
Car,Repair,10,149262,Diesel,Manual,16,28100
SUV,General,6,100621,Hybrid,Manual,10,8130
Electric Bike,Major,3,18725,EV,Automatic,5,1780
SUV,Repair,4,66586,Petrol,Automatic,7,24470
SUV,Major,6,90106,Hybrid,Manual,9,17120
Car,General,8,70342,Petrol,Automatic,11,5410
Car,General,4,54346,Hybrid,Automatic,4,4600
SUV,Major,8,92067,Petrol,Automatic,15,20510
Bike,Major,5,46414,Petrol,Manual,8,3000
Car,General,4,41808,Diesel,Automatic,5,5660
Car,General,4,34660,Petrol,Automatic,7,5560
SUV,General,5,92665,Diesel,Automatic,6,9580
Car,General,3,43889,Petrol,Manual,5,3060
Bike,General,5,49933,Petrol,Manual,7,870
Scooty,Major,6,34944,Petrol,Automatic,11,1750
Scooty,Repair,3,21218,Petrol,Automatic,5,1910
SUV,General,2,26466,Diesel,Manual,3,6660
Scooty,Repair,6,38083,Petrol,Automatic,9,2910
Car,Major,6,95430,Diesel,Automatic,7,14640
SUV,Major,6,74202,Diesel,Automatic,7,23880
Car,General,3,44209,Petrol,Automatic,3,4470
SUV,General,2,39883,EV,Automatic,3,4680
Electric Scooter,General,1,5124,EV,Automatic,1,600
Bike,Repair,4,31041,Petrol,Manual,6,3130
Car,General,8,107348,EV,Automatic,10,4000
Electric Scooter,Repair,2,14609,EV,Automatic,3,1370
Bike,Major,9,91602,Petrol,Manual,17,2130
Bike,General,3,28400,Petrol,Manual,3,580
Scooty,Major,5,29467,Petrol,Automatic,8,2200
Electric Scooter,Major,2,13327,EV,Automatic,3,1430
Car,Major,9,95096,Petrol,Manual,13,15910
Car,General,4,61157,Petrol,Automatic,4,5540
SUV,General,6,69019,Petrol,Automatic,11,8090
Electric Bike,Repair,1,8443,EV,Automatic,1,1140
Bike,General,6,54222,Petrol,Manual,10,590
Bike,General,10,60215,Petrol,Manual,17,1310
Scooty,General,2,15038,Petrol,Automatic,3,460
SUV,Major,5,98334,Petrol,Automatic,8,21340
Scooty,Major,1,6135,Petrol,Automatic,1,1620
Car,Major,10,139804,Petrol,Automatic,18,13040
Car,General,4,57859,Diesel,Manual,5,6010
Electric Scooter,Major,2,13130,EV,Automatic,3,1050
Car,Repair,2,25409,Diesel,Manual,2,10460
Bike,Repair,13,110757,Petrol,Manual,20,3760
Car,General,3,31939,Diesel,Manual,5,4860
Scooty,General,4,29218,Petrol,Automatic,5,900
Bike,General,4,33547,Petrol,Manual,5,830
Car,General,4,66019,Petrol,Manual,7,4930
Electric Scooter,Major,2,7946,EV,Automatic,3,1150
SUV,General,0,1000,Diesel,Manual,0,9190
Car,General,8,80536,Diesel,Automatic,11,7410
Car,General,5,42055,Petrol,Automatic,6,4670
Electric Bike,General,3,23937,EV,Automatic,4,560
SUV,Major,3,42731,Petrol,Manual,3,11990
Bike,Major,3,17586,Petrol,Manual,5,2160
Bike,General,7,38514,Petrol,Automatic,13,780
Car,Repair,10,102880,Petrol,Automatic,15,24790
Scooty,Major,5,19387,Petrol,Automatic,8,1840
Electric Scooter,General,2,11555,EV,Automatic,3,640
Car,General,2,30093,Diesel,Manual,3,3690
Scooty,General,10,46469,Petrol,Automatic,19,920
Electric Scooter,Repair,2,12360,EV,Automatic,3,1070
Car,Major,13,172059,Petrol,Manual,25,16180
Car,General,9,137977,Petrol,Manual,15,3980
Scooty,Major,2,12020,Petrol,Automatic,3,1750
Car,Major,6,52659,Petrol,Manual,11,12790
Bike,Repair,10,63705,Petrol,Manual,12,3290
SUV,General,3,40270,Petrol,Automatic,5,5110
Bike,Major,9,66334,Petrol,Manual,17,2930
Electric Scooter,General,2,9572,EV,Automatic,2,700
Scooty,Major,4,23106,Petrol,Automatic,5,2300
Car,Repair,7,62134,Diesel,Manual,11,15480
Car,General,13,188924,Petrol,Manual,18,4180
Electric Scooter,General,2,11244,EV,Automatic,3,730
Bike,General,5,46771,Petrol,Manual,9,880
SUV,General,9,167309,Hybrid,Manual,13,7700
SUV,Major,1,12072,EV,Automatic,1,15030
Car,General,5,77143,Diesel,Automatic,8,5460
Car,Major,7,107613,Petrol,Manual,11,12220
SUV,General,2,33915,EV,Automatic,3,5250
Car,General,7,65180,EV,Automatic,10,3890
SUV,General,9,111176,EV,Automatic,10,7380
Scooty,General,1,8485,Petrol,Automatic,1,740
SUV,General,9,126618,Petrol,Manual,17,9780
SUV,Major,6,80026,Diesel,Manual,9,31340
Car,General,2,25087,Petrol,Automatic,3,5370
Scooty,General,6,32997,Petrol,Automatic,10,610
Car,Major,0,800,Petrol,Manual,0,7920
Car,General,8,102829,Diesel,Automatic,12,8430
Car,General,6,68631,Petrol,Manual,11,4530
Car,Major,4,57597,Hybrid,Automatic,6,14070
Bike,Major,3,29376,Petrol,Manual,5,3220
Car,General,8,86678,Diesel,Manual,15,5800
SUV,General,5,63221,Diesel,Automatic,7,8990
SUV,Major,6,102038,Hybrid,Manual,7,19040
Car,General,6,71884,Petrol,Manual,11,4440
Car,General,2,22905,EV,Automatic,3,3900
Car,General,9,104847,Diesel,Automatic,14,6060
Bike,Major,9,86261,Petrol,Manual,13,2180
SUV,General,6,79510,Petrol,Automatic,10,9630
Car,Major,4,43849,Diesel,Automatic,5,13080
Scooty,Repair,11,79737,Petrol,Automatic,20,2620
Scooty,Major,9,63434,Petrol,Automatic,14,1580
Electric Scooter,Major,3,17483,EV,Automatic,4,1880
Scooty,General,4,24352,Petrol,Automatic,6,610
Car,General,1,19312,Diesel,Automatic,1,5010
Car,General,7,81793,Petrol,Automatic,12,5560
Car,Major,9,103997,Petrol,Automatic,15,16620
Car,Major,4,57396,Diesel,Manual,7,11830
Bike,Major,4,26888,Petrol,Manual,6,1670
Car,Major,7,97525,Petrol,Manual,12,15710
Car,General,4,62455,Diesel,Automatic,6,7610
Bike,General,4,37643,Petrol,Manual,6,1230
Car,General,12,186699,Petrol,Manual,16,5210
Electric Scooter,General,2,10839,EV,Automatic,2,460
Scooty,Major,11,46628,Petrol,Automatic,16,1490
SUV,General,9,172153,Hybrid,Manual,12,9520
Electric Scooter,General,2,11158,EV,Automatic,3,370
Bike,General,3,24413,Petrol,Manual,5,1090
Scooty,General,7,43786,Petrol,Automatic,12,620
Bike,General,12,73689,Petrol,Manual,17,1010
SUV,General,8,122695,Diesel,Manual,15,7590
Scooty,Major,4,18932,Petrol,Automatic,7,1220
Car,General,9,145074,Petrol,Automatic,16,4910
Bike,General,12,91071,Petrol,Automatic,16,690
SUV,Major,6,91894,Diesel,Automatic,8,26850
Electric Scooter,General,2,14635,EV,Automatic,3,440
Car,Major,6,53349,Petrol,Manual,7,10140
SUV,Repair,7,133249,Petrol,Automatic,10,34950
SUV,Repair,11,214386,Diesel,Automatic,15,56940
SUV,General,6,116112,Diesel,Manual,11,7940
Car,General,1,13961,Petrol,Automatic,1,5290
Car,General,3,36036,Petrol,Manual,5,4980
Car,Major,4,58211,Petrol,Manual,6,11180
Electric Scooter,General,0,500,EV,Automatic,0,610
Bike,General,5,28239,Petrol,Manual,9,1080
Car,Repair,11,97452,Diesel,Manual,16,17930
Car,Major,10,124469,Petrol,Manual,14,10510
Electric Scooter,General,1,7416,EV,Automatic,1,500
SUV,Major,5,63212,Hybrid,Automatic,7,24060
Car,General,3,48072,Petrol,Automatic,5,5990
Car,Major,3,47654,Diesel,Manual,4,12980
Car,General,12,156707,Petrol,Automatic,19,6540
Car,Repair,4,40900,Diesel,Manual,7,10840
Scooty,Repair,10,54017,Petrol,Automatic,16,3310
SUV,General,1,15110,Petrol,Automatic,1,6530
Bike,Repair,2,20579,Petrol,Manual,3,2260
SUV,General,10,150770,EV,Automatic,18,7410
Bike,General,3,26139,Petrol,Manual,4,880
Car,Major,7,85524,Petrol,Manual,11,10620
Car,General,5,64710,Petrol,Manual,9,3980
SUV,General,7,112568,Diesel,Manual,12,8470
Bike,Repair,10,59443,Petrol,Automatic,13,4590
Car,Major,5,80207,Petrol,Manual,9,11130
SUV,General,4,80281,Petrol,Manual,5,7620
Car,General,6,84105,EV,Automatic,9,3670
Car,Major,7,95381,Diesel,Manual,10,13410
Bike,Repair,10,59382,Petrol,Manual,14,5000
Bike,General,9,75788,Petrol,Manual,10,1390
SUV,Repair,8,159418,EV,Automatic,15,20310
Bike,Major,10,50673,Petrol,Manual,17,2370
Car,Repair,4,54701,Petrol,Manual,6,8950
Scooty,General,3,23106,Petrol,Automatic,5,700
Electric Bike,Repair,4,22840,EV,Automatic,7,2230
Car,General,14,189829,Diesel,Automatic,22,8690
Car,Repair,8,100820,Petrol,Manual,10,11920
SUV,General,7,78310,Diesel,Manual,9,9330
SUV,General,1,11896,Diesel,Automatic,1,8190
Car,General,10,115945,EV,Automatic,17,4590
Scooty,General,7,55174,Petrol,Automatic,10,840
Car,General,7,66557,Petrol,Manual,13,3860
Bike,Repair,5,35319,Petrol,Manual,7,2560
Electric Scooter,Major,3,13666,EV,Automatic,3,1430
Electric Bike,Major,0,500,EV,Automatic,0,1860
Electric Bike,General,3,26335,EV,Automatic,3,630
Electric Bike,General,1,8750,EV,Automatic,1,420
Electric Scooter,Major,1,6365,EV,Automatic,1,1150
Electric Scooter,Major,2,11581,EV,Automatic,3,1370
Car,Major,4,40908,Petrol,Manual,7,10700
Bike,Major,2,16682,Petrol,Manual,3,2600
Car,Major,4,37776,EV,Automatic,6,9540
Bike,General,8,54534,Petrol,Manual,13,1250
Scooty,General,9,65973,Petrol,Automatic,13,870
Scooty,Major,3,24064,Petrol,Automatic,3,1360
Scooty,General,4,20972,Petrol,Automatic,5,710
Scooty,General,6,32069,Petrol,Automatic,9,480
SUV,Major,12,218959,Diesel,Manual,17,36350
Car,General,1,19769,Petrol,Automatic,1,6210
SUV,Repair,9,122622,Petrol,Manual,14,27490
Bike,General,9,59836,Petrol,Manual,15,880
SUV,General,7,97464,Diesel,Automatic,10,11160
SUV,Major,4,42432,Diesel,Manual,7,22940
Car,General,7,65042,Petrol,Automatic,13,5150
Car,Major,5,66755,Petrol,Manual,8,9800
Scooty,General,6,43713,Petrol,Automatic,9,1020
SUV,Major,7,121156,Diesel,Manual,12,30580
Electric Bike,Major,3,23383,EV,Automatic,5,1900
SUV,General,9,181915,Diesel,Manual,13,10160
Car,General,5,56009,Petrol,Manual,6,3990
SUV,General,8,146070,Diesel,Manual,11,11510
Bike,General,3,23292,Petrol,Manual,3,930
SUV,General,7,142403,Petrol,Automatic,8,8770
Car,General,8,74969,Petrol,Automatic,15,5430
Car,General,6,63962,EV,Automatic,10,3800
Car,Major,8,106704,Petrol,Manual,14,10030
Car,Major,4,44053,Diesel,Manual,7,15280
Scooty,Major,7,29037,Petrol,Automatic,13,1940
SUV,General,10,182924,EV,Automatic,13,5920
Electric Bike,General,1,7762,EV,Automatic,1,730
SUV,General,10,163217,Diesel,Manual,14,12190
SUV,Major,10,186021,Diesel,Manual,14,32510
SUV,Major,11,205535,Diesel,Automatic,19,35010
Scooty,General,2,13706,Petrol,Automatic,2,850
Car,General,7,80768,Diesel,Manual,8,5360
Bike,Repair,3,22468,Petrol,Manual,5,3280
Car,Repair,10,155230,Petrol,Automatic,19,27860
Car,General,8,81555,Diesel,Automatic,11,7150
Bike,Major,9,52253,Petrol,Manual,15,3720
Electric Bike,Repair,4,26717,EV,Automatic,5,1490
Car,Major,6,64152,Diesel,Manual,11,12160
Bike,Major,6,40751,Petrol,Manual,7,2190
Bike,Repair,6,53595,Petrol,Manual,9,3180
SUV,General,4,60268,Diesel,Manual,5,10340
Bike,Major,3,21864,Petrol,Manual,5,2010
SUV,Repair,2,34989,Petrol,Manual,3,13100
SUV,Major,11,170666,Petrol,Automatic,16,32950
SUV,Repair,8,139814,Diesel,Automatic,10,33090
Electric Scooter,General,1,6816,EV,Automatic,1,520
SUV,General,5,72258,Diesel,Manual,6,7560
Electric Bike,General,2,12765,EV,Automatic,2,660
Car,Major,1,12565,Petrol,Manual,1,7990
Bike,General,6,34627,Petrol,Manual,11,1220
Car,General,6,63512,Diesel,Automatic,7,7890
Bike,Repair,4,23064,Petrol,Manual,6,1850
Bike,Major,4,20841,Petrol,Manual,7,2450
Car,Major,9,142113,Petrol,Manual,17,15370
Electric Scooter,General,2,14061,EV,Automatic,3,550
Car,General,6,77784,Diesel,Automatic,10,7240
SUV,Repair,3,59133,Diesel,Manual,4,26310
Car,General,3,36075,Diesel,Manual,5,5210
Car,Repair,13,114636,Hybrid,Manual,20,17800
Car,Major,10,106621,Diesel,Manual,14,16530
Car,General,7,90887,Diesel,Manual,9,5440
SUV,General,3,37867,Diesel,Automatic,5,7620
Electric Bike,Major,2,17361,EV,Automatic,3,1570
SUV,Major,13,235403,Diesel,Manual,22,30410
Bike,Major,9,67518,Petrol,Manual,13,3570
Car,Repair,13,113072,Diesel,Automatic,24,24350
Electric Bike,Major,3,23517,EV,Automatic,5,1480
SUV,Major,9,162340,Petrol,Automatic,16,24980
Car,General,7,89843,Hybrid,Automatic,12,7260
Car,General,13,170536,Petrol,Manual,18,4160
SUV,Major,12,198253,Diesel,Automatic,15,30360
Electric Scooter,Major,3,12694,EV,Automatic,3,1660
Scooty,Repair,3,21561,Petrol,Automatic,5,1290
Bike,General,10,59080,Petrol,Manual,15,1120
Car,General,6,87192,Petrol,Manual,8,3520
Bike,Major,7,50031,Petrol,Manual,11,2060
Car,Repair,5,44945,Petrol,Manual,8,15970
Bike,General,5,36793,Petrol,Manual,6,1000
Electric Scooter,General,0,1655,EV,Automatic,0,560
Car,Major,6,64926,Petrol,Automatic,10,13820
SUV,General,0,1415,Diesel,Manual,0,8670
Car,Major,4,37672,Diesel,Manual,7,16490
Car,General,6,84485,Petrol,Manual,10,5440
Bike,General,4,23254,Petrol,Manual,7,1160
Electric Scooter,General,2,12379,EV,Automatic,3,680
Car,Major,10,106984,Petrol,Automatic,18,13710
SUV,General,3,39042,Diesel,Automatic,4,10530
Scooty,General,3,14913,Petrol,Automatic,5,750
Car,Major,6,78297,Petrol,Manual,8,13670
Electric Bike,General,2,19667,EV,Automatic,2,810
Bike,General,8,45645,Petrol,Manual,15,790
Car,General,4,46678,Petrol,Automatic,5,5100
Car,General,4,48551,Petrol,Manual,5,4790
Bike,Major,4,39103,Petrol,Manual,6,2240
Car,General,3,31330,Petrol,Automatic,4,5550
SUV,General,4,73610,Petrol,Manual,5,8280
Car,General,1,16091,Petrol,Automatic,1,4970
SUV,General,11,150732,Petrol,Automatic,15,8850
Scooty,Major,5,34952,Petrol,Automatic,6,2060
Scooty,Major,8,35298,Petrol,Automatic,9,1900
Car,General,3,36753,Diesel,Automatic,3,5710
SUV,General,9,96626,Diesel,Manual,13,8130
SUV,Repair,8,120749,Diesel,Automatic,15,44960
Car,General,4,50800,Petrol,Manual,7,3410
Car,General,4,40761,Hybrid,Automatic,5,6540
Electric Scooter,Repair,2,10238,EV,Automatic,2,1660
Car,General,13,136812,Diesel,Automatic,20,8670
Car,Repair,4,47589,Diesel,Manual,7,13730
Electric Scooter,Major,0,500,EV,Automatic,0,1740
Bike,General,6,47161,Petrol,Automatic,10,810
Car,Repair,0,854,Petrol,Manual,0,5940
Scooty,Major,4,27473,Petrol,Automatic,7,2410
Scooty,General,11,65660,Petrol,Automatic,13,1010
SUV,Major,10,200721,Petrol,Automatic,14,24660
Bike,Major,8,47362,Petrol,Manual,11,2460
Bike,Major,7,42452,Petrol,Automatic,11,3520
Electric Bike,General,4,36701,EV,Automatic,5,860
SUV,Repair,3,60281,Diesel,Automatic,4,22120
SUV,Repair,5,100847,EV,Automatic,7,22440
Car,General,4,60951,EV,Automatic,7,4390
SUV,Major,7,81061,Petrol,Automatic,9,24790
Bike,Major,6,50322,Petrol,Manual,11,2760
Car,General,9,112305,Petrol,Automatic,13,4660
Bike,General,3,23169,Petrol,Manual,4,540
Car,Major,5,60386,Hybrid,Automatic,6,15810
SUV,Repair,11,142855,Diesel,Automatic,14,51010
SUV,General,5,92209,EV,Automatic,6,5120
Scooty,General,3,16016,Petrol,Automatic,3,510
Electric Scooter,General,2,13628,EV,Automatic,3,710
Bike,General,7,51606,Petrol,Manual,12,1210
SUV,General,8,86787,Diesel,Automatic,12,9630
Car,General,5,72604,Petrol,Manual,9,4750
Car,Major,1,16931,Diesel,Manual,1,15520
Car,General,3,37633,Diesel,Manual,4,3800
SUV,General,0,2412,Diesel,Manual,0,7310
Bike,Major,4,23002,Petrol,Manual,7,1570
Scooty,General,12,88684,Petrol,Automatic,20,580
Car,General,3,27759,Petrol,Manual,5,4200
SUV,Repair,14,155376,Petrol,Automatic,22,35460
Bike,General,10,56534,Petrol,Manual,13,660
SUV,General,9,121411,Diesel,Manual,16,9670
Electric Bike,General,3,22057,EV,Automatic,4,560
Scooty,Major,10,50849,Petrol,Automatic,16,2780
Scooty,Major,1,6731,Petrol,Automatic,1,1860
Car,General,8,99610,Petrol,Manual,11,3970
Electric Scooter,Major,1,5179,EV,Automatic,1,1580
Bike,Repair,6,57945,Petrol,Manual,9,3540
Bike,General,9,82236,Petrol,Manual,13,1290
Car,Major,5,48029,Petrol,Automatic,9,12990
Car,General,3,37265,Petrol,Automatic,5,4330
Bike,Repair,9,56358,Petrol,Manual,14,3220
SUV,General,4,75535,Diesel,Automatic,6,12140
Car,General,9,126714,Diesel,Automatic,11,7420
Electric Scooter,General,2,16428,EV,Automatic,2,460
Scooty,General,4,31313,Petrol,Automatic,5,550
Bike,General,8,78001,Petrol,Manual,14,1220
Car,General,0,800,Petrol,Manual,0,4140
SUV,General,4,50212,Diesel,Manual,6,6770
Car,Major,9,114894,Hybrid,Manual,17,18670
Bike,Repair,4,37808,Petrol,Manual,7,2770
Scooty,Major,7,49066,Petrol,Automatic,9,2140
Car,Major,2,26093,Petrol,Manual,2,10410
SUV,Major,1,16502,Diesel,Manual,1,18220
SUV,General,10,148159,Diesel,Manual,16,8850
SUV,General,8,84064,Diesel,Manual,11,9780
Electric Scooter,General,3,12840,EV,Automatic,4,560
Car,Major,8,131174,Petrol,Automatic,14,13980
Car,General,14,192260,Petrol,Manual,17,5540
Bike,General,4,21499,Petrol,Automatic,6,1240
Electric Scooter,Repair,1,7755,EV,Automatic,1,1140
Scooty,Major,2,13849,Petrol,Automatic,3,1680
SUV,Major,7,94418,Petrol,Manual,10,16350
Car,General,9,98951,Diesel,Manual,16,6310
Car,General,2,22290,Petrol,Automatic,2,4280
Bike,General,5,36628,Petrol,Manual,6,1160
SUV,Repair,11,183214,Petrol,Automatic,15,35910
Scooty,Repair,4,31081,Petrol,Automatic,6,2180
Car,General,9,106364,Petrol,Automatic,11,6960
Scooty,General,8,52142,Petrol,Automatic,9,570
Scooty,Major,9,50839,Petrol,Automatic,16,1650
Bike,General,5,44190,Petrol,Manual,8,950
Scooty,Major,7,35334,Petrol,Automatic,9,2030
Car,General,1,14915,Hybrid,Manual,1,3730
Bike,Repair,1,12233,Petrol,Manual,1,1740
Scooty,Major,4,24180,Petrol,Automatic,4,1500
Bike,General,3,21760,Petrol,Manual,5,880
SUV,General,5,71699,Diesel,Automatic,8,10910
SUV,Repair,5,82026,Petrol,Manual,7,27690
Car,Major,11,89624,Petrol,Automatic,18,18080
Car,General,4,38753,Diesel,Automatic,7,6610
SUV,Repair,8,96467,Diesel,Automatic,12,33200
Car,General,11,153399,Diesel,Manual,18,7820
Bike,Repair,0,2797,Petrol,Manual,0,1310
Electric Scooter,General,1,5883,EV,Automatic,1,380
Scooty,Major,13,98964,Petrol,Automatic,21,2730
Scooty,General,3,17101,Petrol,Automatic,4,490
Car,Major,10,160947,Petrol,Automatic,15,19080
SUV,General,3,41128,Diesel,Automatic,4,8120
Car,General,5,44648,Hybrid,Automatic,7,5080
Car,Repair,10,95171,Diesel,Manual,19,25650
Car,General,6,55082,Hybrid,Manual,8,4430
Electric Bike,General,0,500,EV,Automatic,0,470
SUV,General,5,88975,Petrol,Automatic,6,7330
Car,General,5,65803,Petrol,Manual,8,4110
Car,General,6,66691,EV,Automatic,10,3820
SUV,Major,7,94936,Diesel,Automatic,10,23540
Bike,General,5,30605,Petrol,Manual,6,680
SUV,General,2,25388,Petrol,Automatic,2,7190
Bike,Major,5,29389,Petrol,Manual,9,1560
Car,Repair,7,75681,Petrol,Manual,10,15200
Bike,General,8,67281,Petrol,Automatic,13,600
Car,General,2,34451,Petrol,Automatic,3,4940
Car,Major,3,28378,Diesel,Automatic,4,12820
Bike,Major,2,11197,Petrol,Manual,3,1540
Car,General,4,62531,Diesel,Manual,6,5660
Bike,General,1,10680,Petrol,Manual,1,1040
Scooty,Major,8,44109,Petrol,Automatic,11,1740
Bike,General,9,58156,Petrol,Manual,10,730
SUV,General,3,59483,Diesel,Manual,4,10040
SUV,Major,10,151824,EV,Automatic,15,17850
SUV,Major,5,84871,Petrol,Automatic,6,17080
Electric Scooter,General,2,16459,EV,Automatic,3,410
Scooty,General,6,25479,Petrol,Automatic,10,630
Bike,General,7,64112,Petrol,Manual,10,1000
Car,General,11,127740,Petrol,Manual,16,4930
SUV,General,8,83192,Diesel,Manual,10,10330
Bike,Major,8,43673,Petrol,Manual,14,2020
Bike,Major,4,25377,Petrol,Manual,6,1610
SUV,Major,7,86950,Diesel,Automatic,8,35690
SUV,General,7,68705,Diesel,Manual,11,9780
SUV,Major,2,29713,Petrol,Automatic,3,21280
Bike,General,7,45210,Petrol,Manual,12,1200
Car,General,6,94609,Diesel,Manual,8,5320
Bike,General,4,38122,Petrol,Manual,5,840
Car,Major,4,56558,Diesel,Manual,6,12560
Electric Bike,General,3,17270,EV,Automatic,5,470
Car,Major,5,40909,Petrol,Manual,8,9040
Car,General,2,25484,Diesel,Manual,3,6610
Scooty,Major,9,63888,Petrol,Automatic,17,3050
Car,Major,4,41076,Petrol,Manual,6,7880
Car,Major,5,53194,Petrol,Manual,6,10790
Bike,General,5,32082,Petrol,Manual,7,560
Car,General,1,11655,Hybrid,Manual,1,4340
SUV,General,9,115464,EV,Automatic,16,7090
SUV,General,1,10334,Diesel,Automatic,1,7790
Car,General,1,16979,Diesel,Automatic,1,4880
SUV,Repair,6,66094,Diesel,Manual,8,28410
SUV,Repair,8,83134,Diesel,Automatic,14,30460
Scooty,General,6,41280,Petrol,Automatic,8,500
Car,Repair,10,81938,Diesel,Manual,16,19920
SUV,General,11,146941,Diesel,Manual,19,8530
Scooty,Major,6,29862,Petrol,Automatic,8,2080
SUV,Major,8,154262,Petrol,Automatic,9,27690
SUV,General,3,36459,EV,Automatic,5,5170
Bike,Major,2,14359,Petrol,Manual,2,1590
Bike,Repair,11,66969,Petrol,Manual,18,3950
SUV,General,4,67363,Petrol,Manual,6,7410
Bike,Repair,3,15528,Petrol,Manual,5,2000
Car,Major,3,42264,Petrol,Automatic,4,15660
SUV,Major,9,126147,Petrol,Manual,16,22530
Electric Scooter,Repair,1,9028,EV,Automatic,1,1530
Bike,General,10,68747,Petrol,Automatic,14,1350
Car,Major,8,129383,EV,Automatic,13,12650
Bike,General,11,66824,Petrol,Manual,17,1250
Bike,General,9,62439,Petrol,Manual,10,1200
Bike,Major,6,52154,Petrol,Manual,11,2100
Car,Major,6,55968,Petrol,Manual,10,11580
Car,Major,12,193853,Diesel,Manual,23,18450
Scooty,General,3,18975,Petrol,Automatic,4,850
SUV,General,4,42144,Diesel,Automatic,6,10110
Car,General,5,48887,Petrol,Automatic,7,5730
SUV,Major,5,88110,Diesel,Manual,8,24890
Car,Major,14,134456,Petrol,Manual,20,17190
Bike,Major,2,11900,Petrol,Manual,3,2450
SUV,General,4,48338,Diesel,Manual,7,7550
Car,General,9,115692,Diesel,Manual,17,6180
SUV,Major,3,53362,Petrol,Automatic,5,19940
Bike,General,4,19669,Petrol,Manual,6,800
Scooty,General,9,60862,Petrol,Automatic,12,520
Scooty,General,3,15066,Petrol,Automatic,4,610
Car,Major,8,120900,Hybrid,Manual,13,10420
Bike,General,12,99437,Petrol,Manual,21,660
SUV,General,6,67317,Diesel,Automatic,9,9310
Car,General,9,130260,Diesel,Manual,16,7240
Scooty,Major,7,52247,Petrol,Automatic,8,2130
Car,General,6,93360,Petrol,Automatic,11,4670
Car,Repair,14,216847,Diesel,Manual,20,34230
SUV,General,4,43539,Diesel,Automatic,5,12400
Bike,General,5,35013,Petrol,Manual,9,1070
SUV,Major,8,115582,Diesel,Automatic,14,20600
SUV,Repair,4,60627,Diesel,Manual,5,25400
Bike,General,1,9175,Petrol,Manual,1,880
SUV,General,9,113070,Petrol,Manual,16,9770
Car,General,1,11559,Petrol,Manual,1,3620
Scooty,Major,3,12642,Petrol,Automatic,4,1280
Scooty,Repair,6,32553,Petrol,Automatic,8,3180
Bike,Major,3,18227,Petrol,Automatic,5,1980
Car,Major,3,46286,Petrol,Manual,3,11750
Scooty,Repair,4,24274,Petrol,Automatic,7,1590
Electric Scooter,Major,3,23387,EV,Automatic,5,1060
SUV,Major,9,110447,Petrol,Automatic,16,21280
Car,General,3,45087,Diesel,Manual,5,4140
Bike,Major,2,13033,Petrol,Manual,3,2760
Scooty,Major,5,27426,Petrol,Automatic,7,1700
Bike,Repair,4,24426,Petrol,Manual,7,1830
Bike,General,9,80187,Petrol,Manual,16,1250
SUV,Major,5,56674,Diesel,Automatic,7,24680
Car,Major,11,157721,Petrol,Manual,17,11990
SUV,General,1,21133,Petrol,Manual,1,5710
Scooty,General,2,12505,Petrol,Automatic,3,720
Car,General,13,189733,Petrol,Automatic,25,5840
Electric Scooter,Major,2,14926,EV,Automatic,2,1840
Bike,Major,5,45679,Petrol,Manual,9,2490
Car,General,9,111094,Petrol,Manual,16,5710
Scooty,Major,4,24790,Petrol,Automatic,5,1450
Scooty,Repair,4,27426,Petrol,Automatic,5,1520
Bike,Major,5,26295,Petrol,Manual,8,1520
Bike,General,4,38543,Petrol,Manual,7,710
SUV,General,4,66847,Petrol,Manual,5,8780
Car,General,5,54667,Petrol,Automatic,8,5680
Car,General,8,73213,Petrol,Manual,9,4220
Scooty,Repair,8,62567,Petrol,Automatic,10,3230
Car,General,9,86231,Petrol,Manual,16,3690
Car,General,2,36872,Petrol,Manual,3,3730
SUV,General,11,115591,EV,Automatic,18,7830
Car,General,4,44304,Petrol,Manual,6,3620
Car,General,6,92269,EV,Automatic,11,4430
Bike,General,4,32177,Petrol,Manual,5,970
Car,Major,6,90558,Petrol,Automatic,11,17140
SUV,Major,7,136239,Petrol,Manual,12,23350
Bike,Major,5,30417,Petrol,Manual,6,2530
SUV,Repair,8,104355,Petrol,Automatic,14,28660
Car,Major,5,49196,Petrol,Automatic,7,10580
Car,Major,6,89293,Petrol,Automatic,10,12660
SUV,General,10,112053,Hybrid,Manual,19,10360
Car,General,7,87934,Petrol,Manual,11,5200
Bike,Repair,8,61519,Petrol,Manual,14,2860
Car,Repair,3,31048,Diesel,Manual,4,10750
Car,Major,5,70228,EV,Automatic,7,12090
SUV,General,5,57554,Diesel,Manual,8,10620
Bike,General,4,30438,Petrol,Manual,5,790
Bike,General,6,57565,Petrol,Manual,9,850
Car,Major,10,86886,EV,Automatic,16,12820
Electric Scooter,General,1,6843,EV,Automatic,1,470
Car,General,11,126974,Diesel,Manual,21,5480
Scooty,General,6,44205,Petrol,Automatic,7,870
Scooty,Major,8,55735,Petrol,Automatic,10,1770
Car,Major,7,69386,Diesel,Manual,11,15810
Car,Repair,2,27765,Diesel,Manual,3,12970
Bike,Major,9,87981,Petrol,Manual,16,2290
Car,Repair,5,67225,EV,Automatic,8,13180
SUV,General,1,14981,Diesel,Automatic,1,8820
Car,Major,1,12900,Petrol,Automatic,1,11070
Car,General,8,112497,Diesel,Manual,11,4650
Scooty,Major,13,75079,Petrol,Automatic,22,2850
SUV,General,12,212180,Petrol,Automatic,21,8870
Scooty,General,2,11410,Petrol,Automatic,3,640
SUV,Repair,7,121312,Diesel,Automatic,9,42640
SUV,Repair,4,77749,EV,Automatic,7,19750
Car,General,11,138692,Petrol,Manual,14,4770
SUV,Major,4,62848,Diesel,Automatic,6,28260
SUV,Major,3,40633,Petrol,Automatic,5,20260
Electric Bike,General,0,1642,EV,Automatic,0,690
Scooty,Major,6,32329,Petrol,Automatic,9,1610
SUV,Major,13,202246,Petrol,Manual,17,26480
Bike,Repair,3,24726,Petrol,Manual,4,2490
Electric Scooter,General,2,12781,EV,Automatic,3,610
Car,Repair,6,87583,EV,Automatic,10,9180
Car,Repair,9,92201,Petrol,Manual,12,19220
Bike,Repair,3,20560,Petrol,Manual,4,2070
Car,General,9,133340,Petrol,Automatic,15,6210
SUV,Repair,3,45652,Diesel,Automatic,5,27200
Bike,General,6,45654,Petrol,Automatic,9,700
Electric Bike,Repair,4,23539,EV,Automatic,5,2340
SUV,Major,12,218061,Petrol,Automatic,19,28010
Bike,General,8,68801,Petrol,Manual,11,1210
Bike,General,8,63875,Petrol,Automatic,13,670
Car,Major,6,61144,Diesel,Manual,7,11340
Car,General,8,111574,Diesel,Automatic,15,7810
Car,Major,0,800,Petrol,Automatic,0,10590
Car,General,10,143449,Diesel,Manual,17,7410
Car,General,6,81603,Petrol,Manual,10,5250
Car,Repair,14,211655,Petrol,Manual,22,23220
Bike,Major,8,53764,Petrol,Manual,14,3470
Bike,General,12,68328,Petrol,Manual,16,790
Bike,Repair,7,48019,Petrol,Automatic,10,2400
Bike,Repair,2,21096,Petrol,Manual,2,2690
Car,Major,6,74869,EV,Automatic,10,11370
SUV,Repair,7,142359,Petrol,Automatic,9,36550
SUV,Major,4,69225,Diesel,Manual,6,22310
Car,Major,8,121394,Petrol,Manual,12,16030
SUV,Major,14,144736,Diesel,Manual,23,37850
Electric Bike,Repair,3,26516,EV,Automatic,4,1780
Scooty,General,3,24256,Petrol,Automatic,5,640
Bike,General,5,39959,Petrol,Manual,8,800
Car,Major,5,50969,Diesel,Automatic,9,19790
Car,General,12,190214,Petrol,Manual,18,4870
Bike,General,4,28322,Petrol,Automatic,6,670
SUV,Repair,5,69672,Diesel,Manual,6,29680
Bike,General,8,61203,Petrol,Manual,12,890
Car,Major,1,13195,Petrol,Manual,1,10810
SUV,General,4,78988,Petrol,Automatic,6,6770
SUV,General,6,80004,Diesel,Manual,7,7190
Car,Major,4,38145,Diesel,Automatic,6,19390
Car,General,5,55012,Petrol,Automatic,6,5820
Bike,Major,6,58952,Petrol,Manual,11,2380
Car,Major,3,25318,Petrol,Manual,5,13130
Scooty,Major,6,37467,Petrol,Automatic,8,2310
SUV,Repair,13,201165,Petrol,Manual,24,49840
Bike,General,7,44265,Petrol,Manual,9,1000
Car,General,10,103035,Petrol,Manual,12,5550
Car,General,13,108241,Diesel,Manual,19,4760
SUV,Major,4,80029,EV,Automatic,6,13530
Scooty,General,3,16778,Petrol,Automatic,4,820
Bike,General,10,76297,Petrol,Manual,19,680
Scooty,General,8,54007,Petrol,Automatic,13,810
Car,Major,11,148448,Diesel,Manual,17,18170
SUV,General,1,12900,Petrol,Manual,1,5770
Car,Major,10,136446,Petrol,Manual,14,11760
SUV,General,3,55694,Diesel,Automatic,3,10690
SUV,General,6,90512,Diesel,Manual,8,7310
Bike,Major,5,33706,Petrol,Automatic,8,2110
Car,General,11,144845,Diesel,Automatic,16,8200
Scooty,General,5,19152,Petrol,Automatic,6,910
Scooty,Major,2,8478,Petrol,Automatic,2,1650
Bike,General,12,101800,Petrol,Manual,19,750
SUV,General,6,77897,Diesel,Automatic,8,10870
SUV,General,8,157792,Diesel,Automatic,13,11320
Bike,General,7,47537,Petrol,Manual,13,860
SUV,Major,7,88924,Petrol,Automatic,12,21760
Car,General,6,85310,EV,Automatic,11,4510
Car,General,6,65257,Hybrid,Automatic,8,6370
Car,Major,6,87753,Petrol,Manual,7,8940
SUV,General,6,88322,Petrol,Manual,10,6800
Electric Scooter,Major,1,7344,EV,Automatic,1,1670
Bike,General,6,57593,Petrol,Automatic,10,1070
Bike,Major,6,54595,Petrol,Manual,11,1940
Bike,Major,1,10830,Petrol,Manual,1,2280
SUV,General,4,58209,EV,Automatic,6,5410
Scooty,Major,7,34760,Petrol,Automatic,12,1780
Car,General,3,43919,EV,Automatic,4,3270
SUV,General,11,190581,Petrol,Automatic,15,8320
Electric Bike,Major,2,17355,EV,Automatic,3,1780
SUV,General,8,127959,Petrol,Automatic,15,7250
Bike,Major,5,40502,Petrol,Manual,7,2600
Electric Scooter,Major,1,6516,EV,Automatic,1,880
Bike,Repair,8,80553,Petrol,Manual,15,3730
Car,General,9,139544,Diesel,Manual,10,5800
Electric Scooter,Major,2,13048,EV,Automatic,3,1860
Electric Scooter,Major,2,9334,EV,Automatic,3,1310
Car,General,2,18731,Diesel,Automatic,2,4230
Bike,Major,7,58819,Petrol,Manual,11,2970
Car,Major,6,59786,Diesel,Manual,7,15600
Bike,General,12,76755,Petrol,Manual,16,1050
Electric Scooter,General,1,6419,EV,Automatic,1,820
Bike,General,7,40861,Petrol,Manual,11,660
Car,General,11,165329,Diesel,Manual,15,7090
Scooty,Repair,8,38858,Petrol,Automatic,12,3250
Car,General,2,23390,Diesel,Manual,2,5630
Car,General,6,74064,Hybrid,Manual,7,5020
Car,General,9,74587,Diesel,Automatic,14,5360
Car,Repair,9,138278,Hybrid,Automatic,14,26410
SUV,General,4,83175,Diesel,Automatic,5,9590
Car,Major,10,88046,EV,Automatic,15,10930
Car,Major,4,32197,Petrol,Automatic,7,14700
SUV,Major,1,18704,Diesel,Manual,1,20320
Electric Scooter,General,2,14117,EV,Automatic,3,580
Car,Major,8,118222,EV,Automatic,10,11110
Scooty,General,2,12625,Petrol,Automatic,2,600
Scooty,Repair,2,11697,Petrol,Automatic,3,1110
Bike,Repair,14,80920,Petrol,Manual,26,6700
Bike,General,4,32397,Petrol,Automatic,7,1050
Electric Bike,Major,1,6608,EV,Automatic,1,1950
Electric Bike,Major,2,14679,EV,Automatic,3,1800
Car,General,4,36522,Petrol,Automatic,6,6060
Bike,General,7,48033,Petrol,Manual,13,660
Car,Major,9,82261,Petrol,Manual,15,15660
Electric Scooter,General,2,12194,EV,Automatic,3,570
Scooty,Major,4,19448,Petrol,Automatic,6,2010
SUV,Major,1,19455,Diesel,Automatic,1,19630
Car,Repair,3,37002,Diesel,Manual,5,11050
Bike,General,2,9490,Petrol,Manual,3,630
SUV,Repair,5,84672,Petrol,Automatic,9,23350
Car,General,12,183446,Petrol,Automatic,17,5620
Scooty,Major,5,23166,Petrol,Automatic,9,1410
Scooty,General,8,43247,Petrol,Automatic,15,580
Car,General,9,98515,Petrol,Manual,13,4400
Scooty,General,8,43441,Petrol,Automatic,12,990
Bike,Repair,11,60857,Petrol,Manual,16,2860
Bike,Major,6,57589,Petrol,Automatic,9,3080
SUV,General,1,12728,Petrol,Automatic,1,7820
Car,General,8,82611,Diesel,Automatic,11,7780
Scooty,Repair,2,12571,Petrol,Automatic,3,1290
Bike,General,8,72344,Petrol,Manual,11,1080
Bike,General,7,51018,Petrol,Manual,11,980
Car,General,5,56454,Petrol,Manual,7,4460
Bike,Major,9,78161,Petrol,Manual,15,3210
Car,Major,3,44040,Petrol,Manual,5,8780
Electric Scooter,Repair,1,5860,EV,Automatic,1,1660
Electric Scooter,General,1,5057,EV,Automatic,1,590
Car,General,5,84287,Petrol,Automatic,6,4690
SUV,General,5,84610,Petrol,Automatic,8,7480
Bike,General,6,55582,Petrol,Manual,10,710
Car,General,7,109664,Diesel,Automatic,11,6170
Car,General,3,26911,Petrol,Manual,4,3320
Bike,Major,7,62573,Petrol,Manual,10,1760
SUV,General,8,90442,Petrol,Manual,15,6100
SUV,General,3,39837,Petrol,Manual,4,7460
Car,General,3,38787,Petrol,Manual,5,5520
SUV,Major,3,58391,Diesel,Automatic,5,22310
Bike,General,3,29609,Petrol,Manual,3,850
Car,Major,9,122310,Diesel,Manual,11,14990
Scooty,General,3,17287,Petrol,Automatic,4,620
Car,General,6,48419,Diesel,Automatic,8,7700
SUV,General,5,59497,Petrol,Automatic,8,6860
Scooty,General,1,5892,Petrol,Automatic,1,860
Bike,Major,4,25828,Petrol,Manual,5,1930
Car,General,7,69946,Petrol,Manual,12,4670
Car,General,11,116163,Petrol,Automatic,19,4960
Car,Repair,13,134860,Petrol,Manual,19,16440
SUV,General,1,18798,Diesel,Automatic,1,9260
SUV,General,0,1000,Petrol,Manual,0,6570
Scooty,General,10,81706,Petrol,Automatic,17,930
SUV,General,13,174067,Hybrid,Manual,19,12060
Scooty,General,5,31209,Petrol,Automatic,8,800
Bike,General,9,72063,Petrol,Manual,12,690
SUV,Repair,6,63000,Petrol,Automatic,9,26520
Bike,Major,2,17764,Petrol,Manual,3,1300
Car,Major,5,52791,Petrol,Manual,6,14030
SUV,General,12,223763,Diesel,Manual,19,11810
SUV,General,2,29429,Diesel,Automatic,3,9200
SUV,General,2,27316,Diesel,Manual,3,6600
Car,General,7,96426,Diesel,Manual,11,5270
Car,Major,9,73354,Diesel,Automatic,16,14610
Car,General,3,40735,Diesel,Manual,5,3690
Car,General,10,157134,Petrol,Automatic,13,6230
Car,General,3,43653,Diesel,Manual,5,5020
Car,General,4,44213,Diesel,Automatic,5,5890
Car,Major,4,40956,EV,Automatic,5,9640
Car,Major,7,82945,Petrol,Automatic,10,16350
SUV,General,7,86461,Diesel,Automatic,12,7810
SUV,General,6,91573,Diesel,Manual,7,10080
SUV,General,4,55259,Petrol,Manual,6,7020
Bike,Major,6,50626,Petrol,Manual,7,1550
SUV,General,1,21750,Hybrid,Manual,1,5980
Electric Scooter,General,3,12546,EV,Automatic,4,520
Car,Major,6,68959,Diesel,Automatic,8,19420
Car,General,5,64285,Petrol,Automatic,8,4310
SUV,General,4,45726,Diesel,Manual,6,7220
Scooty,Repair,3,12025,Petrol,Automatic,4,1690
Bike,Major,4,31878,Petrol,Manual,7,1510
Scooty,Major,8,59052,Petrol,Automatic,15,2450
Scooty,General,6,48042,Petrol,Automatic,11,560
Car,General,2,20675,Diesel,Manual,3,5900
Bike,General,5,38090,Petrol,Manual,6,990
SUV,General,5,83087,Diesel,Automatic,6,10810
Scooty,Major,3,23038,Petrol,Automatic,4,1180
Bike,General,4,30441,Petrol,Manual,7,980
Car,General,7,105399,Petrol,Manual,8,3670
Scooty,General,5,33175,Petrol,Automatic,7,670
Scooty,Repair,5,32501,Petrol,Automatic,6,1940
Electric Scooter,Repair,2,15544,EV,Automatic,2,1840
Scooty,General,5,33438,Petrol,Automatic,6,890
Car,General,5,64207,Petrol,Manual,9,5870
Car,Repair,3,42720,Diesel,Automatic,4,16880
Electric Bike,Repair,3,18487,EV,Automatic,5,1240
Scooty,General,1,6594,Petrol,Automatic,1,460
SUV,Major,11,168385,Hybrid,Automatic,13,32040
SUV,General,4,73166,Petrol,Automatic,6,7630
SUV,General,8,112165,Diesel,Automatic,10,8890
Bike,General,9,75000,Petrol,Manual,11,1140
Bike,General,8,74498,Petrol,Manual,13,1280
Bike,Repair,12,78941,Petrol,Manual,18,3480
Car,Major,10,154663,Petrol,Automatic,15,14550
SUV,General,8,109990,Diesel,Automatic,11,11260
Bike,Major,8,76717,Petrol,Manual,10,3220
SUV,General,11,181475,Diesel,Manual,15,7600
Scooty,General,7,32129,Petrol,Automatic,10,690
SUV,General,5,66367,Diesel,Manual,7,7020
SUV,General,8,150121,Petrol,Automatic,10,6940
SUV,Repair,4,60988,Diesel,Automatic,5,34060
Bike,Repair,1,4030,Petrol,Manual,1,1180
Electric Bike,Major,2,17798,EV,Automatic,2,1520
Electric Scooter,General,2,9948,EV,Automatic,3,640
SUV,General,9,174558,Diesel,Manual,10,9150
SUV,Major,6,106633,Petrol,Automatic,8,17430
Car,Major,7,100754,Petrol,Manual,10,10440
Car,Major,7,59124,Hybrid,Manual,10,14260
SUV,Major,2,37615,EV,Automatic,2,13710
Car,General,10,93204,Petrol,Manual,14,4990
Car,General,9,124172,EV,Automatic,17,4610
Car,Major,4,40780,Hybrid,Manual,5,10360
Car,Major,6,65249,Petrol,Automatic,9,14950
Electric Scooter,General,1,9046,EV,Automatic,1,550
Car,General,1,19495,Petrol,Automatic,1,4620
Bike,General,0,500,Petrol,Manual,0,910
Car,General,10,141638,Petrol,Automatic,19,6860
SUV,General,4,49552,Petrol,Automatic,5,7160
Car,General,4,36534,Diesel,Automatic,4,6230
Car,General,3,30520,Diesel,Manual,5,5120
Electric Scooter,Major,1,5694,EV,Automatic,1,930
Car,General,8,122585,Diesel,Automatic,10,6440
Car,General,6,62665,Petrol,Manual,10,4420
Electric Bike,Major,3,23423,EV,Automatic,5,1960
SUV,General,6,105558,Diesel,Automatic,10,12120
SUV,Major,7,138318,Diesel,Manual,8,28290
Scooty,General,4,16538,Petrol,Automatic,6,450
SUV,General,4,80015,Diesel,Manual,6,8120
SUV,General,9,155496,Diesel,Manual,16,6960
Electric Bike,General,2,19581,EV,Automatic,3,870
Electric Bike,Major,1,5106,EV,Automatic,1,1980
Car,Major,6,62121,Diesel,Automatic,9,13490
Car,General,9,122608,Petrol,Automatic,11,4320
Bike,General,6,44286,Petrol,Manual,10,780
Scooty,Repair,5,24482,Petrol,Automatic,8,1830
Car,General,3,44473,Petrol,Automatic,5,6250
SUV,General,2,27741,Diesel,Automatic,3,7030
Car,General,5,77743,EV,Automatic,7,4190
Car,Major,6,54083,Diesel,Manual,10,12160
Electric Bike,General,1,6006,EV,Automatic,1,610
SUV,Repair,6,79495,Diesel,Automatic,7,33930
Car,Repair,6,90527,Petrol,Manual,7,13920
Car,General,2,24691,Petrol,Manual,3,2970
SUV,General,4,51384,Diesel,Automatic,7,11220
SUV,General,12,151404,Petrol,Automatic,15,8060
Electric Scooter,Major,0,1509,EV,Automatic,0,1370
Car,General,8,118621,Diesel,Manual,14,4970
Scooty,General,1,5534,Petrol,Automatic,1,900
SUV,General,4,49110,Hybrid,Automatic,7,8120
Car,General,7,114104,Diesel,Automatic,9,6740
Scooty,General,11,77412,Petrol,Automatic,18,740
Scooty,General,4,28005,Petrol,Automatic,7,470
SUV,Major,0,3229,Diesel,Automatic,0,17920
Car,General,6,66030,Diesel,Automatic,9,7300
Electric Scooter,General,3,17390,EV,Automatic,4,440
Scooty,Major,0,1681,Petrol,Automatic,0,1980
Car,Major,9,97438,Diesel,Manual,14,17470
SUV,Repair,1,18477,Diesel,Automatic,1,25110
Car,Major,3,34233,Petrol,Automatic,5,14940
Bike,Major,5,48517,Petrol,Manual,7,2170
SUV,General,4,52344,Diesel,Automatic,5,10620
Scooty,General,7,43052,Petrol,Automatic,10,1010
Car,Major,8,69315,EV,Automatic,13,11840
SUV,General,2,26955,EV,Automatic,3,6290
SUV,General,1,10771,Diesel,Automatic,1,9340
Scooty,General,2,12399,Petrol,Automatic,3,780
Scooty,Repair,1,8275,Petrol,Automatic,1,1020
Car,General,5,49895,Diesel,Manual,8,4200
Car,Major,12,181374,Petrol,Manual,21,14310
Electric Bike,General,3,18781,EV,Automatic,3,530
Scooty,Major,1,5199,Petrol,Automatic,1,1110
Car,General,9,100142,Petrol,Automatic,16,6690
Car,General,4,53177,Petrol,Manual,6,3630
Scooty,Major,4,24817,Petrol,Automatic,6,1640
Car,Major,3,26469,Diesel,Manual,4,12190
Scooty,Major,8,37472,Petrol,Automatic,12,1730
Car,Repair,8,118433,Petrol,Automatic,14,20470
Bike,General,6,54357,Petrol,Manual,7,1020
Electric Scooter,Major,1,5477,EV,Automatic,1,1320
Car,Major,7,81821,Petrol,Automatic,11,15390
Bike,General,0,500,Petrol,Automatic,0,920
Scooty,General,12,87735,Petrol,Automatic,16,710
Car,General,9,113044,Diesel,Automatic,15,8350
Bike,General,6,52458,Petrol,Manual,10,890
SUV,Repair,4,55346,Diesel,Automatic,7,21490
Car,General,5,73455,Petrol,Automatic,8,4320
Car,Major,9,111843,Diesel,Manual,13,13220
Car,General,5,67765,Petrol,Automatic,9,5420
SUV,Major,7,100400,Petrol,Automatic,10,24930
Electric Scooter,Major,1,5481,EV,Automatic,1,1120
Bike,Major,10,91511,Petrol,Manual,18,2870
Car,Repair,5,76579,Petrol,Manual,8,10170
SUV,General,6,103785,Diesel,Automatic,10,10280
Car,General,5,46340,Diesel,Manual,6,6490
SUV,Major,3,30227,Petrol,Automatic,4,20460
Car,General,0,4665,Hybrid,Automatic,0,4430
Bike,Major,1,8587,Petrol,Manual,1,2640
Bike,General,12,111531,Petrol,Manual,18,1420
Scooty,General,8,42855,Petrol,Automatic,12,690
SUV,General,11,170481,Petrol,Automatic,20,7050
SUV,Repair,8,92309,Petrol,Manual,14,29570
Car,Major,5,74650,Petrol,Manual,7,13360
Bike,Major,6,36548,Petrol,Manual,9,2560
Scooty,General,3,18499,Petrol,Automatic,4,600
Car,General,1,19668,Petrol,Automatic,1,5400
SUV,Repair,3,45154,Petrol,Manual,5,17920
Bike,General,7,49478,Petrol,Manual,11,780
Electric Bike,Repair,3,16618,EV,Automatic,4,1200
Scooty,Repair,8,38883,Petrol,Automatic,13,1880
Electric Bike,General,0,500,EV,Automatic,0,810
SUV,General,8,78773,Petrol,Manual,15,8690
SUV,General,13,172128,Diesel,Manual,22,10300
Car,Major,10,126740,Petrol,Automatic,17,15050
SUV,General,12,167638,Diesel,Automatic,18,13730
Car,Major,1,13078,EV,Automatic,1,7630
SUV,Major,7,80931,Diesel,Manual,8,26380
SUV,Major,5,83296,Hybrid,Manual,6,26980
Bike,Major,4,27365,Petrol,Manual,5,1690
Electric Scooter,General,2,15215,EV,Automatic,3,720
SUV,Major,5,83823,Diesel,Automatic,8,24100
Car,Repair,8,71422,Diesel,Manual,11,14280
Car,Major,7,64834,Diesel,Manual,11,14170
SUV,General,3,39412,Petrol,Manual,4,7010
Car,General,6,59386,Diesel,Manual,8,5770
Car,Major,9,120037,Hybrid,Manual,15,13930
SUV,General,2,31149,Diesel,Manual,2,7020
SUV,General,1,11737,Diesel,Automatic,1,7310
Car,General,9,102094,Petrol,Automatic,12,6290
Car,Major,5,50931,Diesel,Manual,8,12320
Car,General,8,91558,Petrol,Manual,13,5400
Bike,General,13,68367,Petrol,Manual,15,870
SUV,Major,6,80410,Hybrid,Manual,7,17030
SUV,General,4,66845,Petrol,Manual,5,7620
Scooty,General,4,32953,Petrol,Automatic,6,800
Bike,Major,7,65109,Petrol,Manual,8,1850
Car,Major,14,119007,EV,Automatic,21,13570
Car,Major,7,82929,Petrol,Manual,8,11740
Bike,Major,6,47649,Petrol,Manual,10,2090
SUV,General,7,75054,EV,Automatic,13,5980
Electric Bike,Major,2,14050,EV,Automatic,2,1700
Bike,General,8,52172,Petrol,Manual,11,1030
Bike,Major,8,78421,Petrol,Manual,10,2490
Car,General,2,13974,Petrol,Manual,3,3500
Car,General,14,111898,Petrol,Manual,20,5240
SUV,General,3,62881,Petrol,Manual,4,6660
Car,General,12,101412,Diesel,Automatic,20,7360
Car,General,8,103118,Hybrid,Manual,11,4630
Scooty,General,1,4646,Petrol,Automatic,1,860
SUV,General,4,45888,Petrol,Manual,5,6470
Bike,General,2,12344,Petrol,Manual,3,1050
Electric Bike,Repair,2,18635,EV,Automatic,2,1970
Bike,General,3,21688,Petrol,Manual,5,750
Bike,General,4,20900,Petrol,Automatic,6,1080
Bike,Major,10,85524,Petrol,Manual,17,2950
Bike,Major,2,19022,Petrol,Manual,3,1330
Car,Repair,12,186340,Diesel,Manual,23,32820
Scooty,Major,3,15164,Petrol,Automatic,5,2310
Car,General,8,71850,Diesel,Automatic,11,5440
Car,Major,7,107481,Petrol,Manual,9,13970
Bike,General,9,84707,Petrol,Manual,15,1160
Scooty,General,6,25284,Petrol,Automatic,11,730
Electric Scooter,Major,2,12013,EV,Automatic,2,860
Car,Major,5,50261,Petrol,Automatic,8,14410
Electric Bike,General,3,19101,EV,Automatic,4,450
Bike,General,8,80105,Petrol,Manual,9,750
SUV,General,2,43180,Diesel,Automatic,3,10310
Bike,Major,7,62488,Petrol,Manual,11,2350
SUV,General,1,20585,Diesel,Automatic,1,9800
Car,Major,5,52985,Petrol,Manual,6,11610
Car,Repair,5,79937,Petrol,Manual,8,14850
Car,General,5,65082,Petrol,Automatic,6,4750
SUV,General,7,119154,EV,Automatic,8,7810
Car,Repair,12,100655,Petrol,Automatic,15,20490
Bike,General,8,71540,Petrol,Manual,11,1120
Car,General,12,129069,EV,Automatic,20,4680
Car,General,3,38161,Diesel,Manual,5,4850
Car,General,4,40899,Petrol,Manual,4,5180
Car,Repair,13,161322,Petrol,Manual,24,26560
Scooty,General,3,16042,Petrol,Automatic,5,440
Scooty,General,6,35063,Petrol,Automatic,7,970
Car,Major,12,114945,Diesel,Manual,17,14030
Car,General,13,165643,Petrol,Manual,24,5950
Scooty,General,7,50058,Petrol,Automatic,13,720
Car,General,1,9118,Petrol,Automatic,1,5520
Car,General,2,26562,EV,Automatic,2,2690
SUV,Major,6,113012,Diesel,Automatic,7,26810
Electric Bike,Repair,1,10500,EV,Automatic,1,1090
SUV,Major,2,26493,Diesel,Manual,3,21280
SUV,General,1,15206,Diesel,Manual,1,8650
Bike,General,3,27644,Petrol,Manual,5,990
Scooty,Major,7,34928,Petrol,Automatic,10,1750
Electric Bike,General,1,7321,EV,Automatic,1,460
Bike,General,6,48038,Petrol,Manual,10,670
Car,General,7,71764,Hybrid,Manual,11,6610
SUV,Repair,2,24727,Petrol,Automatic,2,18030
Car,General,4,46917,EV,Automatic,6,3060
Car,General,10,156543,Hybrid,Automatic,15,6620
Bike,Major,5,33779,Petrol,Automatic,8,1750
Scooty,General,5,21047,Petrol,Automatic,8,800
Bike,Major,11,79288,Petrol,Manual,17,3620
Bike,General,2,11206,Petrol,Manual,2,760
Electric Scooter,General,3,22274,EV,Automatic,5,620
Car,Repair,8,85504,Petrol,Manual,14,16370
Electric Bike,General,1,8948,EV,Automatic,1,450
Car,General,2,19208,Diesel,Manual,3,5050
Bike,Major,8,63212,Petrol,Automatic,14,3670
Electric Scooter,General,1,6292,EV,Automatic,1,420
Bike,Repair,5,48243,Petrol,Manual,7,2990
Bike,General,3,19198,Petrol,Manual,4,860
SUV,General,0,4663,Diesel,Automatic,0,11050
Scooty,Major,3,21455,Petrol,Automatic,3,2200
SUV,General,5,68166,Petrol,Manual,6,9060
Electric Bike,Major,4,26264,EV,Automatic,7,1600
Scooty,Major,4,18806,Petrol,Automatic,4,2450
SUV,Major,11,176286,Petrol,Automatic,17,21660
Car,Major,3,42616,Diesel,Automatic,4,11710
Car,Repair,5,58824,Petrol,Manual,7,9820
Bike,Major,12,113857,Petrol,Manual,20,2890
Electric Scooter,General,1,7391,EV,Automatic,1,510
Scooty,General,2,16070,Petrol,Automatic,3,730
Electric Scooter,Major,3,13816,EV,Automatic,5,1730
SUV,General,3,48427,Petrol,Automatic,4,7940
SUV,Major,2,41673,Diesel,Automatic,3,24470
SUV,Major,4,55134,Diesel,Manual,7,20980
Bike,General,8,47254,Petrol,Manual,10,620
SUV,General,7,115725,Diesel,Manual,13,8370
Bike,Major,5,40920,Petrol,Manual,9,3110
Bike,Repair,8,61713,Petrol,Manual,15,3310
Bike,General,5,38173,Petrol,Manual,6,1130
Car,General,3,29360,Diesel,Manual,5,4870
Car,General,8,75510,Petrol,Automatic,11,5620
Car,General,8,113595,Diesel,Manual,14,6880
Car,General,11,93475,Diesel,Automatic,17,6860
Electric Scooter,General,2,10397,EV,Automatic,3,710
Electric Scooter,General,2,17578,EV,Automatic,2,770
SUV,General,8,132850,Diesel,Automatic,12,10030
Car,Repair,13,145752,Petrol,Automatic,21,27970
SUV,General,5,100921,EV,Automatic,6,7450
Car,Major,13,188249,Petrol,Manual,25,15070
SUV,Major,3,55148,Petrol,Manual,4,17460
Car,General,6,74778,Diesel,Automatic,7,6980
SUV,General,9,171759,Diesel,Manual,16,6890
Car,General,6,91388,Diesel,Manual,8,5500
Car,Repair,6,94901,Petrol,Manual,7,15930
Bike,Major,11,70339,Petrol,Manual,15,3200
Bike,Major,3,31124,Petrol,Manual,5,2630
SUV,General,5,73702,Diesel,Automatic,6,11210
Car,Repair,7,74426,Petrol,Manual,13,12610
Car,General,11,91348,Petrol,Manual,16,5320
Bike,Repair,2,19232,Petrol,Automatic,2,1790
Electric Scooter,Repair,2,10831,EV,Automatic,3,1390
Bike,General,6,56236,Petrol,Manual,9,1150
Scooty,General,6,28395,Petrol,Automatic,10,920
Bike,General,5,43004,Petrol,Manual,6,1060
Car,General,4,41202,Hybrid,Automatic,5,5760
SUV,Major,9,171429,Diesel,Manual,13,33650
Car,General,9,125391,Diesel,Manual,17,6610
Car,Repair,7,70587,Diesel,Manual,13,18880
Scooty,General,8,35701,Petrol,Automatic,15,690
Bike,General,8,63369,Petrol,Manual,15,1110
Bike,Repair,7,67568,Petrol,Manual,12,3090
SUV,General,9,144153,Diesel,Manual,15,9770
Electric Scooter,Major,2,11111,EV,Automatic,3,1380
SUV,Major,3,53504,Hybrid,Automatic,5,19540
Electric Scooter,Major,1,8545,EV,Automatic,1,1570
Car,General,0,800,Petrol,Automatic,0,5370
Car,Repair,5,62681,Diesel,Manual,8,13110
Electric Bike,General,4,24398,EV,Automatic,7,660
Bike,General,4,39697,Petrol,Manual,5,860
SUV,Major,7,139853,Petrol,Manual,11,20590
Bike,Major,4,35882,Petrol,Manual,7,1700
Bike,Repair,3,14600,Petrol,Manual,4,2030
Car,Repair,8,110935,Petrol,Automatic,10,15820
Scooty,Major,10,54524,Petrol,Automatic,19,3000
SUV,Repair,11,156301,Petrol,Manual,16,32090
Bike,Major,2,17658,Petrol,Automatic,2,2730
Bike,General,9,55624,Petrol,Manual,15,840
Electric Scooter,Major,4,26532,EV,Automatic,7,1930
Bike,Major,4,33972,Petrol,Manual,7,2850
Electric Scooter,Major,0,1514,EV,Automatic,0,1330
Bike,Major,10,55307,Petrol,Automatic,13,3460
Bike,General,7,71936,Petrol,Manual,12,880
SUV,General,1,17997,Hybrid,Automatic,1,8010
SUV,Major,10,142046,Diesel,Automatic,16,43420
SUV,Major,9,153719,EV,Automatic,15,19120
Scooty,Major,3,16260,Petrol,Automatic,5,1740
Bike,Major,7,70951,Petrol,Manual,11,2680
Car,Repair,5,40911,EV,Automatic,9,9860
Bike,General,7,69222,Petrol,Manual,11,610
Bike,Repair,7,70537,Petrol,Manual,11,3360
Car,General,6,93184,Diesel,Manual,10,4940
SUV,General,9,112391,Diesel,Manual,13,8950
SUV,Major,1,14079,Diesel,Manual,1,22820
Car,General,7,95510,Diesel,Manual,11,7050
SUV,Major,2,29724,Diesel,Manual,3,27250
Bike,General,6,38849,Petrol,Manual,11,970
Car,General,2,18749,Petrol,Automatic,3,4840
SUV,General,3,50947,Diesel,Manual,5,8810
Bike,General,6,45936,Petrol,Manual,8,980
Bike,Major,9,63635,Petrol,Manual,12,3510
Bike,General,4,34490,Petrol,Manual,7,1170
Bike,Repair,8,49939,Petrol,Manual,14,4580
SUV,General,6,80419,Diesel,Automatic,8,12770
SUV,Major,5,52266,Petrol,Automatic,9,20110
Bike,General,6,50921,Petrol,Manual,10,600
Bike,General,1,9418,Petrol,Automatic,1,920
Car,General,2,20815,Petrol,Manual,3,3480
SUV,Repair,0,4997,Diesel,Automatic,0,21150
Car,Major,9,140396,Petrol,Manual,12,16870
Scooty,Major,10,62778,Petrol,Automatic,13,2200
SUV,Repair,11,145472,Diesel,Manual,16,36100
Car,Major,1,13409,Petrol,Automatic,1,10420
Car,Major,12,170804,Hybrid,Automatic,21,25500
Scooty,Major,1,6867,Petrol,Automatic,1,1140
Car,Repair,11,160099,Petrol,Manual,19,23530
Scooty,Repair,1,6067,Petrol,Automatic,1,1170
SUV,General,1,11161,Diesel,Manual,1,6930
Car,General,9,121653,Diesel,Manual,14,4810
SUV,General,9,111832,Petrol,Automatic,15,8120
Car,Major,9,83274,Diesel,Manual,17,18660
Car,Major,4,60344,EV,Automatic,6,9720
Bike,General,10,90534,Petrol,Manual,17,1280
Car,Repair,10,151750,Diesel,Manual,17,25240
Scooty,General,3,15717,Petrol,Automatic,5,650
Car,General,4,58359,Diesel,Manual,6,4810
Bike,General,4,35057,Petrol,Manual,5,620
Car,General,6,64527,Diesel,Automatic,9,6410
Bike,Repair,3,26122,Petrol,Manual,5,2070
Car,Repair,2,28224,Diesel,Manual,3,11190
Bike,General,10,86934,Petrol,Manual,19,900
Bike,General,5,47649,Petrol,Automatic,9,550
SUV,General,8,139286,Diesel,Automatic,9,9180
Car,Major,10,112696,Petrol,Manual,17,15280
Car,Major,12,139861,Petrol,Automatic,22,21670
Bike,General,11,76886,Petrol,Automatic,20,1200
SUV,General,5,94442,Diesel,Manual,7,7740
Scooty,General,6,25996,Petrol,Automatic,7,570
Car,Major,7,100767,Petrol,Automatic,13,12450
Electric Bike,Repair,3,24715,EV,Automatic,4,1790
Car,General,4,56155,Petrol,Manual,4,4660
Scooty,Repair,3,16645,Petrol,Automatic,3,1340
Car,Major,14,144991,Diesel,Automatic,26,22540
Bike,Repair,7,37602,Petrol,Manual,10,2680
Bike,Repair,2,9415,Petrol,Manual,3,1610
Scooty,General,9,61564,Petrol,Automatic,15,1030
SUV,General,8,132505,Diesel,Automatic,10,9960
Car,General,4,60864,Petrol,Manual,7,4220
Scooty,General,4,24858,Petrol,Automatic,5,640
Car,Major,4,37134,EV,Automatic,5,8210
Car,Repair,15,234247,Diesel,Automatic,20,37040
Car,General,7,67791,Petrol,Automatic,8,5950
Bike,General,12,67039,Petrol,Manual,19,670
Car,General,9,83246,Diesel,Automatic,17,5930
SUV,Repair,3,34551,Diesel,Automatic,3,20400
Car,General,5,79278,Diesel,Automatic,7,6470
Car,General,10,117744,Diesel,Manual,16,5410
Bike,General,13,104577,Petrol,Manual,21,1180
Car,Major,7,116055,Petrol,Manual,10,14580
Bike,General,12,113915,Petrol,Manual,18,1280
Car,General,13,116792,Petrol,Manual,23,4400
Electric Bike,Repair,2,18013,EV,Automatic,3,1160
SUV,General,4,56851,Petrol,Manual,6,7940
SUV,Repair,3,56113,Diesel,Automatic,3,19690
Bike,Major,6,31688,Petrol,Manual,7,3090
Car,General,4,33434,Diesel,Manual,7,6470
SUV,Major,1,22320,Diesel,Automatic,1,25500
Bike,General,12,113208,Petrol,Manual,17,670
Car,General,8,95942,Petrol,Automatic,14,6370
Bike,General,8,50409,Petrol,Manual,9,1210
Car,General,6,94393,Petrol,Automatic,8,4370
Bike,Major,7,48807,Petrol,Manual,10,2450
Bike,General,7,35581,Petrol,Manual,13,880
Bike,General,7,43023,Petrol,Manual,11,1000
Car,General,4,37643,Hybrid,Automatic,6,5770
Bike,Major,5,30754,Petrol,Automatic,6,2540
Bike,General,3,28672,Petrol,Automatic,5,970
Scooty,Major,4,32347,Petrol,Automatic,7,2150
Car,General,6,52894,Diesel,Manual,9,5310
Car,General,14,115945,Diesel,Automatic,21,7650
Car,General,5,45040,Diesel,Manual,6,6510
SUV,General,2,36440,Petrol,Automatic,3,5770
Scooty,General,3,15813,Petrol,Automatic,4,940
Scooty,General,8,44633,Petrol,Automatic,15,770
SUV,General,6,100617,Diesel,Automatic,8,8040
Car,General,10,119034,EV,Automatic,16,4970
SUV,Major,10,184201,Hybrid,Manual,14,24260
Bike,Major,8,68278,Petrol,Manual,13,2240
Car,General,5,68779,Petrol,Manual,9,5450
Car,General,2,30997,EV,Automatic,3,3150
Bike,General,2,11722,Petrol,Automatic,2,910
Car,General,6,78732,Petrol,Manual,8,3710
Car,Repair,5,48148,Diesel,Automatic,7,18120
Car,Major,6,86167,Petrol,Manual,11,11970
Car,General,2,24646,Petrol,Manual,3,4450
SUV,General,5,71969,EV,Automatic,8,4630
Scooty,General,2,10057,Petrol,Automatic,3,630
Car,General,13,183043,Hybrid,Automatic,17,5890
SUV,General,3,52097,Diesel,Automatic,4,11500
Car,General,7,65737,Petrol,Automatic,10,5450
Electric Scooter,General,3,15549,EV,Automatic,4,740
Car,General,4,41841,Petrol,Manual,7,5470
SUV,Repair,9,165518,Diesel,Manual,14,34600
Car,General,4,47496,EV,Automatic,6,3670
Bike,General,8,81081,Petrol,Manual,11,1260
Car,Major,9,89849,Petrol,Automatic,14,13350
Bike,General,4,30889,Petrol,Automatic,5,1090
SUV,Repair,1,13325,Diesel,Manual,1,14370
Car,Major,12,128563,Diesel,Manual,21,18290
Bike,Major,3,14759,Petrol,Manual,5,2170
Electric Bike,General,4,36376,EV,Automatic,4,570
Bike,General,8,69662,Petrol,Manual,14,1290
Car,Major,8,90791,Hybrid,Manual,12,14220
Bike,Major,11,80173,Petrol,Manual,16,2600
Car,Repair,12,113278,Diesel,Automatic,17,23580
Scooty,Repair,11,43981,Petrol,Automatic,13,2920
Scooty,Major,3,12773,Petrol,Automatic,4,1680
Bike,General,6,51664,Petrol,Automatic,8,970
Car,General,4,55671,Diesel,Automatic,4,5050
Bike,General,7,46564,Petrol,Manual,8,790
Bike,General,3,21555,Petrol,Manual,4,600
SUV,Repair,6,67991,Diesel,Automatic,7,31700
SUV,Major,10,187100,Hybrid,Manual,15,29670
SUV,Major,5,67443,Diesel,Manual,8,28790
SUV,Repair,9,122758,Petrol,Manual,11,20480
Car,General,4,39829,EV,Automatic,4,3170
Bike,General,10,91761,Petrol,Manual,15,970
Car,Repair,10,88445,Petrol,Automatic,13,16530
Bike,General,10,48650,Petrol,Manual,13,770
Car,General,12,123527,Diesel,Automatic,15,7600
Car,Major,3,35468,Diesel,Manual,3,12480
SUV,General,6,95505,Petrol,Automatic,8,6130
Car,General,12,146118,Petrol,Automatic,16,5260
Bike,General,5,47397,Petrol,Manual,6,1000
SUV,Major,2,24424,Diesel,Manual,3,23920
SUV,General,6,118786,Diesel,Manual,11,7090
SUV,General,3,39764,Diesel,Automatic,3,7060
SUV,Major,6,72648,Diesel,Automatic,7,23010
Electric Bike,Major,0,1849,EV,Automatic,0,1140
Car,General,3,41591,EV,Automatic,3,3030
Scooty,Major,3,15471,Petrol,Automatic,4,2180
Bike,Repair,10,69711,Petrol,Manual,12,5610
SUV,Major,6,85866,Petrol,Automatic,11,19400
SUV,General,7,87605,Hybrid,Automatic,12,7360
Car,Repair,5,43770,Petrol,Automatic,9,11500
SUV,General,5,78374,Diesel,Manual,7,7040
Bike,General,5,31354,Petrol,Manual,7,1110
SUV,Repair,5,92702,Petrol,Manual,9,16630
SUV,Major,4,61366,Petrol,Automatic,5,25440
Bike,Repair,9,56744,Petrol,Manual,12,4150
Scooty,Major,11,68380,Petrol,Automatic,20,1530
Car,General,8,66591,Diesel,Manual,12,5910
SUV,General,12,206628,Diesel,Manual,18,12460
SUV,Major,3,54838,Diesel,Automatic,5,21230
SUV,Major,7,113184,Petrol,Automatic,9,29490
Electric Scooter,General,1,6516,EV,Automatic,1,740
Car,Repair,14,198457,Diesel,Manual,21,24170
Bike,Repair,4,39654,Petrol,Manual,5,2950
Car,Repair,7,94851,Diesel,Automatic,13,17920
Electric Scooter,Major,2,13051,EV,Automatic,3,1300
Car,Major,2,32301,EV,Automatic,3,10350
Bike,Repair,3,20254,Petrol,Manual,5,2960
Car,General,6,50573,EV,Automatic,7,3750
SUV,General,7,128586,Petrol,Automatic,11,8500
Electric Scooter,General,2,15694,EV,Automatic,3,770
Car,General,2,16074,Hybrid,Manual,2,4480
SUV,Major,10,110628,Petrol,Automatic,18,28260
Bike,General,9,53493,Petrol,Manual,15,850
SUV,General,3,49523,Diesel,Manual,5,8270
Car,Major,1,12877,Diesel,Manual,1,10760
Car,Major,6,64827,Petrol,Automatic,10,12800
Electric Bike,General,3,18248,EV,Automatic,4,730
Scooty,Major,7,48064,Petrol,Automatic,9,2810
Electric Bike,Repair,2,16583,EV,Automatic,3,1850
Scooty,Repair,10,43941,Petrol,Automatic,15,3470
Bike,Repair,0,500,Petrol,Manual,0,1970
Car,Repair,8,111252,Petrol,Automatic,15,15560
Electric Bike,General,1,5062,EV,Automatic,1,670
Car,Major,9,113679,Hybrid,Manual,15,16950
SUV,General,2,20473,Petrol,Manual,2,6420
Scooty,General,8,60608,Petrol,Automatic,15,1020
Electric Scooter,Repair,1,5372,EV,Automatic,1,1300
Car,General,2,22642,Petrol,Automatic,3,5420
Bike,General,9,72427,Petrol,Manual,15,800
Bike,General,6,56740,Petrol,Manual,9,1180
Electric Scooter,Major,3,23969,EV,Automatic,5,1880
Electric Scooter,General,1,6446,EV,Automatic,1,720
Bike,Major,10,54344,Petrol,Manual,12,3470
Car,Major,10,126578,Hybrid,Manual,18,17580
Bike,General,12,76428,Petrol,Manual,15,1140
Scooty,Repair,8,46355,Petrol,Automatic,12,2580
Bike,Major,2,16682,Petrol,Manual,3,1350
Car,General,6,76799,Diesel,Manual,8,6340
SUV,General,2,42777,Diesel,Manual,2,9320
Car,Major,6,97474,Diesel,Automatic,9,15360
Electric Scooter,General,1,4223,EV,Automatic,1,490
Scooty,General,1,4100,Petrol,Automatic,1,610
SUV,General,9,142549,Petrol,Manual,16,8370
Car,Major,5,70291,Petrol,Manual,8,9580
Bike,General,13,94957,Petrol,Manual,23,660
Car,General,9,136793,Petrol,Automatic,13,6500
Car,General,8,110810,Diesel,Manual,14,7090
SUV,Major,4,71236,Diesel,Automatic,5,22100
SUV,General,2,33332,Petrol,Manual,3,6270
Bike,General,8,50092,Petrol,Manual,11,670
Car,General,4,37422,Petrol,Manual,5,4810
SUV,Repair,8,112176,Diesel,Automatic,11,32360
SUV,Major,3,46661,Diesel,Manual,4,21140
Bike,Major,3,17486,Petrol,Manual,5,2640
Car,General,5,73083,Hybrid,Automatic,6,6630
Car,General,5,39141,Petrol,Manual,9,4670
SUV,Major,6,102677,Petrol,Automatic,9,25670
SUV,Major,6,70042,EV,Automatic,10,14350
Electric Scooter,General,2,11155,EV,Automatic,2,730
Car,General,9,118715,Petrol,Automatic,14,6520
Car,General,6,81630,Petrol,Manual,11,3940
SUV,General,2,31901,EV,Automatic,3,5770
Car,Major,4,43812,Diesel,Manual,6,17740
Scooty,General,5,22379,Petrol,Automatic,7,610
Car,General,5,50430,Hybrid,Automatic,8,5260
Electric Scooter,General,2,13628,EV,Automatic,3,650
Bike,General,7,53760,Petrol,Manual,12,1050
SUV,General,8,109398,Petrol,Automatic,13,7620
Bike,Repair,9,60901,Petrol,Manual,13,3420
Car,General,7,60829,Petrol,Manual,12,5560
Car,Major,11,120511,Diesel,Manual,19,16990
Scooty,Repair,12,80929,Petrol,Automatic,17,2990
Bike,General,6,36706,Petrol,Manual,10,1190
Bike,General,5,31504,Petrol,Manual,9,830
Electric Bike,General,1,10455,EV,Automatic,1,540
Scooty,General,6,31145,Petrol,Automatic,9,900
SUV,General,9,152501,Petrol,Manual,11,9290
Car,Major,7,73472,Diesel,Automatic,13,17610
Bike,General,7,72064,Petrol,Manual,9,670
Bike,Repair,6,49408,Petrol,Automatic,11,3370
SUV,Major,3,38915,Diesel,Automatic,4,25170
Car,Major,7,64381,Petrol,Manual,11,13110
Car,General,2,23382,Petrol,Manual,2,3270
Car,Repair,6,94545,Petrol,Manual,8,11950
Car,Major,8,88150,Petrol,Manual,14,15470
SUV,General,3,49365,EV,Automatic,5,5450
Car,General,4,46508,Diesel,Manual,6,5530
Car,General,2,14817,Petrol,Manual,3,4310
Bike,General,3,20365,Petrol,Automatic,5,770
Scooty,Repair,4,23221,Petrol,Automatic,5,2270
SUV,General,3,47247,Diesel,Automatic,5,9790
Bike,Major,4,39797,Petrol,Manual,5,2060
SUV,General,3,38114,Hybrid,Manual,3,6920
Electric Scooter,Major,2,15243,EV,Automatic,2,1040
Scooty,General,4,20806,Petrol,Automatic,7,740
Car,Repair,5,54998,EV,Automatic,6,11690
SUV,Major,10,161791,Diesel,Manual,13,35080
SUV,Major,3,33316,Diesel,Manual,4,14720
Car,Major,1,13703,EV,Automatic,1,9030
Car,General,6,70249,Petrol,Manual,8,5150
Car,General,8,112691,Petrol,Manual,10,4370
Car,General,3,40427,Petrol,Manual,5,3340
SUV,Repair,10,123202,Diesel,Automatic,15,43270
Car,General,4,33268,Diesel,Automatic,6,6690
Scooty,Major,5,42105,Petrol,Automatic,7,1890
Car,General,15,178314,Petrol,Manual,24,4490
Scooty,General,5,28520,Petrol,Automatic,8,720
Car,Repair,6,73984,Diesel,Automatic,7,18000
SUV,Repair,8,100008,Petrol,Manual,11,27720
Car,Repair,10,82984,Petrol,Manual,16,17490
SUV,General,5,88765,Diesel,Manual,6,11070
SUV,Repair,2,42412,Petrol,Automatic,3,19190
SUV,General,4,78812,Diesel,Automatic,6,6660
SUV,Major,5,93447,Diesel,Automatic,9,28010
Bike,Major,5,25061,Petrol,Automatic,8,3130
Car,Major,6,76792,Petrol,Automatic,9,14400
Car,Major,5,42962,Petrol,Manual,6,10990
Scooty,General,12,56625,Petrol,Automatic,23,950
Car,General,4,33161,Hybrid,Automatic,5,4900
SUV,General,1,14584,Diesel,Manual,1,7060
Car,General,4,63462,Petrol,Manual,6,4270
SUV,Repair,3,43899,Diesel,Manual,5,17560
SUV,General,2,38005,Diesel,Automatic,2,7750
Electric Scooter,General,3,20678,EV,Automatic,4,380
Scooty,Major,11,57017,Petrol,Automatic,17,2790
Electric Bike,Major,4,32892,EV,Automatic,5,1090
Car,General,5,45310,Petrol,Automatic,6,4360
Car,Major,12,181128,Petrol,Manual,19,16980
SUV,Major,0,1039,Diesel,Automatic,0,17930
Car,Major,6,92957,Diesel,Manual,7,14290
Car,General,6,90222,EV,Automatic,7,4530
SUV,Major,4,46842,Hybrid,Manual,6,19690
SUV,Major,2,30217,Diesel,Automatic,3,20170
Electric Bike,General,1,8111,EV,Automatic,1,800
Car,Major,8,95568,Diesel,Manual,11,14460
SUV,General,12,165415,EV,Automatic,18,7200
SUV,Major,6,75586,Petrol,Manual,9,19140
SUV,Repair,10,196183,Diesel,Manual,16,35210
Scooty,General,13,58930,Petrol,Automatic,24,650
Scooty,General,4,31633,Petrol,Automatic,5,690
SUV,Major,2,24200,Diesel,Manual,2,16140
Scooty,General,4,20960,Petrol,Automatic,5,680
SUV,Major,4,56238,EV,Automatic,5,16300
Car,General,6,79402,Diesel,Manual,10,6820
Bike,General,1,11323,Petrol,Manual,1,710
Electric Bike,Major,2,13879,EV,Automatic,3,1180
Car,General,7,69577,Petrol,Automatic,8,5150
Bike,General,7,64915,Petrol,Manual,8,730
SUV,Major,7,125587,Petrol,Manual,12,20750
Car,Major,5,40762,Petrol,Automatic,8,10850
Car,General,4,34636,Petrol,Manual,7,4120
Electric Bike,General,1,5716,EV,Automatic,1,660
Bike,Major,9,65461,Petrol,Manual,12,3290
SUV,General,5,80353,EV,Automatic,8,5300
Car,General,9,96547,Petrol,Automatic,14,5150
Bike,Major,8,61767,Petrol,Manual,14,2630
Car,Major,9,78472,Petrol,Automatic,13,17560
Car,General,3,45487,Diesel,Automatic,4,4810
Car,Repair,10,115387,Petrol,Automatic,15,20240
Car,Major,8,72574,Hybrid,Automatic,11,12530
SUV,Major,3,40418,Petrol,Manual,4,16240
SUV,Major,6,88306,Petrol,Manual,11,23380
Bike,General,12,72538,Petrol,Manual,18,1370
Scooty,Major,9,40454,Petrol,Automatic,10,2540
SUV,Major,2,37046,Diesel,Manual,2,21920
Car,General,6,97993,Petrol,Automatic,10,5890
SUV,Major,3,38723,Diesel,Automatic,3,17440
SUV,Major,6,116154,Diesel,Automatic,8,25970
Electric Bike,General,0,500,EV,Automatic,0,660
SUV,General,7,112149,Diesel,Manual,13,8300
Scooty,General,3,16441,Petrol,Automatic,5,670
Electric Bike,Major,2,17442,EV,Automatic,3,1080
SUV,General,5,74057,Diesel,Automatic,8,10970
Car,Major,6,62996,Hybrid,Automatic,8,16820
Car,Repair,5,68080,Diesel,Automatic,9,16440
Bike,General,3,25323,Petrol,Manual,4,680
Scooty,Major,4,31149,Petrol,Automatic,6,1230
Bike,General,5,27658,Petrol,Manual,7,810
Bike,General,6,34816,Petrol,Automatic,7,1020
Scooty,General,11,65066,Petrol,Automatic,13,970
Bike,General,1,3998,Petrol,Manual,1,1010
SUV,General,12,173491,Diesel,Automatic,16,9990
SUV,General,8,80621,Petrol,Automatic,13,6510
Bike,General,1,7010,Petrol,Automatic,1,680
SUV,General,11,180419,Diesel,Manual,20,11060
SUV,Repair,6,58138,Petrol,Automatic,10,22640
SUV,General,6,71805,Diesel,Automatic,11,7410
Car,Major,8,87033,Petrol,Manual,15,13400
Car,Major,6,53914,Diesel,Automatic,11,14550
SUV,General,5,95685,Diesel,Manual,7,8620
Electric Bike,General,1,7926,EV,Automatic,1,420
Bike,Major,12,82264,Petrol,Manual,16,3630
Car,Major,6,63139,Petrol,Manual,7,9870
Car,General,2,15801,Petrol,Manual,2,4450
Car,General,5,78228,Diesel,Automatic,6,6140
Scooty,Repair,9,38167,Petrol,Automatic,12,1980
Electric Bike,General,2,12906,EV,Automatic,3,610
Car,General,4,60925,Petrol,Manual,5,5300
Electric Bike,General,2,12508,EV,Automatic,2,640
SUV,General,8,95351,Diesel,Manual,9,11590
Bike,General,4,35643,Petrol,Automatic,6,890
Scooty,Repair,6,30052,Petrol,Automatic,10,2810
SUV,Repair,8,98905,Petrol,Automatic,12,27130
Car,General,11,120902,Hybrid,Manual,18,7050
Car,General,0,3813,EV,Automatic,0,4020
SUV,Major,9,163693,Petrol,Manual,12,21410
Scooty,General,11,78276,Petrol,Automatic,16,880
Bike,Major,11,79282,Petrol,Manual,21,2970
Car,General,6,70798,Petrol,Manual,10,4930
Car,General,3,36576,Diesel,Manual,5,4360
Car,Major,11,105140,Diesel,Automatic,18,18340
Scooty,General,8,46666,Petrol,Automatic,11,500
Electric Scooter,General,0,506,EV,Automatic,0,760
Bike,General,4,41318,Petrol,Manual,7,820
SUV,Major,7,131707,Petrol,Manual,11,26030
Scooty,Major,8,60853,Petrol,Automatic,13,1890
SUV,General,5,55282,Petrol,Manual,8,4960
Bike,Repair,14,132226,Petrol,Manual,27,3800
Scooty,General,4,28329,Petrol,Automatic,7,780
Scooty,Repair,2,12191,Petrol,Automatic,3,1620
SUV,Major,6,73813,Petrol,Manual,10,20000
Car,Major,8,102335,Petrol,Manual,13,12280
Bike,Major,11,79928,Petrol,Manual,15,4100
Car,General,3,28947,Diesel,Manual,4,4660
Car,General,4,47979,Hybrid,Automatic,5,6280
Scooty,General,6,48187,Petrol,Automatic,8,690
Car,General,10,90668,Diesel,Manual,15,5200
SUV,General,9,128528,Petrol,Manual,12,7530
SUV,General,9,101776,Diesel,Automatic,11,8790
Scooty,General,7,51231,Petrol,Automatic,13,470
Car,Repair,9,103793,Hybrid,Automatic,13,16990
Electric Scooter,Major,2,12555,EV,Automatic,3,1570
SUV,General,8,117658,Diesel,Automatic,12,8170
Car,Major,5,69505,Petrol,Manual,9,13510
Car,Repair,8,76229,Petrol,Manual,14,16480
Car,Repair,3,48467,Diesel,Manual,4,13660
Electric Scooter,General,1,4664,EV,Automatic,1,700
Car,General,9,114434,Petrol,Automatic,12,5880
Car,General,2,32474,Petrol,Manual,3,3800
Car,General,3,30584,Diesel,Manual,5,4430
SUV,General,7,111874,Diesel,Automatic,13,12430
Car,General,5,57466,Petrol,Manual,8,5050
Car,General,3,37184,Petrol,Manual,4,3130
Car,General,3,34094,EV,Automatic,5,3700
Electric Scooter,General,2,13103,EV,Automatic,2,460
Bike,General,7,61625,Petrol,Manual,12,560
Car,General,11,94123,Petrol,Manual,14,6190
SUV,General,0,1000,Diesel,Manual,0,5650
SUV,Major,3,53761,Diesel,Manual,5,18060
Car,General,3,28400,Diesel,Manual,5,5240
Bike,Major,3,30025,Petrol,Manual,5,2740
SUV,Repair,10,181932,EV,Automatic,14,28940
Car,General,6,84311,Diesel,Manual,7,6320
Car,General,7,66793,Petrol,Automatic,13,4890
Car,Major,5,65267,Hybrid,Manual,7,12150
Bike,General,12,70411,Petrol,Manual,21,1250
Electric Scooter,General,1,5913,EV,Automatic,1,690
Electric Scooter,General,1,8634,EV,Automatic,1,780
Car,Major,5,51209,Diesel,Manual,7,11290
Car,Major,4,43697,Petrol,Automatic,5,10950
Bike,General,6,56636,Petrol,Manual,7,1130
Electric Bike,Major,2,15575,EV,Automatic,3,1720
SUV,Repair,7,141324,Petrol,Automatic,10,28010
Bike,Major,2,16891,Petrol,Manual,3,2480
Car,Major,13,191269,Diesel,Automatic,22,20710
Scooty,General,10,50448,Petrol,Automatic,15,900
SUV,Major,3,53348,Diesel,Automatic,5,28150
Scooty,Major,3,17014,Petrol,Automatic,5,1710
SUV,General,3,35456,Petrol,Automatic,4,7650
Electric Bike,General,2,16631,EV,Automatic,2,830
Car,Major,6,80693,Diesel,Automatic,10,22270
SUV,General,4,58984,Petrol,Automatic,5,6300
Car,General,7,104117,Petrol,Manual,11,3290
Scooty,General,5,25674,Petrol,Automatic,8,550
Electric Bike,General,0,500,EV,Automatic,0,690
Bike,General,8,51198,Petrol,Manual,12,690
SUV,Major,6,76541,Diesel,Manual,7,20140
Car,General,4,62510,Diesel,Automatic,7,6340
Car,Major,11,157012,Diesel,Manual,15,16600
Electric Scooter,Major,2,11177,EV,Automatic,3,1740
Bike,General,10,93890,Petrol,Manual,15,650
Car,Repair,12,172240,Hybrid,Manual,20,27230
Car,General,7,75795,Hybrid,Manual,13,4350
Scooty,General,7,51563,Petrol,Automatic,9,640
Car,General,4,45930,Hybrid,Automatic,6,6090
SUV,Major,7,137594,Diesel,Automatic,11,27320
Car,General,5,82490,Petrol,Automatic,7,4190
Bike,Major,6,60018,Petrol,Manual,10,2270
Car,Repair,1,9915,Hybrid,Automatic,1,12990
Scooty,Repair,9,38642,Petrol,Automatic,15,3660
Bike,General,5,40880,Petrol,Manual,8,1150
Scooty,General,4,31763,Petrol,Automatic,6,830
Car,General,5,72135,Hybrid,Automatic,9,6980
Car,General,10,92389,Petrol,Manual,19,5000
SUV,Repair,7,125539,Hybrid,Automatic,10,41190
Car,General,5,63897,Diesel,Automatic,7,6800
Scooty,General,11,63443,Petrol,Automatic,18,1220
Car,Major,9,143093,EV,Automatic,16,11210
SUV,General,8,147641,Diesel,Automatic,15,11320
Car,General,6,95651,Petrol,Manual,8,5390
SUV,General,3,32478,Diesel,Manual,5,10090
Bike,General,3,24463,Petrol,Manual,3,860
Car,General,6,55753,Petrol,Manual,10,4740
Bike,General,2,13674,Petrol,Manual,3,870
Electric Scooter,General,1,4996,EV,Automatic,1,490
SUV,General,3,53901,Petrol,Automatic,3,6770
Bike,General,8,50703,Petrol,Manual,10,890
Car,Repair,9,108910,Diesel,Manual,13,24130
Electric Bike,Major,2,12061,EV,Automatic,2,1630
Electric Scooter,General,0,1585,EV,Automatic,0,570
Car,Major,5,64539,EV,Automatic,6,9130
SUV,Major,3,56996,Diesel,Automatic,5,20040
Car,Major,13,145729,Diesel,Manual,17,22210
SUV,General,9,136122,Hybrid,Automatic,16,7360
SUV,General,10,144515,EV,Automatic,18,5340
Car,Major,10,94906,EV,Automatic,12,11680
Car,Repair,4,48771,Diesel,Automatic,7,14630
Car,Major,7,94842,Petrol,Automatic,11,12960
Electric Bike,General,2,18885,EV,Automatic,3,530
Bike,General,2,13810,Petrol,Manual,2,500
Car,General,5,45956,Diesel,Manual,8,4570
Car,Repair,14,210098,Diesel,Manual,23,26520
Scooty,Major,8,36071,Petrol,Automatic,11,2610
SUV,General,13,165798,Diesel,Automatic,20,13660
Scooty,General,5,38850,Petrol,Automatic,9,600
Car,General,4,54240,Diesel,Manual,7,6620
SUV,General,1,11933,Petrol,Automatic,1,7310
Bike,General,10,81106,Petrol,Manual,14,820
Car,Repair,14,205660,Diesel,Manual,17,34520
Car,Major,6,77788,Petrol,Automatic,11,15090
Car,Major,10,150189,Petrol,Manual,12,12410
Car,Repair,10,130797,Petrol,Manual,19,18810
SUV,Major,9,168626,Diesel,Manual,17,27220
Bike,Major,11,63369,Petrol,Manual,15,2160
Electric Scooter,Major,1,5313,EV,Automatic,1,1300
Car,General,5,67995,Petrol,Automatic,6,5130
SUV,General,1,17762,Diesel,Automatic,1,6540
Car,Repair,4,50969,Petrol,Automatic,5,15370
SUV,General,8,95918,Diesel,Manual,10,9890
Car,Repair,3,40141,EV,Automatic,4,10650
Car,Repair,3,26454,Petrol,Automatic,4,12840
Bike,General,6,46447,Petrol,Manual,11,1120
SUV,General,4,59059,Diesel,Automatic,7,8790
SUV,Major,2,30470,Diesel,Automatic,3,26360
SUV,General,11,168877,Diesel,Automatic,13,10690
Scooty,General,6,32134,Petrol,Automatic,9,650
Scooty,Repair,3,24272,Petrol,Automatic,4,1280
SUV,General,9,116056,Diesel,Automatic,14,12380
Bike,General,2,19254,Petrol,Manual,3,610
SUV,General,1,13997,Diesel,Automatic,1,9270
SUV,General,10,133374,Diesel,Automatic,14,12850
Car,Major,3,25900,Petrol,Manual,4,7460
Car,Major,5,66193,Petrol,Manual,8,11780
Electric Scooter,Major,2,10016,EV,Automatic,3,1350
SUV,General,5,73921,EV,Automatic,7,6100
SUV,General,10,149575,Diesel,Automatic,17,11700
SUV,General,3,52970,Petrol,Manual,4,6140
Car,Major,7,77180,Diesel,Manual,9,19360
SUV,General,3,35721,Petrol,Automatic,4,8320
Bike,General,3,28823,Petrol,Manual,5,1120
Scooty,Major,6,41230,Petrol,Automatic,10,1810
Car,Major,5,62041,Diesel,Manual,9,15550
SUV,General,2,22285,Diesel,Automatic,2,8150
Car,General,7,88426,Petrol,Automatic,13,5590
Scooty,General,3,21463,Petrol,Automatic,5,820
Car,General,4,44453,Petrol,Automatic,5,4600
Bike,Major,8,46670,Petrol,Manual,10,2410
Car,General,7,88647,Diesel,Automatic,13,6800
SUV,General,4,82910,Hybrid,Automatic,7,8490
Scooty,Repair,5,40732,Petrol,Automatic,7,1580
SUV,General,10,127648,Petrol,Manual,15,6510
Electric Bike,Repair,1,8309,EV,Automatic,1,1070
Car,General,6,61725,Hybrid,Automatic,11,5120
Car,General,5,53570,Petrol,Automatic,9,5150
Electric Scooter,General,3,14021,EV,Automatic,4,570
SUV,General,7,101410,Diesel,Automatic,13,11290
Scooty,Major,8,37104,Petrol,Automatic,11,1600
Bike,Repair,9,82721,Petrol,Automatic,12,2990
Car,Repair,5,63667,Diesel,Automatic,7,18780
Car,General,4,51636,Petrol,Manual,7,3910
Car,Major,4,40370,Diesel,Manual,4,13500
Electric Bike,Repair,0,1335,EV,Automatic,0,1150
Bike,Major,8,40324,Petrol,Manual,13,1890
Bike,General,10,68064,Petrol,Manual,16,1150
Car,General,4,65019,Petrol,Manual,6,5010
Electric Scooter,General,2,13578,EV,Automatic,3,360
SUV,Major,6,80463,Petrol,Manual,7,18820
Electric Scooter,Repair,2,16560,EV,Automatic,2,1440
Bike,General,9,55508,Petrol,Manual,16,1150
SUV,Repair,7,117389,Petrol,Automatic,12,33490
SUV,Major,6,75535,Petrol,Automatic,8,19550
Scooty,General,4,29312,Petrol,Automatic,5,640
Bike,General,8,47491,Petrol,Automatic,10,760
Car,General,3,30739,Petrol,Automatic,4,5480
SUV,Repair,4,56753,Petrol,Manual,7,21850
SUV,Major,5,56638,EV,Automatic,8,13530
Car,General,3,25404,Petrol,Manual,5,3910
Car,Repair,10,164502,Petrol,Automatic,16,28340
Car,Major,5,45350,Hybrid,Manual,9,15640
Electric Bike,General,1,6502,EV,Automatic,1,780
Bike,General,6,48283,Petrol,Automatic,10,630
Bike,Major,9,85594,Petrol,Manual,15,3010
Scooty,Major,11,75594,Petrol,Automatic,17,3120
Car,General,7,91018,EV,Automatic,12,3240
Car,General,3,31326,Petrol,Manual,3,4370
Bike,General,9,82354,Petrol,Manual,16,1330
Electric Bike,Major,2,9459,EV,Automatic,3,1070
Bike,Major,12,107753,Petrol,Manual,16,3790
SUV,General,2,43130,Petrol,Manual,2,6400
Car,Repair,12,146786,Petrol,Automatic,15,25010
SUV,Major,13,257846,Petrol,Manual,22,22680
SUV,Major,7,105811,Diesel,Automatic,11,35400
Car,Major,10,160440,Petrol,Manual,15,13680
SUV,General,5,87483,Diesel,Automatic,7,8070
SUV,General,7,110562,Petrol,Manual,11,6950
Scooty,General,8,53957,Petrol,Automatic,10,490
Scooty,Major,10,40894,Petrol,Automatic,16,2170
Scooty,General,6,34359,Petrol,Automatic,10,480
SUV,Major,8,93661,Petrol,Automatic,13,20380
Car,Repair,9,129185,Diesel,Manual,16,17480
Car,General,5,57913,Diesel,Automatic,7,6240
Bike,General,8,48218,Petrol,Manual,14,700
SUV,Major,5,61849,Petrol,Manual,7,17700
Car,General,6,67488,Petrol,Automatic,7,3970
SUV,General,3,60601,Petrol,Manual,5,8950
Car,General,9,71755,Petrol,Automatic,14,6870
Scooty,Major,6,37879,Petrol,Automatic,9,1410
SUV,Major,7,73014,Hybrid,Manual,12,27090
Car,Major,5,43180,Petrol,Manual,8,11920
Car,General,15,142574,Diesel,Automatic,25,6650
Scooty,General,7,46123,Petrol,Automatic,10,640
Car,General,4,39135,Petrol,Manual,6,5610
Car,Repair,0,2657,Petrol,Automatic,0,10220
Car,General,6,89655,Diesel,Manual,8,5310
Car,General,5,78249,Diesel,Manual,9,5330
SUV,General,3,42283,Petrol,Automatic,5,7540
Car,General,7,115728,Petrol,Manual,12,3360
Electric Scooter,Repair,0,500,EV,Automatic,0,1020
Bike,General,6,30348,Petrol,Automatic,9,1220
Car,General,5,74946,Petrol,Manual,7,4960
Car,General,6,74137,Petrol,Manual,7,4080
SUV,General,6,104312,Petrol,Manual,10,7010
Car,Major,10,139148,Diesel,Manual,19,16690
Car,General,4,45672,Petrol,Manual,5,4220
Car,Repair,3,36261,Petrol,Manual,3,11500
SUV,General,5,78919,EV,Automatic,9,4980
Scooty,Major,7,40939,Petrol,Automatic,12,2280
Car,General,4,58932,Hybrid,Manual,7,4310
Car,General,5,40836,Petrol,Manual,8,4870
SUV,Major,9,130863,Hybrid,Automatic,17,27270
Scooty,General,4,19291,Petrol,Automatic,7,850
Car,General,8,71867,Diesel,Manual,15,5480
Electric Bike,General,1,9116,EV,Automatic,1,730
Car,General,7,73911,Petrol,Manual,9,5060
SUV,Major,7,110592,Hybrid,Automatic,10,22970
SUV,General,5,87730,Diesel,Automatic,8,7790
Car,Major,9,144010,Petrol,Manual,17,14770
SUV,General,8,109724,Diesel,Manual,14,10600
Car,Major,3,40128,Petrol,Automatic,4,12520
SUV,General,3,42395,Petrol,Automatic,4,8620
Scooty,Major,4,21281,Petrol,Automatic,5,2240
Car,Major,4,46409,Hybrid,Manual,6,14930
Car,General,5,74504,Petrol,Manual,9,3960
Car,Repair,5,49659,Diesel,Automatic,6,20080
Car,General,4,32867,Petrol,Manual,5,3090
Car,Repair,2,16398,Diesel,Manual,2,12720
Electric Scooter,Repair,2,8828,EV,Automatic,3,1500
Car,Major,9,91080,Petrol,Automatic,16,18870
Electric Scooter,General,3,23223,EV,Automatic,4,850
SUV,General,4,60951,Petrol,Manual,7,7970
SUV,Repair,11,180491,Diesel,Manual,13,49320
Car,Major,9,103506,Petrol,Automatic,12,17140
Bike,Repair,7,53456,Petrol,Manual,12,3450
SUV,General,11,120117,Hybrid,Automatic,18,12080
Car,General,6,81613,Petrol,Manual,8,3480
Car,General,12,175559,Petrol,Manual,15,5930
Bike,General,7,40005,Petrol,Manual,12,1020
Bike,Major,3,19866,Petrol,Manual,3,1560
SUV,General,9,91616,Diesel,Automatic,10,12620
Bike,General,13,128190,Petrol,Manual,16,1280
Car,General,13,153712,Petrol,Automatic,19,4940
Car,Major,8,85828,Diesel,Manual,9,14290
SUV,General,6,99335,Diesel,Automatic,7,9740
Bike,Repair,1,11894,Petrol,Manual,1,1500
Scooty,General,4,18559,Petrol,Automatic,7,880
Scooty,General,7,29462,Petrol,Automatic,9,810
Car,Major,2,28645,Diesel,Manual,3,10940
SUV,Major,12,132981,Diesel,Manual,20,26630
Bike,Major,5,44516,Petrol,Manual,6,3100
Car,General,8,82422,Petrol,Automatic,15,5350
Bike,Major,2,17059,Petrol,Manual,2,1640
Car,General,3,45407,Diesel,Automatic,5,5760
SUV,Repair,7,77154,EV,Automatic,11,21360
SUV,Repair,3,48644,Petrol,Manual,5,16940
SUV,Repair,5,94432,Petrol,Automatic,7,23650
Car,Repair,9,112521,Diesel,Manual,16,25420
Car,General,4,54992,Diesel,Automatic,7,7420
Scooty,General,2,9602,Petrol,Automatic,3,430
Car,Major,9,143913,Petrol,Automatic,11,20430
Car,Major,2,30954,Diesel,Automatic,2,14460
Car,Repair,5,77558,Petrol,Manual,7,10420
Bike,General,7,46576,Petrol,Manual,12,1310
Car,Repair,10,142263,Petrol,Automatic,12,25240
SUV,General,1,13615,Petrol,Automatic,1,6130
Bike,General,5,33926,Petrol,Manual,8,1060
Car,General,3,35108,Diesel,Manual,4,5310
Bike,General,4,27368,Petrol,Manual,6,710
Bike,Major,9,79479,Petrol,Manual,15,2990
Car,General,3,39160,Hybrid,Manual,3,5470
Scooty,General,8,63441,Petrol,Automatic,10,900
Car,Repair,7,69746,Hybrid,Manual,12,19900
Bike,General,6,31530,Petrol,Manual,7,1140
Scooty,General,10,69722,Petrol,Automatic,17,740
SUV,Repair,12,187105,Petrol,Manual,15,31490
Car,General,12,173210,Petrol,Automatic,22,6190
Car,Major,11,173926,Petrol,Automatic,21,14910
Bike,General,5,50716,Petrol,Manual,9,1240
Car,General,0,3403,Petrol,Automatic,0,4640
Bike,General,3,20899,Petrol,Manual,5,550
Car,Major,8,109490,Diesel,Manual,15,14960
Car,Repair,6,89356,Petrol,Manual,9,16870
Car,Major,8,94958,Petrol,Manual,9,13180
Car,Repair,6,75473,Diesel,Manual,10,22510
Car,General,4,62491,Diesel,Manual,4,6080
Bike,Major,2,21131,Petrol,Manual,3,1750
Car,General,4,53937,Petrol,Automatic,6,6350
SUV,Major,7,114830,Diesel,Manual,13,22960
Car,General,7,78340,Petrol,Manual,12,3250
Car,Major,7,98207,Diesel,Manual,13,12420
Scooty,General,0,1342,Petrol,Automatic,0,620
Car,Repair,12,115076,Petrol,Manual,17,15160
Car,Major,1,13740,EV,Automatic,1,7930
Car,General,10,153403,Petrol,Manual,13,3790
Car,General,5,64722,EV,Automatic,8,4380
SUV,Major,1,10491,Diesel,Manual,1,16420
Scooty,General,4,15034,Petrol,Automatic,7,610
Bike,General,3,18275,Petrol,Manual,5,860
SUV,General,4,57842,Diesel,Manual,6,6930
Car,General,5,70307,Diesel,Manual,8,4570
Electric Bike,General,3,19325,EV,Automatic,5,780
Car,General,7,66610,Hybrid,Manual,9,4930
SUV,Repair,8,132754,Diesel,Manual,12,34450
SUV,Repair,11,155726,Petrol,Automatic,17,45920
SUV,General,7,133848,Hybrid,Automatic,10,7110
Bike,General,6,47263,Petrol,Manual,11,700
Electric Bike,Repair,1,8497,EV,Automatic,1,1170
SUV,General,4,73616,Diesel,Automatic,5,9860
SUV,General,5,93427,Petrol,Automatic,6,9410
Bike,General,2,13115,Petrol,Automatic,3,830
Bike,Major,4,33822,Petrol,Manual,4,2790
SUV,Major,3,55147,Diesel,Manual,3,26110
SUV,General,7,97335,EV,Automatic,12,5670
Bike,Major,4,27552,Petrol,Manual,5,2240
Car,Repair,9,82128,Petrol,Automatic,16,20420
Car,Major,6,88169,Petrol,Automatic,9,11350
Scooty,Repair,1,6242,Petrol,Automatic,1,1600
SUV,Repair,3,47948,Petrol,Manual,5,13940
SUV,Repair,3,39566,Diesel,Manual,5,19070
Car,General,13,175319,Hybrid,Automatic,22,6200
Bike,Repair,12,83824,Petrol,Manual,16,4100
Car,General,6,83147,EV,Automatic,8,3700
Electric Scooter,Repair,3,16555,EV,Automatic,5,1540
Electric Scooter,General,1,6872,EV,Automatic,1,740
Car,Major,8,71458,Petrol,Automatic,15,15370
Car,Repair,8,87777,Diesel,Manual,12,24100
Bike,General,6,50746,Petrol,Manual,11,1060
Bike,General,7,44741,Petrol,Manual,10,830
SUV,General,7,135855,Diesel,Automatic,11,10510
Bike,Repair,9,61829,Petrol,Manual,17,3330
Car,Major,11,149684,Petrol,Automatic,21,19670
SUV,Repair,9,98477,EV,Automatic,15,21690
Bike,General,7,68396,Petrol,Manual,8,1240
Car,Major,7,100475,Diesel,Manual,13,15760
Car,Repair,6,68161,Petrol,Manual,7,15480
Electric Scooter,General,1,7662,EV,Automatic,1,680
Car,General,6,95795,Hybrid,Automatic,11,6370
Bike,Major,9,58949,Petrol,Manual,12,2840
Car,Major,4,63235,Diesel,Manual,5,17300
Car,Major,3,39257,Diesel,Automatic,4,15360
Electric Scooter,Repair,1,7711,EV,Automatic,1,1740
SUV,Major,8,114961,Petrol,Manual,13,24560
Car,General,3,48918,Diesel,Manual,4,5930
SUV,General,5,65877,Petrol,Manual,6,5140
Car,General,6,93902,Petrol,Automatic,10,4920
Bike,General,4,37104,Petrol,Manual,7,1000
Car,Major,6,87225,Petrol,Manual,10,14560
SUV,Repair,8,162574,Diesel,Manual,14,30850
Scooty,General,7,53727,Petrol,Automatic,12,790
SUV,General,10,106077,EV,Automatic,15,6350
SUV,Major,2,36681,Petrol,Manual,3,12310
Bike,Major,5,51695,Petrol,Manual,8,1800
Bike,General,3,19141,Petrol,Manual,3,550
Car,Major,8,66051,Petrol,Automatic,9,14310
Car,General,1,13547,Petrol,Automatic,1,5310
Car,Repair,9,116639,Petrol,Manual,17,16700
SUV,General,9,119891,Diesel,Automatic,10,11100
Car,Repair,5,46527,EV,Automatic,9,12930
Bike,General,3,20940,Petrol,Manual,5,1200
Electric Bike,General,4,35406,EV,Automatic,6,760
SUV,General,12,225343,Diesel,Automatic,16,10740
Car,Major,7,73463,Petrol,Manual,12,10310
SUV,General,5,96835,EV,Automatic,9,6440
Car,General,12,179193,Diesel,Automatic,15,7240
Car,Major,10,125218,Diesel,Automatic,13,19490
Bike,Major,5,44347,Petrol,Manual,7,3410
Car,General,1,19021,Petrol,Manual,1,3880
Scooty,Major,3,16281,Petrol,Automatic,5,1200
Bike,Major,1,11022,Petrol,Manual,1,2630
Car,Major,11,135629,Petrol,Manual,18,14250
SUV,General,12,175237,EV,Automatic,16,5200
SUV,General,11,218598,Diesel,Automatic,18,9520
Bike,General,4,38972,Petrol,Manual,6,720
Bike,General,5,25946,Petrol,Manual,8,620
Car,General,5,54300,EV,Automatic,9,3110
Bike,General,5,47332,Petrol,Manual,7,910
Electric Scooter,General,1,6715,EV,Automatic,1,620
SUV,General,4,79022,Diesel,Automatic,7,9960
Car,General,9,117112,Diesel,Automatic,17,6460
Car,General,4,49901,Diesel,Manual,6,5210
SUV,Major,7,113160,Petrol,Automatic,12,27640
Electric Bike,General,2,14372,EV,Automatic,3,650
Electric Bike,Major,2,13361,EV,Automatic,3,1960
Car,Repair,2,33332,Petrol,Automatic,3,9190
Electric Scooter,Repair,1,5761,EV,Automatic,1,1120
Car,Repair,3,36821,Petrol,Manual,5,13030
Car,Repair,1,12546,Petrol,Manual,1,9580
Bike,Major,6,39513,Petrol,Manual,9,3200
Bike,Major,1,7010,Petrol,Manual,1,1800
SUV,Major,10,193469,Diesel,Manual,14,22480
Electric Scooter,General,2,8872,EV,Automatic,3,470
Bike,General,4,25705,Petrol,Manual,5,890
Car,General,5,74413,Petrol,Automatic,6,5350
Scooty,General,4,22254,Petrol,Automatic,7,750
SUV,General,12,224177,Petrol,Automatic,19,8080
Bike,Major,5,24777,Petrol,Manual,8,2330
Car,Repair,2,30372,Petrol,Manual,3,7350
Scooty,General,6,38296,Petrol,Automatic,10,910
Car,General,1,16000,EV,Automatic,1,3370
Car,General,5,67120,Petrol,Manual,7,4870
Car,General,3,49207,Petrol,Manual,4,4230
Car,General,3,34897,Petrol,Manual,5,3680
Electric Bike,Major,0,500,EV,Automatic,0,1890
SUV,Major,8,99956,Diesel,Automatic,13,33280
Car,General,4,54775,Petrol,Manual,7,3430
SUV,Major,6,98677,Petrol,Automatic,8,26480
Car,General,6,77559,EV,Automatic,10,3420
Scooty,General,8,61428,Petrol,Automatic,15,830
SUV,Major,5,52432,Diesel,Automatic,9,29320
Car,Major,5,60005,Petrol,Automatic,6,15790
Scooty,Repair,6,31152,Petrol,Automatic,9,1940
Car,General,6,91711,Diesel,Manual,8,6000
Bike,General,4,37131,Petrol,Manual,5,970
Car,Repair,4,57569,EV,Automatic,5,10210
Car,General,9,135327,Petrol,Automatic,11,5280
Scooty,General,6,45122,Petrol,Automatic,7,720
SUV,Repair,3,40335,Diesel,Manual,3,24590
Bike,General,10,64696,Petrol,Manual,14,1250
SUV,General,4,45168,Diesel,Manual,6,10250
Scooty,General,3,18263,Petrol,Automatic,5,560
Electric Scooter,Major,1,8623,EV,Automatic,1,1010
SUV,Repair,9,156351,Diesel,Manual,17,46970
Bike,General,9,67290,Petrol,Manual,11,1190
SUV,General,2,26463,EV,Automatic,2,4340
Scooty,General,3,20598,Petrol,Automatic,5,550
Electric Bike,General,1,7649,EV,Automatic,1,600
Scooty,General,11,66613,Petrol,Automatic,17,560
Bike,General,4,22649,Petrol,Manual,7,810
Scooty,General,3,17692,Petrol,Automatic,3,590
Car,Major,2,20475,Diesel,Manual,3,11290
Car,Major,4,44944,Petrol,Manual,5,13310
Bike,General,3,15443,Petrol,Manual,5,700
Bike,General,10,54271,Petrol,Manual,18,1270
Car,General,8,83796,EV,Automatic,13,3840
Electric Scooter,General,3,19451,EV,Automatic,5,520
Scooty,General,2,11854,Petrol,Automatic,3,720
Car,Major,3,24393,Diesel,Manual,4,10970
Bike,Major,10,99660,Petrol,Automatic,16,4300
Bike,General,4,27113,Petrol,Manual,6,1140
Car,General,9,71379,Petrol,Automatic,11,4010
Car,General,14,134495,Diesel,Manual,23,6100
Scooty,Major,7,28145,Petrol,Automatic,11,2590
Scooty,General,5,25975,Petrol,Automatic,9,660
Car,General,6,72062,Petrol,Manual,7,3700
Car,General,10,160726,EV,Automatic,13,4090
Car,General,7,94353,Petrol,Manual,10,3510
Bike,General,4,33638,Petrol,Manual,5,1060
Scooty,General,8,41135,Petrol,Automatic,15,640
SUV,Major,4,82422,Diesel,Automatic,7,18870
Car,Repair,10,145650,Diesel,Automatic,14,20660
SUV,Repair,10,156367,Petrol,Automatic,14,34970
Electric Scooter,General,1,7944,EV,Automatic,1,400
Electric Scooter,Major,1,8388,EV,Automatic,1,1250
Car,Repair,1,8399,EV,Automatic,1,6650
Car,Repair,6,83283,Petrol,Manual,7,16040
Car,Major,11,112481,Petrol,Automatic,18,19030
Scooty,General,6,35245,Petrol,Automatic,7,920
SUV,Major,7,88101,Diesel,Manual,12,31650
Car,Major,3,45137,Petrol,Manual,5,10250
Bike,Major,6,51103,Petrol,Manual,8,2320
Bike,General,5,32059,Petrol,Manual,9,870
Scooty,General,4,26573,Petrol,Automatic,6,930
SUV,Repair,3,57302,Hybrid,Automatic,4,23800
Bike,General,4,33195,Petrol,Manual,6,700
Car,General,13,201736,Diesel,Manual,22,8400
Car,General,6,90853,EV,Automatic,7,4080
SUV,General,8,113472,Diesel,Automatic,10,10750
Scooty,General,4,18655,Petrol,Automatic,7,520
Bike,General,5,41457,Petrol,Manual,6,840
SUV,General,11,206532,Diesel,Automatic,14,10510
Bike,Repair,9,55640,Petrol,Manual,11,4610
Car,Repair,13,151304,Petrol,Automatic,25,26610
SUV,General,3,61057,Hybrid,Manual,5,7140
Car,General,2,23432,Diesel,Manual,2,4060
Scooty,Major,5,26348,Petrol,Automatic,6,1680
SUV,Major,6,89276,Petrol,Manual,11,15410
Car,General,7,108423,Petrol,Manual,8,5090
Scooty,Repair,10,67625,Petrol,Automatic,19,2310
Electric Bike,General,0,1088,EV,Automatic,0,540
Car,Major,8,66986,Petrol,Automatic,10,13200
Car,General,2,26758,Petrol,Manual,3,3750
SUV,General,8,118930,Diesel,Automatic,12,9730
Scooty,General,3,17344,Petrol,Automatic,5,440
Scooty,General,7,44077,Petrol,Automatic,9,520
Car,Major,4,50535,Petrol,Manual,7,10910
Car,General,8,110841,Petrol,Automatic,12,5760
SUV,Repair,6,82847,Diesel,Manual,8,23430
Car,General,4,40535,Hybrid,Automatic,7,6170
Car,General,6,85215,Diesel,Manual,8,6930
Bike,General,2,17586,Petrol,Manual,3,680
Scooty,General,3,24468,Petrol,Automatic,5,640
Car,General,6,68906,Petrol,Automatic,7,4200
Bike,Major,7,65276,Petrol,Manual,10,3140
SUV,Major,6,125530,Diesel,Manual,10,30300
Car,Major,9,114414,Petrol,Manual,11,14260
Bike,General,9,54979,Petrol,Manual,12,660
Car,General,6,50408,Diesel,Automatic,10,5510
Scooty,General,3,15673,Petrol,Automatic,5,460
Car,General,11,130131,Petrol,Manual,20,4180
SUV,Repair,14,210311,Diesel,Automatic,19,44440
Bike,Repair,3,18931,Petrol,Automatic,3,2060
SUV,Repair,3,60467,Petrol,Manual,5,16200
SUV,Major,8,89357,Petrol,Manual,15,24990
Bike,General,10,62556,Petrol,Manual,19,1040
SUV,General,11,150617,Diesel,Automatic,21,8390
Car,General,9,77315,Diesel,Manual,11,6150
Car,Repair,7,102350,Hybrid,Manual,13,20560
SUV,General,12,155151,Diesel,Automatic,22,10660
Electric Scooter,Major,2,8907,EV,Automatic,3,1830
Car,Repair,11,167252,Petrol,Manual,18,21360
SUV,General,3,31699,Diesel,Manual,4,10790
SUV,Repair,3,53606,Petrol,Automatic,3,20100
SUV,General,8,101043,Hybrid,Automatic,11,8080
Electric Scooter,Repair,0,500,EV,Automatic,0,840
SUV,General,3,56600,Diesel,Manual,4,10350
Car,General,8,69612,Petrol,Manual,11,3990
Car,Repair,2,18919,EV,Automatic,3,6490
Car,General,10,123794,Diesel,Automatic,19,8860
Car,General,3,47475,Diesel,Automatic,3,5140
Car,Repair,2,31993,Diesel,Automatic,2,12980
SUV,General,4,77103,Diesel,Manual,6,6980
Scooty,General,7,45260,Petrol,Automatic,11,890
Scooty,General,6,38259,Petrol,Automatic,10,760
SUV,Repair,1,23756,Petrol,Manual,1,13340
Bike,General,5,35898,Petrol,Automatic,9,1110
Car,Repair,10,102923,Petrol,Automatic,18,15180
Car,Major,6,72450,Diesel,Manual,11,11410
SUV,General,2,21329,Hybrid,Manual,3,6210
SUV,Major,8,130862,Petrol,Manual,14,20850
Scooty,General,11,79941,Petrol,Automatic,17,640
Bike,General,3,22100,Petrol,Manual,4,590
Car,General,11,114680,Diesel,Manual,18,7390
Car,General,10,101235,Diesel,Manual,17,7940
Bike,Major,8,42592,Petrol,Manual,13,2190
Scooty,General,4,23110,Petrol,Automatic,6,920
Bike,General,1,9279,Petrol,Manual,1,760
Car,General,5,68574,Diesel,Manual,6,6440
Car,Major,10,88235,Petrol,Automatic,13,16350
Car,General,9,130900,Diesel,Manual,14,7250
Car,Major,9,84286,Petrol,Manual,17,15600
Electric Bike,Repair,1,6019,EV,Automatic,1,1550
Bike,General,9,71686,Petrol,Manual,11,1360
Bike,General,6,42059,Petrol,Manual,8,880
Electric Bike,General,2,17463,EV,Automatic,2,620
Scooty,General,2,15160,Petrol,Automatic,3,820
Car,General,7,83412,Petrol,Manual,12,3330
Car,Repair,5,56378,EV,Automatic,8,10760
Scooty,General,10,66063,Petrol,Automatic,17,730
Electric Scooter,General,2,12622,EV,Automatic,2,520
Car,General,7,97716,Petrol,Manual,11,4670
SUV,General,8,128290,Petrol,Automatic,14,10670
Car,Repair,5,59803,Petrol,Manual,7,11660
Car,General,6,91365,Petrol,Manual,11,4570
Bike,General,6,46741,Petrol,Manual,11,1110
SUV,General,3,31683,Diesel,Manual,4,9100
SUV,General,3,44852,Diesel,Manual,4,8530
Car,Repair,3,33669,Petrol,Manual,5,8180
SUV,Major,8,133068,EV,Automatic,10,21610
Bike,General,11,90384,Petrol,Manual,16,1180
Bike,Major,7,58119,Petrol,Manual,11,3160
Electric Bike,General,2,15030,EV,Automatic,3,450
Scooty,General,7,44767,Petrol,Automatic,13,950
Scooty,General,6,40828,Petrol,Automatic,11,840
SUV,Repair,5,61506,Petrol,Automatic,7,24070
SUV,Major,6,122036,Diesel,Automatic,8,23510
SUV,Major,11,202303,Diesel,Manual,14,31260
SUV,Major,3,40069,Petrol,Manual,5,16690
Car,Major,14,185797,Diesel,Manual,20,16010
Scooty,Repair,4,24740,Petrol,Automatic,7,1230
Car,General,9,99754,Petrol,Manual,17,4800
Car,General,11,107821,Hybrid,Manual,16,5850
Car,Repair,14,218429,Petrol,Automatic,20,24670
Electric Scooter,Repair,0,1116,EV,Automatic,0,1140
Car,Major,6,83314,Petrol,Manual,9,14100
Bike,General,7,39147,Petrol,Manual,13,1240
Car,General,4,62223,Petrol,Manual,6,3500
Scooty,Repair,8,60499,Petrol,Automatic,14,2810
Car,General,6,53034,Diesel,Automatic,9,7160
Car,Major,9,103096,Diesel,Manual,17,19190
Scooty,Major,13,92079,Petrol,Automatic,17,1780
Car,General,12,153417,Diesel,Automatic,20,6680
Scooty,General,9,47423,Petrol,Automatic,11,930
SUV,General,5,60202,Diesel,Automatic,7,8980
SUV,Major,3,46642,Diesel,Automatic,4,16050
Car,General,6,47732,Petrol,Automatic,10,4940
Car,General,7,91701,Diesel,Automatic,10,6350
Car,General,4,33184,Diesel,Manual,7,6190
Car,General,9,81511,Petrol,Manual,16,4560
Scooty,General,3,12655,Petrol,Automatic,4,860
SUV,Repair,9,97068,Petrol,Manual,13,23590
SUV,General,7,123896,Diesel,Manual,12,8360
SUV,General,2,29985,Petrol,Automatic,3,8220
Car,General,9,74833,Petrol,Automatic,13,6220
Car,General,5,80407,EV,Automatic,9,4370
Bike,Repair,10,58289,Petrol,Manual,16,3490
Electric Bike,Repair,3,23736,EV,Automatic,5,1820
Scooty,Major,6,28369,Petrol,Automatic,8,1740
SUV,Major,8,89849,Petrol,Manual,14,15810
SUV,General,2,32705,Petrol,Automatic,3,6170
Car,Repair,13,150865,Petrol,Automatic,25,23960
Scooty,General,7,34875,Petrol,Automatic,10,930
Car,Major,4,57891,Diesel,Manual,6,17010
Car,General,8,121172,Diesel,Manual,10,4590
Scooty,Repair,7,31229,Petrol,Automatic,11,1970
Car,General,3,42182,Petrol,Manual,4,4480
Bike,General,8,44971,Petrol,Manual,15,920
Car,General,3,35212,Petrol,Manual,4,3640
Car,General,4,33065,Petrol,Automatic,4,5530
Scooty,General,2,11704,Petrol,Automatic,3,860
Bike,General,9,45870,Petrol,Manual,17,680
SUV,General,10,141937,Diesel,Automatic,13,12190
Car,Major,1,9970,Petrol,Manual,1,10170
Electric Scooter,Major,1,8219,EV,Automatic,1,1430
Bike,General,11,81528,Petrol,Manual,21,1050
Electric Bike,General,1,10011,EV,Automatic,1,670
Car,Repair,3,40533,Diesel,Automatic,5,13180
Bike,General,10,100200,Petrol,Automatic,15,1130
SUV,Repair,3,49094,Petrol,Automatic,5,21830
SUV,Major,5,92645,Petrol,Manual,8,15730
Bike,General,4,31499,Petrol,Manual,7,750
Car,Repair,9,113874,Petrol,Manual,12,15240
Car,General,7,112509,EV,Automatic,10,4500
SUV,Major,7,131172,Petrol,Manual,10,25320
SUV,General,5,68998,Diesel,Manual,6,11600
Electric Bike,General,2,15645,EV,Automatic,2,470
Car,Repair,5,41747,Diesel,Manual,9,12160
Scooty,Repair,1,6591,Petrol,Automatic,1,1470
Electric Bike,General,2,15432,EV,Automatic,2,570
Electric Scooter,General,1,4859,EV,Automatic,1,680
Car,Repair,4,53887,EV,Automatic,5,10050
Car,General,8,105473,EV,Automatic,13,4770
SUV,Repair,6,113191,Petrol,Automatic,8,30210
Car,Repair,9,99636,Diesel,Automatic,17,20620
Scooty,General,5,33585,Petrol,Automatic,9,820
Bike,Repair,9,78851,Petrol,Manual,17,5200
SUV,Repair,1,14149,Petrol,Automatic,1,17310
SUV,General,1,14832,Hybrid,Manual,1,6490
Scooty,Repair,3,16157,Petrol,Automatic,4,1510
Bike,Major,4,23475,Petrol,Manual,7,1980
Scooty,Major,7,29804,Petrol,Automatic,10,2350
Scooty,General,9,57310,Petrol,Automatic,15,970
Bike,Repair,8,58769,Petrol,Manual,11,4910
Bike,General,5,25942,Petrol,Manual,7,1040
Car,General,6,94432,Petrol,Manual,8,4500
Bike,General,3,26169,Petrol,Manual,3,850
SUV,Repair,0,1012,Hybrid,Manual,0,13860
Electric Bike,General,2,14664,EV,Automatic,3,570
Car,General,12,143310,Petrol,Automatic,18,5480
Bike,General,5,48061,Petrol,Manual,9,1090
Electric Scooter,Repair,3,19621,EV,Automatic,4,1320
Car,General,3,34940,Diesel,Manual,5,4950
Bike,General,2,12610,Petrol,Manual,2,520
SUV,Major,4,63643,Diesel,Manual,5,19160
SUV,Major,11,175277,Petrol,Manual,16,28650
Bike,General,2,17835,Petrol,Manual,2,1050
Car,Repair,7,74519,Diesel,Manual,13,17510
SUV,Major,3,56614,Diesel,Automatic,4,20860
Bike,Major,4,26248,Petrol,Automatic,6,2200
Car,General,4,60180,Petrol,Manual,5,3800
Bike,Major,4,27486,Petrol,Manual,4,1810
Car,Major,7,108051,Petrol,Manual,11,12070
Bike,General,3,18950,Petrol,Manual,4,920
Car,General,2,29172,Petrol,Manual,3,4540
Car,General,4,59148,Diesel,Automatic,7,7060
SUV,General,1,15725,Petrol,Automatic,1,6520
Scooty,General,7,42756,Petrol,Automatic,9,940
Scooty,General,5,34638,Petrol,Automatic,9,940
Car,General,3,29033,Diesel,Manual,4,6210
Bike,General,4,24628,Petrol,Manual,7,990
Car,Major,7,79751,Petrol,Manual,12,14160
Car,General,5,80518,Petrol,Manual,9,4010
Electric Scooter,Major,0,500,EV,Automatic,0,790
Car,Major,10,153758,Diesel,Manual,16,19160
Bike,Repair,3,26573,Petrol,Manual,5,1660
SUV,Major,3,31540,Petrol,Manual,4,16290
Bike,General,4,30063,Petrol,Manual,6,930
Car,Repair,4,31775,Petrol,Automatic,5,10920
Bike,General,3,29217,Petrol,Manual,4,860
Car,Repair,8,112769,Hybrid,Manual,15,22190
Scooty,General,8,39494,Petrol,Automatic,10,520
Bike,Repair,5,47106,Petrol,Manual,7,4250
Electric Bike,General,4,29040,EV,Automatic,7,810
SUV,Major,5,57351,Petrol,Automatic,7,16500
SUV,General,0,4170,Diesel,Manual,0,7760
SUV,Major,13,148032,Diesel,Manual,23,38220
Car,Major,7,77502,Petrol,Manual,11,10840
Car,General,6,72905,Diesel,Automatic,10,5310
Car,General,6,49601,Petrol,Automatic,11,5480
SUV,Major,1,15071,EV,Automatic,1,9180
Electric Bike,Repair,1,4331,EV,Automatic,1,1580
Car,General,3,34500,Diesel,Automatic,4,5400
Car,General,12,138739,Petrol,Automatic,19,5690
Car,Repair,10,130744,Petrol,Manual,19,18560
Car,Repair,9,119473,Petrol,Manual,12,18570
SUV,Major,10,170311,Petrol,Automatic,15,22020
Car,General,4,67182,Hybrid,Manual,6,4310
SUV,General,4,63242,Diesel,Manual,5,7340
Car,General,9,122772,Diesel,Manual,16,5100
Electric Scooter,General,2,11182,EV,Automatic,3,670
Car,General,6,75193,EV,Automatic,11,4260
Bike,Major,9,66168,Petrol,Manual,16,3800
Scooty,Repair,4,19817,Petrol,Automatic,5,1860
Car,Repair,7,75053,Petrol,Manual,12,12250
Electric Bike,General,0,500,EV,Automatic,0,500
Car,Repair,11,89686,Petrol,Automatic,17,26770
Electric Scooter,General,4,20122,EV,Automatic,5,580
SUV,Repair,1,10200,Hybrid,Automatic,1,13920
Bike,Major,5,42142,Petrol,Automatic,6,1760
Car,General,3,49479,Petrol,Manual,4,4190
SUV,Major,9,179219,Diesel,Automatic,17,30020
SUV,General,4,53693,Petrol,Automatic,4,8940
Car,General,9,82500,Diesel,Manual,11,7970
Electric Bike,General,2,13806,EV,Automatic,3,580
Car,General,1,12679,Petrol,Manual,1,3540
Bike,General,8,53985,Petrol,Manual,12,1190
Car,Major,4,33117,EV,Automatic,5,8760
SUV,General,9,98491,Petrol,Manual,14,8060
SUV,Major,5,94456,Diesel,Manual,9,21750
Electric Scooter,General,0,500,EV,Automatic,0,500
Bike,General,13,94233,Petrol,Manual,17,1170
Bike,General,7,68627,Petrol,Manual,11,1260
Bike,General,6,53047,Petrol,Manual,10,1140
Car,General,3,41519,Diesel,Manual,5,4760
Bike,General,4,34711,Petrol,Automatic,7,900
Car,General,10,98253,EV,Automatic,14,3650
Scooty,Major,2,13815,Petrol,Automatic,3,1520
SUV,Major,10,189592,Diesel,Manual,16,33190
Scooty,General,3,19504,Petrol,Automatic,5,790
SUV,General,13,193015,Hybrid,Manual,17,11530
SUV,Major,6,74815,Diesel,Automatic,9,25530
SUV,General,3,53017,Petrol,Manual,4,6440
Car,Major,9,81349,Petrol,Manual,12,14230
Bike,General,8,52447,Petrol,Manual,15,1290
SUV,General,8,131573,Diesel,Manual,14,9950
Car,General,10,139660,Petrol,Manual,14,5560
Car,General,6,47572,Diesel,Manual,9,4250
Bike,Major,6,35363,Petrol,Manual,11,3200
Car,General,4,55340,Diesel,Manual,7,5700
Car,Major,9,92296,Diesel,Manual,15,17600
Scooty,Repair,7,30627,Petrol,Automatic,12,1690
Scooty,General,7,49139,Petrol,Automatic,11,870
Scooty,General,5,31664,Petrol,Automatic,9,780
Bike,General,8,53809,Petrol,Manual,13,820
Electric Bike,General,2,15572,EV,Automatic,3,780
SUV,Major,9,114172,Petrol,Manual,11,16460
SUV,General,8,139000,Petrol,Automatic,15,10090
Car,General,7,96490,Diesel,Manual,9,6120
SUV,Major,13,135118,Petrol,Manual,19,20080
Bike,Major,5,39555,Petrol,Manual,8,3070
Scooty,Repair,5,26250,Petrol,Automatic,9,2630
Bike,General,3,31456,Petrol,Manual,5,870
Bike,General,11,87327,Petrol,Manual,19,1140
SUV,General,5,66811,Diesel,Automatic,6,9920
SUV,Major,4,70270,Diesel,Automatic,4,30070
Car,Repair,4,34796,Petrol,Automatic,5,13050
Car,General,2,24422,Petrol,Automatic,3,4650
Car,General,12,143629,Petrol,Automatic,21,4770
Bike,General,13,76132,Petrol,Manual,19,1120
Car,General,5,79675,Diesel,Manual,8,6850
Scooty,Repair,4,23182,Petrol,Automatic,7,2310
SUV,General,6,102805,Diesel,Manual,11,11910
Car,General,2,30029,Hybrid,Manual,3,4650
Car,Major,2,31185,Petrol,Automatic,3,12740
Electric Scooter,General,2,12867,EV,Automatic,3,370
Car,General,2,24169,Petrol,Manual,2,4700
SUV,General,3,59943,Diesel,Automatic,4,6550
SUV,Major,5,49805,Petrol,Automatic,9,23380
Bike,Major,4,36476,Petrol,Automatic,5,3210
SUV,Major,6,92832,Petrol,Automatic,7,25430
Car,General,1,11324,Diesel,Automatic,1,6000
SUV,Major,6,69225,Petrol,Automatic,10,17160
SUV,Major,7,89462,Diesel,Automatic,12,25230
Bike,General,2,10582,Petrol,Automatic,2,700
Electric Bike,Major,1,9475,EV,Automatic,1,1520
Car,Major,6,59610,Petrol,Automatic,8,12100
SUV,General,7,132952,Diesel,Manual,10,10300
Electric Bike,General,0,500,EV,Automatic,0,660
Electric Scooter,General,2,13639,EV,Automatic,3,360
Bike,General,10,81279,Petrol,Manual,16,990
Car,General,4,42162,Hybrid,Automatic,5,5940
Scooty,Major,1,9954,Petrol,Automatic,1,1100
Electric Bike,General,2,12983,EV,Automatic,3,780
Bike,Major,11,107311,Petrol,Manual,19,3730
Bike,Major,5,41592,Petrol,Manual,8,2560
Scooty,General,3,16138,Petrol,Automatic,5,610
Bike,General,9,48282,Petrol,Manual,16,820
Car,General,4,61397,Diesel,Manual,6,4750
Bike,Repair,9,57137,Petrol,Manual,12,5240
Car,General,8,107821,Petrol,Automatic,12,5480
SUV,Repair,4,71286,EV,Automatic,6,14820
SUV,Major,12,157495,Petrol,Manual,19,31820
Car,Major,12,140263,Diesel,Manual,22,18970
Bike,General,5,31755,Petrol,Automatic,9,1060
SUV,Major,6,86798,Diesel,Automatic,9,26990
Car,General,7,74860,EV,Automatic,8,3820
Electric Bike,Major,1,5514,EV,Automatic,1,1100
Bike,Repair,10,73820,Petrol,Manual,19,4460
Car,General,4,53268,Petrol,Manual,6,5200
Electric Scooter,Repair,3,14899,EV,Automatic,3,1720
Car,General,15,148434,Petrol,Automatic,29,5590
Car,Major,14,224599,Hybrid,Automatic,18,25630
Car,General,11,142632,Hybrid,Manual,19,5310
SUV,Major,8,117827,Diesel,Automatic,10,22930
Bike,General,6,46688,Petrol,Manual,8,1050
Scooty,Major,3,19517,Petrol,Automatic,5,2160
Scooty,Major,9,59015,Petrol,Automatic,14,1880
Electric Scooter,General,3,17467,EV,Automatic,5,490
SUV,Repair,8,162044,Diesel,Manual,13,31850
Car,Repair,5,59433,Diesel,Manual,7,12630
Electric Scooter,General,2,12832,EV,Automatic,2,460
Car,Repair,8,86134,Diesel,Manual,10,19210
Car,General,1,12159,Petrol,Manual,1,4600
Bike,General,10,64458,Petrol,Manual,14,840
SUV,General,7,129849,Petrol,Automatic,13,9740
Bike,General,11,107870,Petrol,Manual,14,1230
Bike,Repair,7,40087,Petrol,Manual,12,4370
Bike,General,5,42472,Petrol,Manual,8,800
SUV,Repair,6,111271,Diesel,Manual,9,37020
SUV,Repair,6,97851,Hybrid,Automatic,9,33920
Car,Repair,9,72473,Petrol,Manual,15,18370
Bike,Major,5,25419,Petrol,Manual,7,3130
Car,Repair,8,94208,Petrol,Automatic,14,21370
Car,General,8,124726,Petrol,Manual,10,5570
Electric Scooter,General,3,23814,EV,Automatic,4,490
Car,General,2,18814,Petrol,Automatic,2,4310
Bike,Repair,7,46021,Petrol,Manual,11,2240
Car,Repair,8,82042,Diesel,Manual,11,24960
SUV,General,2,25075,Petrol,Manual,2,7410
Electric Bike,General,4,27788,EV,Automatic,7,600
Bike,General,12,118648,Petrol,Manual,23,1180
SUV,General,2,30901,Hybrid,Manual,3,8050
Electric Scooter,Repair,2,13728,EV,Automatic,3,1120
Car,Major,3,49411,Petrol,Manual,4,10660
Bike,General,3,26546,Petrol,Manual,5,1060
SUV,General,0,1190,Hybrid,Automatic,0,6440
Car,General,7,59769,Petrol,Automatic,9,4980
Car,General,7,65977,Hybrid,Manual,11,6540
Car,Major,5,69851,Diesel,Manual,7,13550
Car,Major,5,62700,Petrol,Manual,7,9970
Bike,Major,3,24471,Petrol,Manual,5,2340
Scooty,General,4,32770,Petrol,Automatic,6,660
SUV,Repair,6,64100,Diesel,Manual,9,29770
Car,General,12,130378,Diesel,Automatic,15,7720
SUV,Major,1,20564,Diesel,Manual,1,22460
Car,General,7,103783,Hybrid,Manual,11,6090
Car,General,11,148019,Petrol,Manual,19,5700
Bike,General,4,26048,Petrol,Manual,4,670
Electric Scooter,General,3,15000,EV,Automatic,5,540
Car,Repair,4,35950,EV,Automatic,6,9800
Car,Major,9,89689,Diesel,Manual,14,14600
Car,General,7,97135,Diesel,Manual,13,4320
Bike,General,5,47814,Petrol,Manual,6,1010
Scooty,Repair,8,52233,Petrol,Automatic,11,1850
SUV,Major,10,185510,Petrol,Manual,16,21580
Electric Bike,Major,1,10028,EV,Automatic,1,1650
Car,Major,7,61011,Petrol,Manual,8,12080
Electric Bike,General,0,500,EV,Automatic,0,630
SUV,Major,3,41278,EV,Automatic,4,14230
Electric Scooter,General,3,15614,EV,Automatic,5,490
Car,General,4,35969,Diesel,Automatic,6,6120
Bike,Major,5,35673,Petrol,Manual,7,2900
Bike,Major,5,40517,Petrol,Manual,9,1940
Car,General,12,114613,Hybrid,Automatic,19,7500
Electric Scooter,General,2,11207,EV,Automatic,2,650
Car,Major,5,60697,Petrol,Automatic,8,13660
Electric Bike,Repair,1,9349,EV,Automatic,1,1940
Bike,General,11,108586,Petrol,Manual,16,1260
Bike,Major,2,21669,Petrol,Manual,3,3040
Car,General,10,117169,Petrol,Automatic,15,6380
Car,General,2,28571,Diesel,Automatic,3,7310
SUV,Major,5,82704,Hybrid,Automatic,7,25380
Bike,General,3,22078,Petrol,Manual,5,710
SUV,Major,4,63297,Petrol,Automatic,5,18510
SUV,General,4,67868,Petrol,Manual,5,5920
SUV,General,6,90073,Petrol,Manual,10,8110
SUV,General,6,99602,Diesel,Automatic,9,8350
SUV,Major,5,56050,Diesel,Manual,8,28260
Scooty,General,13,53985,Petrol,Automatic,22,800
Bike,General,3,16498,Petrol,Manual,5,740
Bike,Repair,4,23688,Petrol,Automatic,5,1770
Car,General,8,81994,Petrol,Automatic,15,6030
Car,Major,1,16637,Petrol,Manual,1,10100
Car,Major,10,155033,Diesel,Automatic,14,23720
SUV,Repair,5,58156,Diesel,Automatic,8,19110
Bike,General,5,42438,Petrol,Manual,6,660
Car,General,6,58614,Petrol,Manual,7,5000
Electric Bike,General,1,7978,EV,Automatic,1,560
Scooty,Major,5,40424,Petrol,Automatic,8,2490
Bike,General,2,11957,Petrol,Manual,3,610
SUV,General,7,91679,Diesel,Manual,12,11040
Car,General,5,49935,Petrol,Automatic,8,3960
SUV,General,4,66569,Diesel,Automatic,7,8990
Car,Repair,7,83390,Diesel,Manual,10,16170
Bike,Repair,4,31326,Petrol,Manual,7,3160
Car,General,5,53738,EV,Automatic,7,3020
Car,General,8,111308,Hybrid,Manual,14,4100
Electric Bike,General,1,8376,EV,Automatic,1,810
Scooty,Major,6,37337,Petrol,Automatic,10,2080
Bike,General,14,94034,Petrol,Manual,25,760
Bike,Major,4,33022,Petrol,Manual,7,2570
SUV,Repair,7,112937,Petrol,Manual,8,20960
Car,Major,13,157766,Diesel,Manual,24,18800
Car,General,2,27887,Hybrid,Manual,3,5630
SUV,Repair,9,132033,Petrol,Manual,12,31380
Scooty,General,12,89127,Petrol,Automatic,19,570
Car,General,8,94120,Petrol,Automatic,11,5430
Bike,General,12,102884,Petrol,Manual,17,680
Scooty,General,6,46792,Petrol,Automatic,7,580
Car,Major,9,90015,Diesel,Automatic,11,14490
Bike,Major,7,41419,Petrol,Manual,12,3360
Scooty,Major,5,29458,Petrol,Automatic,8,2240
Electric Scooter,General,2,13791,EV,Automatic,3,650
SUV,Major,2,37300,Diesel,Automatic,3,18330
Car,General,3,38694,Petrol,Automatic,3,5450
Scooty,General,4,22267,Petrol,Automatic,6,760
SUV,General,4,56119,Petrol,Automatic,6,8510
Car,General,4,35434,Petrol,Manual,6,4180
Car,Major,8,67480,Petrol,Automatic,15,16850
Scooty,Repair,8,44431,Petrol,Automatic,15,2310
Bike,General,3,29005,Petrol,Manual,4,690
Electric Scooter,Repair,1,8423,EV,Automatic,1,1540
SUV,General,7,126499,Diesel,Manual,11,7590
Scooty,General,1,4932,Petrol,Automatic,1,430
Bike,Major,5,37442,Petrol,Manual,9,2990
Bike,General,3,30473,Petrol,Automatic,5,1110
SUV,General,6,100470,Hybrid,Manual,9,8180
Bike,Major,5,41788,Petrol,Automatic,7,2120
Scooty,Repair,8,36853,Petrol,Automatic,11,3080
Car,General,11,175883,EV,Automatic,20,4250
Car,Repair,8,85278,Petrol,Manual,12,18920
SUV,Repair,0,2841,Diesel,Automatic,0,22460
Scooty,General,4,29250,Petrol,Automatic,5,580
Car,General,2,17031,Petrol,Manual,2,3170
SUV,Major,8,97584,EV,Automatic,15,14140
Electric Bike,Major,0,500,EV,Automatic,0,1160
SUV,Major,6,103829,Diesel,Automatic,7,31760
SUV,Major,10,144989,Diesel,Automatic,19,32580
SUV,General,0,4376,Diesel,Automatic,0,9980
SUV,General,1,12462,Hybrid,Automatic,1,8580
Scooty,General,3,20080,Petrol,Automatic,5,470
Bike,General,10,68702,Petrol,Manual,17,1070
Bike,Major,9,63916,Petrol,Manual,12,3520
Car,Major,11,99239,EV,Automatic,18,10800
Car,Major,5,75257,Petrol,Automatic,6,15740
SUV,General,7,106442,Diesel,Automatic,11,8110
SUV,Repair,8,149663,Diesel,Automatic,11,32430
Car,Major,5,54073,Diesel,Manual,9,14720
Car,General,4,44346,Diesel,Automatic,5,6060
SUV,Major,8,95588,Diesel,Automatic,14,30190
Car,Major,11,91005,Petrol,Automatic,14,18210
Scooty,Major,7,31625,Petrol,Automatic,13,1710
SUV,Major,4,49502,Diesel,Automatic,5,23540
Bike,Major,1,3707,Petrol,Manual,1,2320
SUV,Major,13,138598,Diesel,Automatic,19,33550
Scooty,General,5,30891,Petrol,Automatic,6,460
Scooty,Major,5,33853,Petrol,Automatic,8,1500
Car,General,9,92472,Petrol,Automatic,17,5560
Electric Bike,General,1,7439,EV,Automatic,1,810
Bike,Repair,0,1720,Petrol,Manual,0,1830
SUV,Repair,10,181635,Hybrid,Automatic,19,51790
Scooty,General,6,35713,Petrol,Automatic,10,570
SUV,General,6,114364,Petrol,Manual,11,5890
Car,General,9,114786,Diesel,Manual,15,5760
Car,Major,4,44220,Petrol,Manual,6,13700
Car,Major,12,185519,Diesel,Automatic,21,23210
Bike,General,6,40177,Petrol,Manual,11,920
SUV,General,13,244179,Diesel,Manual,19,11220
Bike,General,12,106163,Petrol,Manual,23,790
Car,General,4,43844,EV,Automatic,7,3190
Bike,General,0,830,Petrol,Manual,0,960
Bike,General,3,27300,Petrol,Manual,4,610
SUV,General,3,33647,EV,Automatic,4,6370
Scooty,Major,4,23295,Petrol,Automatic,7,1470
Scooty,General,10,71259,Petrol,Automatic,17,860
Bike,Major,3,24722,Petrol,Manual,4,3040
SUV,General,2,26206,Diesel,Automatic,3,9690
Car,Major,9,134064,EV,Automatic,14,10130
SUV,General,4,74091,Diesel,Automatic,6,9950
Bike,General,13,85844,Petrol,Manual,24,1170
Car,Major,9,89232,Petrol,Manual,16,12200
Car,Major,8,106695,Diesel,Manual,11,21610
Car,General,7,105912,Diesel,Automatic,13,8000
Bike,Repair,4,22114,Petrol,Manual,6,3160
Bike,Major,5,43402,Petrol,Manual,6,3530
Scooty,General,7,51400,Petrol,Automatic,10,580
SUV,General,3,35253,EV,Automatic,4,6660
SUV,Repair,6,112252,Diesel,Automatic,8,38480
Car,Repair,0,800,Hybrid,Manual,0,7630
SUV,Repair,5,55696,Diesel,Automatic,7,32610
Car,General,9,135703,Diesel,Manual,17,5270
Car,General,8,97062,Petrol,Manual,13,5530
Car,Major,2,25951,Petrol,Manual,3,10810
Car,General,8,86546,EV,Automatic,12,4810
SUV,Major,2,27794,Diesel,Automatic,2,23570
Scooty,General,3,18250,Petrol,Automatic,5,930
Bike,General,6,46894,Petrol,Manual,11,620
Car,General,13,137933,Petrol,Automatic,25,7190
Bike,General,6,55893,Petrol,Automatic,8,930
Car,Repair,4,42180,Petrol,Manual,6,9210
SUV,General,2,34869,Petrol,Automatic,2,9030
Car,Major,6,98092,Diesel,Manual,10,11550
Electric Scooter,Major,4,18602,EV,Automatic,7,1540
Car,General,6,63289,Petrol,Manual,8,5260
Car,General,2,27667,Petrol,Automatic,3,3840
Car,Major,6,73438,Petrol,Manual,9,13330
Car,Major,6,89658,Petrol,Automatic,7,15220
SUV,General,6,82095,Diesel,Manual,9,8590
Bike,General,6,38853,Petrol,Manual,11,1090
Car,Major,14,128369,Petrol,Manual,23,12300
Car,General,2,32900,Petrol,Manual,3,3670
Scooty,General,4,18661,Petrol,Automatic,7,630
SUV,General,4,55892,Diesel,Manual,6,8140
SUV,Repair,2,23668,Diesel,Manual,3,19970
SUV,General,9,130233,Petrol,Manual,14,7330
SUV,General,5,81717,Diesel,Automatic,9,9580
SUV,Repair,9,143170,Diesel,Manual,12,48470
Car,Repair,7,79410,Diesel,Automatic,8,20280
SUV,General,4,78309,Petrol,Manual,7,9130
Scooty,General,2,9194,Petrol,Automatic,3,460
Car,Repair,13,148907,Petrol,Manual,18,21860
Car,Repair,11,101991,Petrol,Manual,19,24050
Bike,General,4,32222,Petrol,Manual,5,890
Car,General,8,124650,Diesel,Manual,13,4190
Car,Repair,6,60210,Diesel,Manual,10,14490
Scooty,General,2,17530,Petrol,Automatic,2,470
Car,Major,0,1996,Diesel,Manual,0,12770
Bike,General,2,14843,Petrol,Manual,2,1100
Bike,Repair,12,112793,Petrol,Manual,19,3650
SUV,Major,9,156961,EV,Automatic,15,19540
SUV,Repair,10,159634,Diesel,Manual,18,41670
Car,Major,4,31720,Petrol,Automatic,4,10960
Car,General,14,147714,Petrol,Manual,24,6220
SUV,Major,8,156488,Diesel,Manual,14,19840
Car,Major,7,59814,Hybrid,Manual,12,14420
Car,General,6,79812,Diesel,Manual,9,5330
Car,General,3,28314,Diesel,Automatic,5,5660
SUV,Major,3,51828,Petrol,Automatic,5,15500
Car,General,8,112946,Petrol,Automatic,11,5580
SUV,General,5,60605,Diesel,Manual,9,6740
SUV,General,3,41447,Petrol,Manual,4,6110
Scooty,General,3,11880,Petrol,Automatic,5,690
Car,General,5,80495,Petrol,Manual,7,5530
Bike,General,7,43134,Petrol,Manual,9,740
Bike,General,10,86747,Petrol,Manual,12,840
Car,General,5,80623,Diesel,Manual,8,7170
Electric Scooter,General,3,19164,EV,Automatic,3,490
Car,Major,2,19023,Petrol,Automatic,3,14710
Bike,Major,10,59665,Petrol,Manual,17,2580
Car,General,3,40319,Petrol,Manual,4,4430
Scooty,General,7,42960,Petrol,Automatic,10,460
Car,General,2,30129,Petrol,Manual,2,4410
SUV,General,10,133379,Diesel,Automatic,18,8500
Car,General,5,73998,Diesel,Manual,6,4380
SUV,General,9,166026,Diesel,Manual,15,8250
SUV,Major,3,54850,Petrol,Manual,4,12870
Car,General,5,63918,Petrol,Automatic,8,4470
SUV,General,8,126289,EV,Automatic,15,6180
SUV,General,5,71767,Diesel,Manual,9,9240
Car,General,7,62491,Petrol,Manual,8,4120
Scooty,Repair,1,6366,Petrol,Automatic,1,880
Scooty,General,6,41225,Petrol,Automatic,10,620
Car,Major,10,94080,Petrol,Automatic,12,16550
Car,Repair,2,29467,Petrol,Manual,2,8110
Car,Major,5,46137,Diesel,Manual,6,15680
Car,General,2,24649,Petrol,Automatic,3,5150
Car,Major,11,117320,Petrol,Automatic,19,15330
Car,Repair,1,16829,EV,Automatic,1,9080
SUV,Major,2,22802,Diesel,Automatic,3,21870
SUV,Repair,7,121481,Diesel,Manual,13,35240
Bike,General,5,31788,Petrol,Manual,6,760
Electric Bike,Repair,2,15980,EV,Automatic,3,1500
Car,General,6,55453,Petrol,Manual,11,4280
Electric Scooter,General,1,3807,EV,Automatic,1,370
Electric Bike,General,0,500,EV,Automatic,0,750
Scooty,Major,6,29811,Petrol,Automatic,9,1700
SUV,Repair,7,140994,EV,Automatic,10,22700
Scooty,General,3,14720,Petrol,Automatic,5,900
SUV,General,4,61075,Petrol,Automatic,6,6180
SUV,General,12,188993,Petrol,Automatic,22,8200
Electric Bike,General,2,15629,EV,Automatic,3,480
Electric Scooter,Major,1,5863,EV,Automatic,1,940
Electric Scooter,General,3,18033,EV,Automatic,3,610
SUV,General,2,23757,EV,Automatic,3,4980
Bike,General,7,40542,Petrol,Automatic,13,590
SUV,General,8,128415,Petrol,Automatic,10,6680
SUV,Repair,14,220470,Diesel,Automatic,18,57840
Electric Bike,Major,2,18353,EV,Automatic,2,1860
SUV,General,12,200361,Diesel,Manual,22,8880
SUV,General,4,77137,Hybrid,Manual,5,7240
SUV,Major,4,76325,Petrol,Manual,7,16320
Car,General,12,98807,Diesel,Manual,14,7590
Bike,General,10,76170,Petrol,Manual,17,980
Car,General,3,39736,Petrol,Automatic,3,3850
Car,Repair,13,183012,EV,Automatic,19,20240
Car,Major,5,71358,Petrol,Manual,7,10020
SUV,Repair,8,130654,Diesel,Manual,14,35240
SUV,General,3,31638,Diesel,Automatic,5,6830
Bike,General,5,50440,Petrol,Manual,9,1130
Car,General,14,174158,Petrol,Manual,19,5340
Bike,Major,4,39224,Petrol,Automatic,7,2090
Car,General,8,111510,Diesel,Manual,12,6830
SUV,Major,7,96196,EV,Automatic,9,15390
Car,Major,0,4387,Diesel,Automatic,0,14080
Electric Scooter,General,3,20970,EV,Automatic,5,540
Car,Major,5,66825,Diesel,Automatic,6,18060
Scooty,Repair,5,21329,Petrol,Automatic,7,2860
Car,Repair,3,35765,Diesel,Manual,5,12900
SUV,General,10,148086,Petrol,Manual,14,10010
Electric Bike,General,3,28833,EV,Automatic,4,880
SUV,Repair,6,72358,Petrol,Manual,8,23340
SUV,Repair,8,136948,Petrol,Manual,14,21980
Bike,Major,5,33253,Petrol,Manual,7,2020
Car,General,6,94398,Hybrid,Manual,11,4830
Car,Major,1,12989,Diesel,Manual,1,14650
Electric Scooter,Major,0,1647,EV,Automatic,0,1300
Electric Scooter,Major,2,12418,EV,Automatic,3,1030
Bike,General,10,69338,Petrol,Manual,13,1220
Scooty,Major,7,50748,Petrol,Automatic,10,2230
Car,Major,3,28758,Petrol,Manual,5,12680
Car,Major,12,146244,Petrol,Manual,21,18840
SUV,Major,2,31646,Diesel,Automatic,2,25640
Car,General,9,136009,Petrol,Automatic,11,7210
Car,General,6,90316,Diesel,Automatic,10,7000
SUV,Repair,3,40354,Petrol,Automatic,5,22960
Bike,Major,7,47797,Petrol,Manual,8,2170
Car,Major,1,13207,Petrol,Automatic,1,13620
Car,General,2,29956,Petrol,Manual,2,4980
SUV,Repair,12,205315,Hybrid,Manual,16,42480
SUV,Major,10,164518,Petrol,Automatic,18,27410
Scooty,Repair,4,22348,Petrol,Automatic,5,2290
Bike,Major,8,66788,Petrol,Manual,12,3080
SUV,Repair,3,50248,Petrol,Manual,5,14260
Bike,Major,2,13610,Petrol,Manual,2,2010
Car,Repair,4,65410,Petrol,Manual,5,11730
Car,General,9,74991,Hybrid,Manual,13,4740
Bike,Major,10,92475,Petrol,Manual,12,2110
Scooty,General,3,12926,Petrol,Automatic,5,870
Bike,General,0,500,Petrol,Manual,0,1100
SUV,Major,8,95140,Diesel,Automatic,11,22770
SUV,General,3,43026,EV,Automatic,5,6350
Scooty,General,9,51631,Petrol,Automatic,12,960
Electric Bike,General,2,15219,EV,Automatic,3,740
Bike,Major,3,15516,Petrol,Manual,5,1610
Scooty,General,7,42127,Petrol,Automatic,9,720
Car,General,4,48176,Petrol,Manual,5,4740
Car,General,10,116158,Diesel,Automatic,12,6870
Car,Repair,9,114790,Petrol,Manual,17,21230
Bike,Repair,0,500,Petrol,Manual,0,1750
Car,Repair,9,113456,Diesel,Automatic,17,22000
Car,Major,3,28293,Petrol,Manual,5,10090
Car,Major,11,131126,EV,Automatic,21,13190
Scooty,General,4,21455,Petrol,Automatic,5,970
Car,General,1,12991,Petrol,Manual,1,3770
Electric Bike,General,1,7423,EV,Automatic,1,450
SUV,General,3,57384,Petrol,Automatic,5,7030
SUV,Repair,0,1000,Diesel,Automatic,0,15980
Bike,Major,4,27796,Petrol,Manual,5,2840
SUV,Major,9,107034,Petrol,Automatic,17,24030
SUV,Repair,5,68417,Diesel,Automatic,7,24730
SUV,Major,7,103732,Diesel,Automatic,13,29120
SUV,Major,3,56852,Petrol,Manual,4,22530
Scooty,Repair,4,22883,Petrol,Automatic,5,1310
Bike,General,8,50653,Petrol,Manual,11,1220
Car,General,7,111402,Petrol,Automatic,11,4510
Electric Bike,Major,4,32754,EV,Automatic,6,2260
SUV,General,3,43481,Hybrid,Manual,5,8090
Car,Major,7,97519,Petrol,Manual,10,12710
Car,General,0,4792,Diesel,Manual,0,5700
Bike,Major,2,12379,Petrol,Manual,2,2480
Scooty,General,6,37566,Petrol,Automatic,11,580
Bike,General,5,45589,Petrol,Manual,8,1180
Scooty,General,4,17389,Petrol,Automatic,5,780
Car,General,6,82761,Diesel,Automatic,10,7250
Car,Major,12,113792,EV,Automatic,22,10260
Bike,General,2,14217,Petrol,Manual,3,590
Electric Scooter,Repair,2,11192,EV,Automatic,3,1300
Car,Major,10,112007,Petrol,Manual,12,16920
SUV,Major,5,54390,Diesel,Automatic,9,26050
Car,Major,5,82847,Diesel,Automatic,9,15810
Electric Bike,General,3,16128,EV,Automatic,4,800
Bike,Major,6,36605,Petrol,Manual,10,2110
Car,General,2,16865,Diesel,Manual,2,6280
Car,Major,5,42411,Diesel,Manual,9,17410
Scooty,Major,3,18668,Petrol,Automatic,4,1170
SUV,General,11,146954,Petrol,Automatic,19,9300
SUV,Major,12,214239,Petrol,Automatic,20,28090
Bike,General,5,30001,Petrol,Manual,6,810
Electric Scooter,Repair,2,10814,EV,Automatic,2,1870
SUV,General,7,70573,Diesel,Automatic,8,7330
Bike,General,5,29372,Petrol,Manual,8,1150
Electric Bike,General,3,24899,EV,Automatic,4,760
SUV,General,4,78396,EV,Automatic,7,5220
Car,General,6,76481,Petrol,Automatic,11,6620
Car,General,3,46530,Diesel,Automatic,5,4600
Electric Scooter,General,2,10211,EV,Automatic,3,480
Car,General,7,59150,Petrol,Automatic,13,4420
Car,Major,2,31100,Petrol,Manual,3,8990
Car,General,5,62448,Petrol,Manual,6,3480
Car,Major,4,38910,Diesel,Manual,5,11270
Car,General,10,106089,Petrol,Automatic,12,7130
SUV,Major,0,1000,Petrol,Manual,0,17040
Car,Major,8,72390,Diesel,Manual,14,16440
Bike,General,4,27616,Petrol,Manual,5,900
SUV,Major,5,88549,Diesel,Manual,6,18020
Car,General,9,107619,Petrol,Manual,13,5530
SUV,General,6,93701,Petrol,Automatic,9,7760
Car,General,1,13350,Petrol,Automatic,1,5080
Scooty,General,13,97848,Petrol,Automatic,20,1070
SUV,Major,10,103760,EV,Automatic,18,20950
Bike,Repair,1,10604,Petrol,Automatic,1,2230
Bike,Repair,5,37777,Petrol,Manual,7,2150
Car,General,13,149857,Diesel,Manual,18,7130
Car,Repair,3,45826,Diesel,Automatic,5,16130
Bike,General,11,84795,Petrol,Manual,15,850
Scooty,General,4,27701,Petrol,Automatic,5,870
Car,General,3,37017,Petrol,Manual,5,3320
Bike,General,6,40116,Petrol,Manual,11,850
Car,General,5,68036,Petrol,Automatic,8,4640
Bike,General,3,23098,Petrol,Manual,5,640
Electric Scooter,Repair,3,15140,EV,Automatic,4,1980
Electric Bike,Repair,1,5359,EV,Automatic,1,1390
Car,General,8,69650,Diesel,Manual,10,4490
SUV,General,11,196138,Petrol,Automatic,14,8370
Electric Bike,Major,2,14929,EV,Automatic,3,1580
Bike,Repair,4,21950,Petrol,Automatic,5,2260
Car,General,6,49637,EV,Automatic,11,2970
Bike,Repair,6,45335,Petrol,Manual,7,2460
Car,General,13,192202,Diesel,Manual,20,4910
Car,Repair,4,57898,EV,Automatic,7,9030
Electric Scooter,General,1,9322,EV,Automatic,1,450
Electric Scooter,Repair,1,3897,EV,Automatic,1,1180
Electric Scooter,General,2,10235,EV,Automatic,3,730
Car,Repair,10,162838,Diesel,Manual,19,20740
Car,General,6,55882,Petrol,Manual,10,5350
SUV,General,1,19134,Diesel,Manual,1,6930
Bike,Major,2,20746,Petrol,Manual,3,2120
SUV,Major,9,173794,Diesel,Manual,15,32530
Scooty,General,6,30540,Petrol,Automatic,11,720
SUV,General,2,35730,Diesel,Manual,3,9400
Scooty,General,1,6032,Petrol,Automatic,1,460
Car,Major,10,92498,Petrol,Automatic,15,15700
Electric Scooter,Major,1,4982,EV,Automatic,1,1450
Scooty,Major,4,18409,Petrol,Automatic,7,1930
Electric Scooter,General,1,5400,EV,Automatic,1,630
Car,General,5,44736,Petrol,Manual,7,4480
SUV,Repair,8,152593,Petrol,Manual,12,27170
SUV,General,7,91879,Diesel,Manual,9,6930
Bike,General,5,39559,Petrol,Manual,8,660
Car,General,3,36570,Hybrid,Manual,5,3650
Car,Repair,6,81793,EV,Automatic,10,13710
Car,Major,6,60854,Petrol,Automatic,11,13440
Car,General,3,31287,EV,Automatic,4,3250
Bike,Major,2,14587,Petrol,Manual,3,2230
Bike,General,9,88840,Petrol,Manual,14,690
Car,Major,5,43985,Petrol,Automatic,7,13750
SUV,General,2,34485,EV,Automatic,3,5250
Bike,General,3,21479,Petrol,Manual,5,700
Car,General,10,115728,Diesel,Manual,15,6690
Car,General,5,56734,EV,Automatic,6,3210
Scooty,General,1,6837,Petrol,Automatic,1,520
SUV,Major,2,23274,Petrol,Manual,2,15800
Scooty,Major,2,7207,Petrol,Automatic,2,1610
SUV,General,2,36314,Petrol,Manual,2,6870
SUV,Major,6,93693,Petrol,Manual,10,16640
SUV,Repair,8,112560,Petrol,Automatic,12,30250
Scooty,General,2,17910,Petrol,Automatic,2,520
SUV,General,5,73471,Diesel,Manual,9,7550
SUV,General,6,64558,Diesel,Automatic,7,10260
SUV,General,2,33938,Diesel,Automatic,2,10660
Scooty,General,8,52147,Petrol,Automatic,14,860
Car,General,3,37685,Petrol,Manual,5,3480
Scooty,General,6,38796,Petrol,Automatic,9,560
Electric Scooter,General,2,14488,EV,Automatic,2,410
SUV,Major,8,95260,Petrol,Automatic,10,21080
Car,Repair,0,2348,Petrol,Manual,0,7240
Car,Major,6,48376,Diesel,Manual,8,15340
Car,General,0,800,Petrol,Manual,0,4590
Car,Repair,4,47740,Hybrid,Manual,5,11250
Car,General,9,122243,Diesel,Automatic,15,7710
Scooty,General,3,15704,Petrol,Automatic,5,620
SUV,Repair,12,124580,Diesel,Automatic,22,49540
Electric Bike,Repair,0,500,EV,Automatic,0,1310
Scooty,General,8,49079,Petrol,Automatic,11,940
SUV,Repair,7,96092,Diesel,Automatic,9,27990
Bike,Repair,13,71253,Petrol,Manual,19,4120
Car,Repair,4,44058,Diesel,Manual,5,13930
SUV,General,8,146948,Diesel,Automatic,13,8580
Scooty,General,6,30981,Petrol,Automatic,10,770
Bike,General,3,19518,Petrol,Manual,4,810
Electric Scooter,Repair,3,21039,EV,Automatic,4,2170
SUV,General,4,42856,EV,Automatic,7,4840
Car,Major,10,127789,Petrol,Automatic,18,18650
SUV,General,3,62186,Diesel,Manual,4,7430
Car,General,6,62673,Diesel,Manual,11,6850
Bike,Major,1,10677,Petrol,Manual,1,2740
Bike,Major,5,31271,Petrol,Manual,6,1760
Car,General,6,78312,Diesel,Automatic,10,6570
SUV,Major,7,77868,Petrol,Manual,8,24970
Car,General,2,25867,Petrol,Automatic,2,4780
Electric Bike,General,2,14428,EV,Automatic,3,670
Car,Repair,4,56877,Diesel,Automatic,5,21360
Car,Major,5,62766,Diesel,Automatic,7,13940
Electric Scooter,Major,3,23049,EV,Automatic,3,1860
Bike,Repair,1,10865,Petrol,Manual,1,2120
Bike,General,1,5320,Petrol,Manual,1,930
SUV,Repair,5,54727,Petrol,Automatic,8,26300
Scooty,Major,10,75749,Petrol,Automatic,19,2260
Car,Major,10,119742,Diesel,Automatic,15,20420
SUV,Major,9,174207,Diesel,Automatic,16,28170
Bike,General,12,87281,Petrol,Manual,16,720
Car,General,3,40727,Diesel,Manual,4,4550
Electric Bike,Major,3,16307,EV,Automatic,5,1750
Scooty,General,2,13554,Petrol,Automatic,3,830
SUV,General,4,76422,EV,Automatic,5,7050
Car,Repair,4,54725,Hybrid,Manual,7,14390
Car,Major,7,103055,Petrol,Manual,8,13980
Electric Scooter,General,2,13833,EV,Automatic,3,530
Car,General,7,106739,Diesel,Automatic,13,7250
SUV,Major,4,38116,Diesel,Manual,6,24540
SUV,General,3,54905,Petrol,Manual,4,5350
Car,General,12,114314,Petrol,Manual,19,4720
Bike,Major,8,74937,Petrol,Manual,14,3450
Bike,General,3,28453,Petrol,Manual,5,610
Car,General,7,102393,Diesel,Manual,12,6540
SUV,Major,9,166048,Petrol,Manual,11,24300
Car,Repair,7,58328,Petrol,Manual,9,18410
Car,General,14,197962,Hybrid,Manual,26,5560
Car,Repair,3,33256,Diesel,Automatic,3,15240
Bike,General,2,17834,Petrol,Manual,2,940
Scooty,Major,3,18114,Petrol,Automatic,4,1770
SUV,Major,8,106601,Petrol,Automatic,12,22880
Car,Major,7,92670,Diesel,Manual,12,11710
Bike,General,9,77757,Petrol,Automatic,16,1180
SUV,General,4,64871,Diesel,Automatic,5,7750
Bike,General,4,21911,Petrol,Manual,6,600
Car,General,6,60571,Hybrid,Automatic,9,7170
Car,Major,9,110824,Diesel,Manual,17,20400
SUV,Repair,9,129932,Petrol,Automatic,16,25200
SUV,Repair,4,74633,Diesel,Manual,6,25990
Car,General,6,64415,Petrol,Automatic,9,5060
Car,General,7,84316,Petrol,Manual,10,3450
Scooty,General,7,34925,Petrol,Automatic,10,830
SUV,General,10,201441,Petrol,Manual,14,8110
Car,Repair,13,173803,EV,Automatic,23,20480
Electric Bike,Major,0,500,EV,Automatic,0,1040
SUV,Major,5,81822,Petrol,Manual,9,14030
Scooty,Major,5,20600,Petrol,Automatic,6,1680
SUV,General,4,53793,Hybrid,Manual,5,8310
SUV,General,11,181124,Diesel,Manual,16,9930
SUV,Repair,2,27900,EV,Automatic,2,11110
Car,General,4,63658,Petrol,Automatic,7,5840
Scooty,Major,7,51655,Petrol,Automatic,12,2050
Car,General,3,28524,Petrol,Manual,4,3280
SUV,Repair,10,140279,Diesel,Automatic,15,43490
Car,Repair,8,103235,Petrol,Manual,12,15150
Scooty,General,13,87396,Petrol,Automatic,20,710
SUV,Major,3,36077,Diesel,Automatic,4,24610
Bike,Major,3,18375,Petrol,Manual,5,2460
SUV,General,5,72915,Petrol,Automatic,9,8820
Car,Major,11,102280,Petrol,Automatic,15,15090
Electric Scooter,General,1,5596,EV,Automatic,1,750
Car,Repair,2,21658,Petrol,Automatic,2,9860
Car,General,7,109838,Diesel,Manual,10,6550
SUV,General,2,30953,EV,Automatic,3,5370
SUV,Major,9,128350,EV,Automatic,15,19410
Electric Bike,General,2,15358,EV,Automatic,3,570
Scooty,General,8,32004,Petrol,Automatic,13,760
Electric Scooter,General,1,4681,EV,Automatic,1,700
Bike,General,3,16606,Petrol,Manual,4,750
Bike,General,6,32162,Petrol,Manual,10,1210
Electric Bike,Repair,3,25410,EV,Automatic,4,1810
Bike,General,2,16782,Petrol,Manual,2,1060
Electric Scooter,Repair,2,13500,EV,Automatic,3,1860
Car,Major,8,107701,Petrol,Automatic,13,18530
Electric Scooter,Major,2,13506,EV,Automatic,3,1560
Scooty,General,7,46208,Petrol,Automatic,9,530
Car,Repair,14,143685,Petrol,Manual,17,19800
Electric Bike,General,2,9904,EV,Automatic,3,670
Electric Bike,General,3,22827,EV,Automatic,4,440
Bike,General,3,14782,Petrol,Automatic,4,890
SUV,Repair,3,56951,Diesel,Automatic,4,25830
Bike,Major,4,23945,Petrol,Automatic,6,1400
Car,Major,5,49129,Hybrid,Manual,7,14930
SUV,Major,5,78940,Diesel,Automatic,8,29790
SUV,Repair,2,28161,Petrol,Manual,2,13710
Scooty,General,2,10291,Petrol,Automatic,2,430
SUV,Major,2,28834,EV,Automatic,3,17010
Bike,Major,7,66535,Petrol,Manual,11,1750
Car,Repair,4,37548,Petrol,Automatic,5,9900
Electric Scooter,General,1,6479,EV,Automatic,1,370
Car,General,9,114068,Hybrid,Manual,11,5200
Bike,General,4,38058,Petrol,Manual,5,1220
SUV,General,5,68246,Diesel,Manual,6,8880
Electric Bike,General,2,15281,EV,Automatic,3,800
Scooty,General,6,45748,Petrol,Automatic,7,630
SUV,Major,2,40194,Petrol,Manual,3,15820
SUV,General,3,35341,Petrol,Automatic,5,8020
Scooty,General,2,9448,Petrol,Automatic,2,930
Electric Bike,General,2,16997,EV,Automatic,3,610
Car,Major,6,71677,Petrol,Automatic,8,16400
Bike,General,3,22021,Petrol,Automatic,3,1120
Scooty,General,0,500,Petrol,Automatic,0,790
Bike,Repair,4,25075,Petrol,Manual,7,2580
SUV,General,1,17842,Diesel,Manual,1,6280
Scooty,Major,4,29673,Petrol,Automatic,5,2500
Bike,General,10,99500,Petrol,Manual,16,870
SUV,Major,4,66012,Diesel,Automatic,4,20570
Scooty,General,6,26477,Petrol,Automatic,8,610
Car,General,5,39098,EV,Automatic,9,3140
Car,General,7,93388,Petrol,Manual,10,3370
Car,General,4,60664,Diesel,Automatic,7,7530
Bike,General,4,28835,Petrol,Manual,7,1240
Car,Major,8,114282,Diesel,Automatic,10,18270
SUV,General,3,50119,Diesel,Manual,4,8740
Bike,Major,4,37014,Petrol,Manual,6,2480
SUV,General,11,141753,Diesel,Manual,16,8520
Scooty,Major,5,25099,Petrol,Automatic,9,1400
Electric Bike,Major,2,14866,EV,Automatic,2,1870
Scooty,Major,5,31253,Petrol,Automatic,6,1450
SUV,Major,8,105408,Diesel,Automatic,11,31610
Car,General,12,134257,Petrol,Manual,18,5760
SUV,General,13,178394,Petrol,Manual,23,11020
Car,Major,7,104109,Diesel,Manual,9,16300
Electric Scooter,Repair,1,8223,EV,Automatic,1,1070
Car,General,14,223533,Petrol,Manual,22,6230
Car,General,4,34330,Petrol,Automatic,5,5840
SUV,Repair,5,67464,Diesel,Automatic,6,32490
SUV,General,5,96500,Diesel,Manual,7,8570
Car,General,1,12763,Petrol,Manual,1,2990
SUV,General,2,32752,Petrol,Automatic,3,6840
Bike,Repair,4,29348,Petrol,Automatic,7,2710
Scooty,General,5,23256,Petrol,Automatic,9,750
Electric Scooter,Major,2,8040,EV,Automatic,3,1610
SUV,General,6,66851,Diesel,Automatic,9,9110
SUV,General,5,67090,Diesel,Manual,9,8890
SUV,Major,4,50850,Petrol,Automatic,5,15320
Car,Major,6,75736,Petrol,Manual,8,10700
Bike,Major,11,107077,Petrol,Manual,16,4180
Car,General,6,51058,Petrol,Automatic,10,5130
Car,General,4,59854,EV,Automatic,7,3320
Car,General,4,35801,Diesel,Manual,7,4980
SUV,General,2,26362,Diesel,Automatic,3,10150
Car,Major,7,66033,Petrol,Manual,13,13700
Electric Scooter,Major,1,6290,EV,Automatic,1,1790
Bike,Major,6,38372,Petrol,Manual,10,1970
Bike,Major,4,32940,Petrol,Manual,7,3160
SUV,Repair,7,87269,Petrol,Manual,11,18900
SUV,General,11,171506,Diesel,Automatic,18,8320
Car,Repair,5,56559,Petrol,Automatic,8,16030
SUV,Major,6,73280,Petrol,Manual,7,24430
Car,General,7,98158,Petrol,Automatic,10,5650
SUV,General,3,39182,Diesel,Manual,4,7350
Car,Major,4,41551,Petrol,Automatic,5,14010
Bike,General,5,47925,Petrol,Manual,7,880
Electric Scooter,Repair,1,5116,EV,Automatic,1,1790
Car,Major,7,110757,Petrol,Manual,10,13000
Car,Major,2,22870,Petrol,Manual,2,7800
Scooty,Major,4,30332,Petrol,Automatic,5,1250
Car,Major,2,25067,Hybrid,Manual,3,8280
Car,General,9,110971,Diesel,Manual,13,5550
Electric Scooter,General,2,8727,EV,Automatic,2,720
SUV,General,4,55348,Petrol,Automatic,6,8570
SUV,Major,6,88841,Diesel,Manual,9,18970
SUV,Major,9,93711,Petrol,Automatic,16,26300
Car,General,2,29444,Diesel,Manual,2,3940
SUV,Repair,4,65599,Diesel,Automatic,6,30920
SUV,General,11,160172,Diesel,Manual,18,12580
Car,Repair,2,29370,EV,Automatic,3,10720
Bike,Major,5,36173,Petrol,Manual,8,1890
SUV,General,6,77101,Petrol,Automatic,11,8510
Car,General,10,105066,Petrol,Manual,15,3890
SUV,Repair,8,80160,Diesel,Manual,12,30340
Bike,Major,10,50074,Petrol,Automatic,18,3560
SUV,General,5,88817,Petrol,Manual,9,8480
Car,General,8,86748,Petrol,Automatic,9,6370
SUV,General,4,67494,EV,Automatic,5,6460
Scooty,General,5,33084,Petrol,Automatic,6,700
Car,General,10,81521,Petrol,Manual,17,5480
Bike,Major,1,9114,Petrol,Manual,1,2590
Electric Bike,General,3,18437,EV,Automatic,4,460
Electric Scooter,General,1,5682,EV,Automatic,1,480
Scooty,General,1,6276,Petrol,Automatic,1,490
SUV,General,8,137006,Diesel,Manual,15,7690
Car,General,5,52664,Hybrid,Manual,9,5450
Car,Major,6,87559,Petrol,Automatic,8,12100
Bike,Major,9,70896,Petrol,Manual,15,2910
Car,General,6,80269,Petrol,Manual,9,5810
Scooty,Major,8,65557,Petrol,Automatic,15,1500
Electric Bike,General,3,21040,EV,Automatic,3,840
Car,General,9,116321,Hybrid,Manual,15,5520
SUV,General,11,121853,Diesel,Automatic,19,13510
Car,General,4,33603,Diesel,Automatic,6,7070
Scooty,General,1,5948,Petrol,Automatic,1,630
Car,Major,7,91986,Diesel,Manual,11,15010
SUV,Repair,2,32212,Diesel,Manual,2,21910
Car,Major,7,103842,Petrol,Automatic,13,17270
Car,General,15,232000,Petrol,Automatic,20,6850
Scooty,General,7,55351,Petrol,Automatic,9,870
SUV,General,12,209347,EV,Automatic,21,5550
SUV,Major,5,73894,Hybrid,Manual,8,17110
SUV,Major,4,52290,Hybrid,Manual,5,20660
Car,Major,4,42295,Hybrid,Manual,6,12070
SUV,Major,4,59521,Hybrid,Automatic,6,17410
SUV,General,9,109864,Petrol,Automatic,17,8560
Car,General,1,10582,Petrol,Automatic,1,3630
Car,Repair,5,70468,Diesel,Manual,6,12300
SUV,General,12,135820,Diesel,Automatic,14,8830
Bike,Repair,7,38960,Petrol,Manual,12,2560
Car,Major,0,800,EV,Automatic,0,8980
Car,General,10,106931,Hybrid,Manual,13,5660
Car,Repair,14,139807,Diesel,Manual,23,30700
Bike,Major,8,73166,Petrol,Manual,13,3410
Electric Scooter,Major,2,15057,EV,Automatic,3,1430
Bike,General,10,51331,Petrol,Automatic,18,1110
SUV,Repair,7,94319,Diesel,Manual,9,28750
Car,General,13,166879,Diesel,Manual,25,7920
Bike,General,8,50868,Petrol,Manual,13,680
Scooty,General,5,32528,Petrol,Automatic,6,750
Car,Major,3,31881,Petrol,Automatic,5,11680
Scooty,General,6,26580,Petrol,Automatic,10,890
Bike,Major,8,45151,Petrol,Manual,11,3460
Car,General,12,130527,Petrol,Automatic,22,6070
Car,General,4,36852,Petrol,Automatic,6,5230
SUV,General,10,110774,Hybrid,Automatic,14,10390
Car,Major,4,51884,Diesel,Manual,6,16380
Bike,Major,8,41509,Petrol,Manual,14,3160
SUV,General,4,73386,Diesel,Automatic,5,10430
Car,Repair,14,130991,Petrol,Manual,20,22040
Car,General,2,15313,Diesel,Manual,2,5210
Scooty,Major,2,11359,Petrol,Automatic,3,1440
SUV,Repair,10,104211,Diesel,Automatic,19,40970
Car,Repair,8,105245,Petrol,Manual,9,20630
Bike,General,4,38806,Petrol,Manual,5,740
Bike,General,9,51392,Petrol,Manual,15,940
Car,Repair,8,89513,Petrol,Manual,12,15860
Bike,Major,13,130500,Petrol,Automatic,22,3880
Bike,Major,5,28764,Petrol,Manual,7,1690
SUV,Major,5,61569,Petrol,Automatic,7,15760
Scooty,General,5,35610,Petrol,Automatic,9,830
SUV,General,5,95375,Diesel,Automatic,9,7750
Scooty,General,6,38925,Petrol,Automatic,11,510
Scooty,General,9,64021,Petrol,Automatic,17,1050
Bike,General,3,19324,Petrol,Manual,5,940
Electric Bike,Repair,2,10814,EV,Automatic,2,1290
SUV,General,12,231871,Diesel,Automatic,15,13010
Car,Repair,15,188142,Petrol,Manual,22,21380
Bike,Major,1,8532,Petrol,Manual,1,2420
Scooty,General,8,41960,Petrol,Automatic,14,930
Car,General,3,35164,Diesel,Manual,5,4620
Car,General,10,129140,Petrol,Manual,14,5250
SUV,General,3,57705,Petrol,Automatic,4,8420
SUV,General,7,80912,Petrol,Manual,13,6530
Scooty,Repair,5,30842,Petrol,Automatic,6,2160
Bike,General,4,30365,Petrol,Automatic,7,920
Bike,General,7,65441,Petrol,Manual,10,600
Car,Major,9,131225,EV,Automatic,12,9800
Car,Repair,3,26647,Petrol,Manual,4,10140
Bike,General,6,59362,Petrol,Manual,10,880
SUV,General,7,95768,Diesel,Automatic,13,9220
Car,General,4,37939,Hybrid,Manual,7,4620
Scooty,General,1,3033,Petrol,Automatic,1,430
SUV,Major,11,132035,EV,Automatic,16,18250
Bike,General,8,65301,Petrol,Manual,14,620
SUV,General,8,145025,Diesel,Automatic,11,11590
SUV,Major,4,42376,Diesel,Manual,6,20660
Car,Major,8,118072,Diesel,Automatic,13,22950
Scooty,General,8,43197,Petrol,Automatic,15,830
SUV,General,9,98162,Petrol,Manual,17,8170
Car,General,8,107692,Hybrid,Manual,15,6570
SUV,Repair,7,98104,Hybrid,Manual,12,33560
Scooty,General,4,25935,Petrol,Automatic,5,680
SUV,Major,5,51290,Petrol,Automatic,7,19720
SUV,Major,8,94836,Petrol,Manual,10,26130
Car,General,11,114227,Petrol,Automatic,14,6270
SUV,Repair,3,57867,Diesel,Manual,5,23900
Car,General,3,42630,Petrol,Automatic,5,5150
Bike,General,11,59349,Petrol,Manual,13,670
Car,Major,12,168223,Petrol,Manual,15,18010
Bike,Major,6,59003,Petrol,Manual,11,3180
Bike,General,7,63194,Petrol,Manual,12,1270
Car,General,10,115085,Diesel,Manual,17,6220
SUV,General,2,30287,Diesel,Manual,3,8920
Car,Major,3,40724,Hybrid,Automatic,4,13390
Bike,Major,2,9270,Petrol,Manual,3,1660
Bike,General,6,40695,Petrol,Manual,9,1290
SUV,General,3,53686,Diesel,Automatic,4,9060
Car,General,4,45263,Petrol,Manual,6,5610
Scooty,Major,2,13981,Petrol,Automatic,2,2100
SUV,Major,9,109439,Diesel,Automatic,13,33120
Scooty,General,2,11657,Petrol,Automatic,3,500
Car,General,3,34835,Petrol,Automatic,4,4100
SUV,Major,6,72042,Diesel,Manual,8,19250
Electric Scooter,General,2,12950,EV,Automatic,3,640
Car,Major,7,66988,Petrol,Automatic,11,12390
SUV,General,6,74071,Diesel,Automatic,10,11310
Car,Major,8,89817,EV,Automatic,12,14040
SUV,Repair,6,69540,Petrol,Manual,11,22190
Car,General,12,117173,Petrol,Manual,23,4010
Scooty,Major,5,25334,Petrol,Automatic,6,2410
Car,Major,13,209213,Hybrid,Manual,19,20820
SUV,Repair,8,80846,Diesel,Automatic,15,32220
Scooty,Major,2,16748,Petrol,Automatic,3,1140
Bike,Repair,8,70924,Petrol,Manual,12,2880
Car,Repair,8,103402,Hybrid,Manual,13,19970
Car,General,8,101091,Diesel,Automatic,11,7230
Bike,General,2,20684,Petrol,Manual,2,1040
Bike,Major,10,50685,Petrol,Manual,15,2390
Bike,Repair,7,60464,Petrol,Manual,10,3170
Car,Major,4,41585,Petrol,Manual,6,12060
Electric Scooter,General,0,500,EV,Automatic,0,550
Electric Scooter,General,0,500,EV,Automatic,0,830
Scooty,Repair,3,24720,Petrol,Automatic,5,2530
Car,General,10,141106,Hybrid,Manual,17,6020
Car,General,7,106357,Diesel,Manual,11,5120
Scooty,Major,5,27075,Petrol,Automatic,6,1510
Bike,Major,6,30015,Petrol,Manual,8,2210
Car,General,5,56176,Petrol,Automatic,7,5890
Car,General,12,167409,Petrol,Manual,16,5840
Bike,Repair,2,21162,Petrol,Manual,3,1790
Car,General,12,151959,Petrol,Automatic,21,5750
Bike,General,4,29493,Petrol,Manual,6,740
Car,General,12,122915,Diesel,Manual,18,6810
Car,Major,7,54870,Diesel,Manual,11,19460
Bike,General,1,5631,Petrol,Manual,1,830
SUV,Major,4,47634,Diesel,Manual,6,27710
Car,General,4,48829,Diesel,Manual,6,6660
Car,Major,1,18170,Petrol,Manual,1,8260
Car,General,4,36132,Petrol,Manual,6,4990
SUV,Major,5,80079,Petrol,Manual,6,16970
Bike,Repair,8,56473,Petrol,Manual,13,2080
SUV,Major,2,34449,Petrol,Automatic,3,15250
Car,General,0,800,Diesel,Automatic,0,4960
Car,General,5,56380,EV,Automatic,9,3970
SUV,Major,8,91997,Petrol,Automatic,13,24470
Electric Bike,General,1,7232,EV,Automatic,1,670
Electric Bike,Major,2,16565,EV,Automatic,3,1970
Car,General,13,156142,Diesel,Automatic,17,6570
Scooty,General,5,35632,Petrol,Automatic,7,740
SUV,Major,6,81597,Diesel,Automatic,9,29770
Car,General,4,50144,Hybrid,Manual,4,4620
Car,General,8,71969,Petrol,Manual,15,4730
Scooty,Major,7,38907,Petrol,Automatic,12,1560
Bike,General,14,97257,Petrol,Manual,26,1060
SUV,General,9,158851,Diesel,Manual,11,9880
Electric Bike,Major,2,9737,EV,Automatic,3,2110
SUV,Major,7,78425,EV,Automatic,10,16010
Car,General,1,6275,Petrol,Manual,1,4900
Electric Bike,Repair,3,26478,EV,Automatic,4,2020
Car,General,12,175700,Diesel,Manual,17,6090
Car,Repair,4,52670,EV,Automatic,7,10100
Scooty,Repair,4,22658,Petrol,Automatic,6,2640
Car,Major,6,73274,Petrol,Automatic,11,13640
Electric Scooter,Repair,2,9508,EV,Automatic,2,1780
SUV,General,7,138259,Diesel,Automatic,11,8520
Bike,Major,5,29966,Petrol,Manual,8,2380
Bike,Major,4,24485,Petrol,Manual,5,2010
Car,General,8,127053,Petrol,Manual,10,5340
Bike,Major,6,30320,Petrol,Manual,8,2460
Scooty,Repair,4,25641,Petrol,Automatic,7,2140
Bike,Major,5,27820,Petrol,Manual,6,3270
SUV,General,10,188625,Diesel,Manual,17,12390
Scooty,Major,3,23181,Petrol,Automatic,5,2330
Car,General,3,32883,Diesel,Manual,5,3820
SUV,General,6,81432,Diesel,Manual,8,9710
Electric Bike,General,1,6459,EV,Automatic,1,550
Bike,Major,8,47746,Petrol,Manual,12,3030
Bike,Major,8,55796,Petrol,Manual,12,2770
Car,Repair,2,26774,Diesel,Manual,2,11130
SUV,Repair,4,47868,EV,Automatic,7,13430
Electric Bike,General,1,6999,EV,Automatic,1,470
Car,Repair,3,49219,Petrol,Manual,5,8500
Bike,General,4,27942,Petrol,Automatic,6,850
Electric Scooter,Major,2,15162,EV,Automatic,3,1140
Scooty,Major,7,51664,Petrol,Automatic,11,2520
Car,General,5,50702,Hybrid,Manual,7,4420
SUV,General,7,88622,Petrol,Manual,13,7740
Car,Major,6,77779,EV,Automatic,9,9340
Electric Scooter,Repair,1,5082,EV,Automatic,1,930
Scooty,General,5,31313,Petrol,Automatic,9,860
Scooty,General,4,22809,Petrol,Automatic,7,880
Bike,General,2,14599,Petrol,Manual,3,610
Car,Repair,4,39976,Petrol,Automatic,4,10650
Electric Bike,General,4,20790,EV,Automatic,6,730
Car,General,10,126945,Petrol,Automatic,19,6710
Bike,Major,3,20394,Petrol,Manual,3,2170
Car,General,14,174647,Diesel,Manual,24,6180
Electric Bike,General,3,23394,EV,Automatic,5,730
SUV,General,7,136784,Petrol,Manual,12,7480
Car,Repair,8,85804,Diesel,Manual,15,16660
Car,General,5,78117,Petrol,Manual,6,4030
Scooty,Major,6,35369,Petrol,Automatic,8,1980
Scooty,Major,7,53658,Petrol,Automatic,12,1530
SUV,Repair,12,180886,Petrol,Automatic,23,48590
SUV,General,8,115598,Hybrid,Manual,15,8730
SUV,General,9,145379,Diesel,Automatic,12,11030
Scooty,Repair,0,500,Petrol,Automatic,0,1150
Car,General,5,71168,Hybrid,Manual,9,5430
Car,General,3,37641,Diesel,Manual,5,5000
Bike,Major,2,13265,Petrol,Manual,2,2590
Electric Bike,General,1,6421,EV,Automatic,1,420
Car,General,8,94138,Petrol,Manual,12,3910
SUV,General,7,88648,Petrol,Manual,8,7630
Bike,General,1,8505,Petrol,Manual,1,660
SUV,General,5,65631,Petrol,Automatic,6,8530
Car,General,1,7972,Petrol,Manual,1,4200
Car,Major,4,58812,Petrol,Manual,6,9590
SUV,Repair,3,55022,Diesel,Automatic,3,30410
Bike,Major,5,39849,Petrol,Manual,6,2640
Bike,Major,10,58992,Petrol,Manual,19,3090
Bike,General,8,59720,Petrol,Manual,13,1190
Bike,General,1,9890,Petrol,Manual,1,590
Car,General,4,62028,Petrol,Manual,7,3340
Scooty,General,3,14246,Petrol,Automatic,5,900
Car,Major,10,153151,Petrol,Automatic,16,15280
Car,General,11,127001,Diesel,Automatic,17,5820
SUV,General,5,72869,Petrol,Automatic,6,7470
Car,Repair,4,55122,Diesel,Automatic,6,15780
Car,General,7,96879,Hybrid,Manual,13,5020
Car,General,4,62355,Petrol,Manual,6,5150
Electric Bike,General,1,6401,EV,Automatic,1,630
SUV,General,10,151947,Diesel,Automatic,19,12470
Car,General,6,84864,Diesel,Automatic,10,7580
Bike,General,5,34198,Petrol,Manual,8,1220
Electric Bike,General,2,10567,EV,Automatic,2,400
Car,Major,7,108540,Diesel,Manual,10,16600
SUV,Repair,2,31713,EV,Automatic,3,15320
SUV,General,13,155538,Petrol,Manual,19,10810
Electric Scooter,General,2,12844,EV,Automatic,3,370
Car,General,13,127653,Petrol,Automatic,21,6750
Bike,Major,11,101970,Petrol,Manual,20,2560
Car,Major,5,65549,Petrol,Automatic,7,13050
Car,General,4,60147,Diesel,Automatic,5,5050
Bike,Major,9,79773,Petrol,Manual,12,2780
Car,General,7,76437,Diesel,Automatic,13,7830
Car,Repair,2,24505,Petrol,Automatic,2,11520
Bike,General,1,7930,Petrol,Manual,1,870
Car,Major,9,148001,Petrol,Automatic,14,15450
Scooty,Major,11,66166,Petrol,Automatic,19,2950
Bike,General,8,40563,Petrol,Manual,10,780
Car,Major,14,222783,Diesel,Manual,25,19090
Car,Repair,4,48679,Diesel,Manual,7,11860
Car,Major,11,146726,Diesel,Manual,16,21980
Car,Major,6,82219,Diesel,Manual,7,12010
Car,General,13,114084,Petrol,Automatic,22,6830
SUV,General,2,30639,Diesel,Automatic,2,8110
SUV,Major,2,40481,Diesel,Manual,3,23290
Scooty,General,11,54875,Petrol,Automatic,16,580
Car,Major,5,60475,Petrol,Automatic,6,14840
SUV,Major,10,155724,Diesel,Manual,14,36450
Bike,General,5,44406,Petrol,Manual,6,580
Car,General,1,10704,Petrol,Automatic,1,4650
Car,Major,3,29859,Diesel,Automatic,5,13080
Bike,General,8,64743,Petrol,Manual,10,1160
Bike,General,7,59821,Petrol,Manual,13,700
SUV,Major,6,61790,Diesel,Automatic,9,24120
SUV,General,5,63064,EV,Automatic,9,6020
Car,General,3,31767,Petrol,Manual,4,3080
Scooty,Major,4,16061,Petrol,Automatic,7,2120
SUV,General,4,63337,Diesel,Manual,5,10590
Scooty,General,3,13695,Petrol,Automatic,3,590
SUV,General,6,61608,Petrol,Manual,9,8470
Car,Repair,3,31983,Diesel,Manual,5,13830
Car,Major,8,63432,Diesel,Manual,13,14330
Car,General,10,152279,Diesel,Manual,17,6030
Electric Scooter,General,2,17400,EV,Automatic,2,370
Car,Major,12,93415,Petrol,Manual,15,11290
Car,Repair,6,90250,Petrol,Automatic,10,18400
SUV,General,6,91364,Diesel,Manual,9,7070
SUV,General,7,128242,Diesel,Automatic,9,9850
Scooty,Repair,10,44874,Petrol,Automatic,12,3050
SUV,General,1,19486,Petrol,Manual,1,4990
Car,General,10,126951,Petrol,Manual,14,4060
Scooty,Repair,8,52248,Petrol,Automatic,14,2500
SUV,General,4,44082,Petrol,Automatic,6,6970
Car,Repair,0,800,Petrol,Manual,0,7880
Car,Major,2,15423,Diesel,Automatic,3,13500
Bike,General,7,43519,Petrol,Automatic,13,1230
Car,Repair,10,158299,Hybrid,Manual,16,18360
Car,Repair,8,113022,Petrol,Manual,14,12850
Electric Scooter,Major,2,14480,EV,Automatic,3,1980
SUV,General,2,28149,Diesel,Manual,2,7440
Electric Scooter,General,3,16463,EV,Automatic,5,650
Car,General,11,172955,Petrol,Automatic,15,6030
SUV,Major,7,100843,Diesel,Manual,13,25170
Electric Bike,General,2,17441,EV,Automatic,2,420
SUV,Major,5,53098,Petrol,Manual,8,16850
Electric Bike,Major,1,7425,EV,Automatic,1,1900
Car,Major,4,31126,Petrol,Manual,5,10280
Bike,General,8,62954,Petrol,Manual,10,580
SUV,General,4,60872,Diesel,Manual,7,8840
Bike,General,6,35323,Petrol,Manual,11,850
Bike,General,10,53421,Petrol,Manual,18,1050
SUV,General,10,185204,Diesel,Manual,19,8640
Car,General,10,94695,Petrol,Manual,17,4020
Car,Repair,7,72640,Diesel,Manual,9,16360
Scooty,General,3,14978,Petrol,Automatic,4,810
Scooty,Major,1,8671,Petrol,Automatic,1,2120
Bike,Major,4,30935,Petrol,Manual,7,2220
Bike,Major,5,35370,Petrol,Manual,7,1700
Electric Scooter,General,2,12249,EV,Automatic,3,710
SUV,Major,6,122516,Diesel,Manual,9,24430
Car,General,5,74565,Petrol,Automatic,8,5370
Bike,General,7,60757,Petrol,Manual,13,1010
Bike,Major,4,21788,Petrol,Manual,4,2550
Car,General,2,18881,Diesel,Manual,3,4230
Bike,Repair,4,36214,Petrol,Automatic,7,1930
Electric Scooter,Repair,2,12059,EV,Automatic,3,1970
Car,General,1,14791,EV,Automatic,1,3920
Car,General,0,800,Petrol,Automatic,0,5070
Bike,Major,3,18603,Petrol,Manual,4,1680
Bike,General,5,36024,Petrol,Manual,8,920
Car,General,3,44085,Diesel,Automatic,4,6060
Car,Major,4,46077,Petrol,Manual,6,12150
SUV,Major,5,102932,Hybrid,Manual,9,19990
Car,General,7,80924,Petrol,Automatic,13,4770
SUV,General,5,93302,Petrol,Automatic,8,6510
SUV,General,5,63597,Hybrid,Automatic,8,6350
Electric Scooter,Major,2,12249,EV,Automatic,2,1740
SUV,General,9,105433,Petrol,Manual,13,7680
Bike,General,6,49588,Petrol,Manual,7,940
Car,Major,6,75934,Diesel,Manual,10,16990
Car,General,11,156889,Petrol,Manual,21,6570
SUV,Major,5,93960,Petrol,Automatic,9,22550
Bike,General,3,18227,Petrol,Automatic,5,700
SUV,General,5,97086,Petrol,Automatic,9,8730
Car,Major,3,29883,Diesel,Manual,4,11090
Car,General,7,85791,Diesel,Automatic,13,7060
Car,Major,11,88132,Diesel,Automatic,13,16050
Scooty,Major,5,40660,Petrol,Automatic,6,2380
Car,General,6,77061,Petrol,Manual,11,5020
SUV,Repair,2,27307,Diesel,Manual,2,14660
Car,General,6,48080,Petrol,Manual,8,4530
Car,Repair,7,100636,Petrol,Manual,11,17020
SUV,Major,8,107186,Diesel,Manual,13,29210
Bike,General,2,17495,Petrol,Manual,2,1200
Bike,Repair,0,500,Petrol,Automatic,0,1720
SUV,Repair,11,135800,Petrol,Manual,20,36160
Car,General,10,155182,Petrol,Manual,19,4710
SUV,General,7,90188,Petrol,Automatic,12,9980
Bike,General,4,37761,Petrol,Manual,4,1200
SUV,Repair,5,84119,Diesel,Automatic,6,37540
SUV,General,2,36235,Petrol,Manual,2,7270
Bike,Major,5,25487,Petrol,Manual,8,2020
SUV,Major,4,43570,Petrol,Automatic,4,18050
Electric Bike,General,3,22153,EV,Automatic,4,750
SUV,General,1,11094,Diesel,Automatic,1,7360
SUV,General,9,170749,Diesel,Automatic,12,12240
SUV,Major,8,128439,Petrol,Automatic,14,24110
Bike,Major,3,25677,Petrol,Manual,4,2340
SUV,General,6,114691,Diesel,Manual,10,10240
Car,Repair,7,83963,Diesel,Automatic,11,19560
Scooty,Major,9,62654,Petrol,Automatic,16,1640
Bike,General,4,34014,Petrol,Manual,5,890
Scooty,General,4,25746,Petrol,Automatic,7,840
Scooty,Major,5,31069,Petrol,Automatic,8,2030
Car,General,2,22859,Petrol,Automatic,3,4100
Car,Major,9,98679,EV,Automatic,14,14260
Car,Major,8,84089,Diesel,Automatic,14,18700
Car,Major,13,183037,Petrol,Manual,15,19570
Bike,General,9,69131,Petrol,Manual,16,920
Electric Bike,General,2,14960,EV,Automatic,2,580
Electric Bike,Major,3,21232,EV,Automatic,4,2210
Scooty,Major,6,41744,Petrol,Automatic,10,1670
SUV,General,6,109673,Diesel,Automatic,11,13110
Car,Repair,7,68270,Petrol,Automatic,8,16540
Car,General,4,59642,EV,Automatic,7,4180
SUV,General,5,102898,Diesel,Manual,7,10550
Bike,General,3,23927,Petrol,Automatic,4,520
Car,General,8,112312,Petrol,Automatic,9,6140
Car,Major,7,105879,Petrol,Manual,9,9920
Bike,Repair,8,42064,Petrol,Manual,10,3060
Car,General,2,33249,Petrol,Automatic,2,4830
Bike,Major,1,7740,Petrol,Automatic,1,2060
SUV,General,8,135720,Petrol,Manual,15,6970
SUV,Repair,6,93175,Petrol,Automatic,8,28060
Bike,Major,8,48367,Petrol,Manual,11,2910
Car,Major,7,84507,Diesel,Automatic,12,16180
Electric Bike,Major,1,7695,EV,Automatic,1,1370
SUV,Repair,2,24640,Petrol,Manual,3,19180
SUV,Repair,4,68945,Petrol,Automatic,4,21640
Electric Bike,Major,2,16912,EV,Automatic,3,1560
SUV,General,1,14652,Diesel,Automatic,1,7220
Bike,Repair,3,19670,Petrol,Manual,3,1740
Car,Major,9,122705,Petrol,Manual,17,15530
SUV,Major,2,42227,Diesel,Manual,2,19720
SUV,General,4,63888,Diesel,Manual,7,8420
Electric Scooter,General,1,8884,EV,Automatic,1,720
SUV,Major,6,70614,Diesel,Manual,9,30870
SUV,General,2,28166,Diesel,Manual,3,6600
Car,General,6,67360,Diesel,Manual,8,6140
SUV,General,7,74400,Diesel,Manual,12,11450
Bike,General,1,7322,Petrol,Manual,1,960
Car,Major,4,42487,Diesel,Automatic,6,14590
Car,General,8,80424,Diesel,Manual,13,5840
Bike,General,6,48990,Petrol,Manual,7,590
Car,General,9,119628,Petrol,Manual,13,6140
Scooty,Major,5,29281,Petrol,Automatic,7,1630
Bike,General,8,56429,Petrol,Manual,11,1280
Car,Major,8,96699,Petrol,Manual,10,13470
Electric Scooter,General,1,7385,EV,Automatic,1,440
SUV,Repair,5,75879,Diesel,Manual,8,26170
Car,General,4,40294,Diesel,Automatic,5,7100
Electric Bike,General,2,18074,EV,Automatic,2,480
Car,General,4,44022,Diesel,Automatic,5,7490
Car,General,9,121782,Petrol,Manual,13,4760
Car,General,2,26623,Petrol,Automatic,3,3980
Car,General,7,102281,Petrol,Manual,12,3960
SUV,General,2,33636,Diesel,Manual,3,9140
Car,General,4,33443,Diesel,Manual,7,6130
Bike,Major,6,58019,Petrol,Manual,8,2590
SUV,Major,4,56023,Diesel,Manual,6,18650
SUV,General,6,104562,Petrol,Automatic,11,9750
Scooty,General,2,11454,Petrol,Automatic,3,470
Bike,General,6,51017,Petrol,Manual,8,810
SUV,Repair,2,27785,Petrol,Manual,2,19020
SUV,General,2,31011,Diesel,Manual,3,6470
Car,Major,12,145717,Hybrid,Manual,23,16380
Car,General,5,51295,Petrol,Manual,8,4310
Car,Repair,11,107125,Diesel,Manual,16,23150
Scooty,Major,4,31173,Petrol,Automatic,5,1720
Car,General,9,130405,Petrol,Manual,14,4140
SUV,Major,13,251131,Diesel,Manual,21,32900
Car,Major,12,157887,Diesel,Automatic,18,20990
SUV,Major,4,55385,Petrol,Automatic,5,20530
Bike,Major,9,86636,Petrol,Manual,15,3990
Electric Bike,General,2,17446,EV,Automatic,3,590
Electric Scooter,General,1,6129,EV,Automatic,1,510
Electric Scooter,General,1,4033,EV,Automatic,1,470
Bike,Repair,11,59203,Petrol,Manual,16,5750
Scooty,Repair,5,33778,Petrol,Automatic,6,2780
Car,Repair,6,73882,Diesel,Manual,10,14940
SUV,General,2,21443,EV,Automatic,3,4530
Scooty,Major,4,22896,Petrol,Automatic,7,1830
Car,Major,3,26229,Petrol,Automatic,4,10230
Electric Scooter,General,2,16287,EV,Automatic,3,600
SUV,Repair,4,37600,Diesel,Manual,6,26910
Bike,General,11,100540,Petrol,Manual,18,1350
Scooty,General,3,15696,Petrol,Automatic,4,930
SUV,General,8,122792,Diesel,Automatic,14,7510
SUV,General,9,97231,Diesel,Manual,16,11340
Car,General,6,68507,EV,Automatic,10,3360
Car,General,6,53261,Diesel,Automatic,8,5980
Car,General,1,11886,EV,Automatic,1,3810
Car,General,4,54272,Petrol,Automatic,7,5780
SUV,Repair,2,34646,Diesel,Automatic,3,18170
Bike,General,9,60749,Petrol,Manual,11,1330
SUV,Repair,2,25692,Petrol,Manual,2,11290
Car,General,7,71071,Petrol,Automatic,11,6940
Scooty,Repair,3,23202,Petrol,Automatic,4,2060
Car,Major,8,120767,Petrol,Automatic,15,13510
Scooty,General,1,5154,Petrol,Automatic,1,810
SUV,General,10,180507,Diesel,Automatic,14,9680
SUV,General,4,45342,Petrol,Manual,6,8540
Car,General,6,71350,Petrol,Manual,7,3280
SUV,Repair,4,52612,Petrol,Manual,5,14710
SUV,General,3,54490,Petrol,Manual,5,5730
Car,Major,10,146318,Petrol,Manual,15,11330
Car,General,12,177796,Petrol,Manual,16,5000
Electric Scooter,General,2,13356,EV,Automatic,3,570
SUV,Repair,8,95114,Diesel,Automatic,14,37400
Electric Bike,Major,2,15071,EV,Automatic,2,2210
SUV,General,12,124520,Hybrid,Automatic,14,11930
Bike,Major,9,54320,Petrol,Manual,16,2150
Scooty,Repair,4,18540,Petrol,Automatic,6,1560
Bike,Major,12,116086,Petrol,Manual,15,2080
Bike,General,4,26128,Petrol,Manual,7,840
Car,General,5,75411,EV,Automatic,7,3400
Scooty,General,8,48230,Petrol,Automatic,10,870
Car,Major,1,9993,Petrol,Automatic,1,10990
Car,General,4,46544,Diesel,Manual,5,5820
Car,General,4,54555,Petrol,Automatic,6,4500
Electric Scooter,General,0,500,EV,Automatic,0,750
Car,General,6,62980,Petrol,Manual,8,4030
Bike,Major,3,23523,Petrol,Automatic,4,1740
Car,Major,3,47347,Diesel,Automatic,4,18260
SUV,General,1,14307,Petrol,Manual,1,4720
SUV,Major,11,121888,Diesel,Automatic,16,25560
Bike,Major,1,7983,Petrol,Manual,1,2280
Car,General,9,131920,Diesel,Automatic,16,7450
Car,Repair,6,59323,Diesel,Automatic,9,18670
SUV,Repair,2,26203,Diesel,Manual,3,16770
Car,Repair,15,154381,Diesel,Automatic,20,35500
SUV,General,3,45639,Diesel,Manual,5,10340
Scooty,General,11,64011,Petrol,Automatic,21,720
SUV,General,9,159689,Petrol,Manual,13,9690
Car,General,6,77434,Petrol,Manual,8,5190
SUV,General,9,181983,Petrol,Automatic,13,8220
Car,General,9,86607,Petrol,Manual,14,4180
Scooty,General,3,19667,Petrol,Automatic,5,460
Bike,General,3,22676,Petrol,Manual,4,1150
Car,Major,3,38760,Petrol,Manual,3,9990
Car,General,4,54167,Diesel,Manual,5,6570
Bike,General,2,9136,Petrol,Manual,3,980
Car,Major,6,89320,Petrol,Manual,7,16030
Bike,Major,3,15253,Petrol,Manual,5,2440
SUV,General,3,32898,Hybrid,Manual,5,7600
SUV,General,5,91130,Petrol,Automatic,6,9070
SUV,General,5,68205,Petrol,Manual,8,8750
Scooty,General,4,19920,Petrol,Automatic,7,730
Bike,General,1,3642,Petrol,Manual,1,880
SUV,General,1,17415,Petrol,Automatic,1,6670
SUV,General,4,80935,Hybrid,Manual,5,7580
Car,General,5,48186,Hybrid,Automatic,9,6740
Bike,General,7,40210,Petrol,Manual,8,760
Car,General,14,202766,Petrol,Manual,23,5120
Scooty,General,6,37109,Petrol,Automatic,11,720
Bike,Major,3,23653,Petrol,Manual,4,2610
Scooty,Repair,4,23619,Petrol,Automatic,7,1480
Car,Major,4,58521,Diesel,Automatic,5,12760
SUV,Repair,5,76887,Petrol,Automatic,7,27000
Bike,General,5,48826,Petrol,Manual,7,870
Car,Major,5,68962,Diesel,Automatic,9,14690
Car,Repair,4,43716,EV,Automatic,5,10110
SUV,General,6,112763,Petrol,Automatic,11,6850
Scooty,General,4,33345,Petrol,Automatic,5,750
Electric Scooter,General,1,6571,EV,Automatic,1,480
SUV,General,3,57908,Diesel,Manual,4,10450
Electric Bike,Major,4,36669,EV,Automatic,6,1870
Bike,General,2,17339,Petrol,Automatic,3,960
Car,General,3,36007,Petrol,Manual,5,4040
Scooty,General,4,19216,Petrol,Automatic,5,680
Scooty,General,3,21447,Petrol,Automatic,4,660
Electric Scooter,General,3,21839,EV,Automatic,5,470
SUV,General,3,48047,Petrol,Automatic,3,5430
Scooty,Major,6,34579,Petrol,Automatic,7,2330
SUV,Repair,11,166480,Diesel,Manual,19,55340
Car,General,11,129854,Petrol,Manual,19,6310
Scooty,General,5,35494,Petrol,Automatic,8,820
Bike,General,10,52830,Petrol,Manual,13,1120
Bike,General,12,71167,Petrol,Manual,22,1250
SUV,General,6,119096,Diesel,Manual,7,8030
Car,General,10,143156,Petrol,Manual,12,5980
Bike,Repair,6,50057,Petrol,Automatic,11,4310
Car,General,12,137797,Diesel,Automatic,18,8560
Electric Scooter,General,3,14903,EV,Automatic,5,370
SUV,General,5,91117,Petrol,Automatic,9,5980
Car,Major,10,128398,Petrol,Manual,15,15100
Car,General,8,96006,Petrol,Automatic,15,5400
Scooty,General,5,38101,Petrol,Automatic,7,910
Car,Major,5,47573,Petrol,Manual,9,14180
SUV,Major,7,108286,Diesel,Automatic,12,29250
Scooty,General,8,46926,Petrol,Automatic,13,970
Car,General,14,184436,Petrol,Manual,26,5030
SUV,Repair,2,30335,EV,Automatic,3,11970
Car,General,9,98917,Petrol,Manual,13,4590
Car,General,6,57863,Petrol,Automatic,11,5810
Car,Major,5,48373,Petrol,Automatic,8,13900
Scooty,General,12,77625,Petrol,Automatic,15,480
SUV,General,10,181037,Diesel,Manual,14,12960
Car,Major,2,27891,Diesel,Automatic,3,12290
SUV,General,6,94169,Diesel,Manual,9,7820
Car,General,3,33866,Petrol,Automatic,4,5290
SUV,Major,8,105124,Diesel,Automatic,14,35830
Car,General,7,101231,Diesel,Manual,9,5120
Bike,General,6,36120,Petrol,Manual,8,780
Electric Scooter,General,2,10835,EV,Automatic,3,400
Car,General,8,115517,Petrol,Manual,10,5520
Car,General,9,95054,Petrol,Automatic,12,5350
Electric Scooter,Major,3,22557,EV,Automatic,4,1140
Car,General,5,60087,Diesel,Manual,6,4820
Bike,Repair,5,46882,Petrol,Automatic,6,2720
Bike,Major,6,42545,Petrol,Automatic,9,2350
SUV,Major,5,63992,Petrol,Manual,7,19800
SUV,General,6,92971,Petrol,Automatic,11,6210
Car,General,9,132817,Petrol,Manual,16,5460
Electric Bike,General,1,4376,EV,Automatic,1,540
Car,General,11,157264,Petrol,Manual,13,3790
Car,General,12,144784,Petrol,Automatic,18,6060
Scooty,Major,4,25558,Petrol,Automatic,6,2140
Car,Major,8,76538,EV,Automatic,14,13270
Bike,General,6,59955,Petrol,Manual,10,910
Car,Major,8,124314,Petrol,Manual,15,16570
Electric Bike,General,3,20395,EV,Automatic,4,710
Scooty,General,10,55670,Petrol,Automatic,17,560
SUV,Repair,3,37940,Petrol,Automatic,4,16780
Car,General,3,36404,Petrol,Manual,4,3040
Car,Repair,8,116247,EV,Automatic,11,17120
Car,Repair,11,119968,Hybrid,Manual,14,18940
Electric Scooter,Major,1,5976,EV,Automatic,1,1050
SUV,General,6,93862,EV,Automatic,7,7480
Electric Scooter,Major,1,4710,EV,Automatic,1,1550
SUV,General,3,35924,EV,Automatic,5,4020
Car,Repair,2,21474,Petrol,Manual,3,7600
Scooty,Major,5,24033,Petrol,Automatic,8,2250
Car,Major,8,93036,Petrol,Manual,15,12550
SUV,General,7,103703,Diesel,Automatic,11,12910
Car,General,11,111043,Petrol,Automatic,16,4630
Electric Scooter,Major,4,25299,EV,Automatic,5,1290
Bike,Repair,4,37042,Petrol,Automatic,6,1680
Electric Bike,Major,1,7844,EV,Automatic,1,1860
SUV,General,11,180066,Diesel,Automatic,14,8640
SUV,General,8,139068,EV,Automatic,12,6920
Bike,General,12,108048,Petrol,Manual,23,680
Scooty,Repair,8,45868,Petrol,Automatic,9,2720
Electric Scooter,General,1,4510,EV,Automatic,1,420
Bike,Major,1,8413,Petrol,Manual,1,1590
Car,Major,7,78016,Petrol,Automatic,12,15170
Bike,General,12,118944,Petrol,Manual,15,950
Car,Major,12,117269,Diesel,Automatic,17,22940
SUV,General,5,64962,Diesel,Automatic,6,8300
Scooty,Major,1,7591,Petrol,Automatic,1,1490
Car,General,10,133580,Petrol,Automatic,14,5970
Car,General,6,54124,Diesel,Manual,11,4070
Bike,Repair,7,64860,Petrol,Manual,13,4630
Car,General,1,16205,Diesel,Manual,1,5450
Scooty,Major,6,43329,Petrol,Automatic,8,1750
Electric Scooter,General,2,14407,EV,Automatic,3,700
SUV,Major,7,111379,Diesel,Manual,10,29080
Car,General,9,88356,Petrol,Manual,17,4670
Electric Scooter,Major,3,16205,EV,Automatic,4,1950
Car,Repair,8,102713,Petrol,Manual,10,13020
SUV,Major,4,48432,Diesel,Manual,7,26450
SUV,General,9,123660,Diesel,Manual,12,9440
Car,Major,6,58233,Petrol,Manual,10,10410
Scooty,Major,10,54203,Petrol,Automatic,16,2260
Car,Major,4,38741,Petrol,Manual,5,11770
Car,General,5,47619,Diesel,Manual,7,6450
Bike,General,3,28232,Petrol,Manual,5,870
Car,General,5,61868,Diesel,Automatic,9,5560
Bike,General,10,56548,Petrol,Automatic,18,850
Bike,Major,3,24557,Petrol,Manual,4,2820
Scooty,Major,4,30332,Petrol,Automatic,5,1820
Scooty,Major,5,24490,Petrol,Automatic,8,2210
Electric Scooter,Major,2,14820,EV,Automatic,3,1860
Car,General,9,99298,EV,Automatic,15,4970
Car,Major,10,88998,Petrol,Automatic,18,17780
SUV,General,6,115594,Diesel,Automatic,11,9540
Scooty,General,6,42939,Petrol,Automatic,7,830
Bike,Repair,7,51757,Petrol,Manual,13,3570
Electric Bike,General,1,7327,EV,Automatic,1,780
Car,General,5,47226,Petrol,Manual,9,4320
Bike,General,6,53891,Petrol,Manual,10,710
Car,Major,5,64180,Hybrid,Manual,9,11010
SUV,General,11,184739,Petrol,Automatic,19,10380
Electric Scooter,General,1,9250,EV,Automatic,1,770
Scooty,General,7,34078,Petrol,Automatic,11,840
SUV,Repair,6,113230,Diesel,Manual,9,22030
Car,Major,5,79604,Diesel,Manual,8,15140
Electric Scooter,General,2,11472,EV,Automatic,3,630
Car,General,5,67781,Petrol,Manual,7,5020
SUV,General,2,31799,Petrol,Manual,2,6780
Car,Major,4,57834,Petrol,Manual,7,13440
Bike,General,3,16421,Petrol,Manual,4,810
SUV,Repair,7,115708,Diesel,Automatic,9,37610
Car,Repair,10,157492,Diesel,Automatic,17,33890
Electric Bike,Major,2,16117,EV,Automatic,3,2200
Bike,Major,8,77480,Petrol,Manual,15,2240
Car,General,7,91984,Diesel,Manual,10,5990
Car,General,3,36686,Petrol,Manual,5,5450
SUV,General,4,66554,Petrol,Automatic,7,8610
Scooty,General,4,29647,Petrol,Automatic,7,450
Scooty,General,9,39305,Petrol,Automatic,17,580
Bike,Major,5,44672,Petrol,Manual,7,2390
Car,General,5,52288,Diesel,Manual,9,4070
Car,Major,8,128361,Petrol,Automatic,13,19270
Car,Major,12,106654,Diesel,Manual,16,21060
SUV,General,6,102671,Diesel,Manual,8,10850
Bike,Repair,5,44351,Petrol,Manual,6,2370
Car,Repair,11,140214,Petrol,Manual,20,22340
Scooty,Major,11,66375,Petrol,Automatic,21,1770
Electric Bike,Major,3,26049,EV,Automatic,5,2230
Bike,General,1,11362,Petrol,Manual,1,670
SUV,General,4,67534,Hybrid,Manual,7,7410
SUV,Major,9,112133,Diesel,Automatic,15,23490
Car,Repair,10,146808,Petrol,Manual,15,21650
SUV,General,7,122628,Petrol,Automatic,12,8480
Bike,Major,3,21500,Petrol,Manual,4,1600
SUV,Major,3,61651,Petrol,Manual,3,17890
Car,General,9,137825,EV,Automatic,12,3540
Car,Repair,5,55567,EV,Automatic,7,11830
Car,Repair,3,49166,Diesel,Automatic,5,19580
Electric Bike,General,2,18665,EV,Automatic,3,480
Scooty,Major,4,21685,Petrol,Automatic,5,1570
Car,General,6,78948,Petrol,Manual,9,3250
Electric Scooter,Major,2,12130,EV,Automatic,3,1550
Electric Scooter,Repair,1,6408,EV,Automatic,1,1200
Electric Scooter,Major,1,7960,EV,Automatic,1,1750
Car,Repair,11,130778,Diesel,Automatic,14,24760
SUV,General,11,116110,Diesel,Manual,17,8880
Bike,General,5,31660,Petrol,Manual,6,1020
SUV,General,7,78063,Diesel,Manual,12,11810
Scooty,General,3,18156,Petrol,Automatic,3,540
Car,General,5,78808,Diesel,Manual,9,4820
Car,Major,10,101998,Hybrid,Manual,13,15680
SUV,Repair,7,71911,Diesel,Manual,12,22470
Bike,Repair,8,68672,Petrol,Manual,11,4700
Scooty,Major,1,7963,Petrol,Automatic,1,1840
Bike,General,2,15015,Petrol,Manual,2,880
SUV,General,7,134897,Diesel,Manual,9,11040
Bike,Repair,5,34373,Petrol,Manual,7,2970
Scooty,General,1,8385,Petrol,Automatic,1,650
Car,General,8,114857,Petrol,Automatic,15,5490
Bike,General,0,500,Petrol,Manual,0,1020
Car,General,9,109767,Petrol,Automatic,16,4750
Car,General,11,172372,Petrol,Automatic,20,6770
Car,Major,13,149848,Hybrid,Manual,16,12430
Car,Repair,6,58781,Petrol,Manual,10,11690
SUV,Major,4,45128,Petrol,Automatic,6,17870
Car,General,12,151166,Petrol,Manual,21,6020
SUV,General,6,70373,EV,Automatic,11,5980
Car,General,2,33089,Diesel,Manual,3,5220
SUV,General,8,153728,Diesel,Manual,15,9170
Car,Repair,5,56524,Diesel,Manual,7,21110
Car,Major,5,68444,EV,Automatic,7,10350
SUV,Major,1,12063,Diesel,Automatic,1,20020
Car,Repair,2,24199,Diesel,Manual,2,15630
Electric Scooter,General,3,19048,EV,Automatic,5,410
SUV,Repair,12,169377,Hybrid,Automatic,21,50710
Car,General,7,94290,Diesel,Automatic,9,7220
Car,General,9,134156,Petrol,Manual,15,5490
Bike,General,10,88728,Petrol,Manual,15,1330
Car,Major,6,70715,EV,Automatic,11,8280
SUV,General,6,92324,Petrol,Automatic,8,8880
Bike,Major,9,85394,Petrol,Manual,11,2180
SUV,General,6,60920,Diesel,Automatic,7,8770
Electric Scooter,General,1,6321,EV,Automatic,1,440
Car,General,3,23894,Petrol,Manual,5,3250
SUV,General,4,64962,Diesel,Automatic,5,8940
Car,General,10,116636,Petrol,Automatic,13,6740
Scooty,General,5,26082,Petrol,Automatic,9,830
SUV,General,5,61491,Petrol,Automatic,9,8180
Car,Repair,8,63246,Hybrid,Automatic,9,22480
Bike,Major,7,37923,Petrol,Manual,9,3770
Scooty,General,7,55060,Petrol,Automatic,8,490
Bike,General,1,8175,Petrol,Manual,1,1120
Electric Scooter,Major,3,23233,EV,Automatic,4,1260
Car,General,4,61577,Petrol,Manual,6,3800
Car,General,6,65522,Petrol,Manual,9,5270
Electric Scooter,Major,2,9906,EV,Automatic,2,1070
SUV,Major,11,193206,Diesel,Manual,18,36480
Car,Repair,7,91865,Diesel,Manual,10,21670
SUV,General,5,91265,EV,Automatic,8,5200
Car,General,10,87321,Diesel,Automatic,16,8390
Electric Scooter,Major,4,18517,EV,Automatic,7,1280
Car,General,5,68103,Diesel,Automatic,9,6600
Car,Major,5,61163,Petrol,Automatic,8,12730
Bike,General,4,32386,Petrol,Manual,7,1010
Bike,General,5,36084,Petrol,Manual,6,990
Car,Major,10,114345,Diesel,Automatic,19,22830
Car,Major,8,73917,Petrol,Automatic,15,14470
SUV,Major,8,87526,Petrol,Automatic,13,26750
Car,General,8,98240,Diesel,Manual,9,6920
Car,General,1,10685,Petrol,Manual,1,4910
SUV,General,9,102942,Diesel,Manual,14,9730
Car,General,9,79465,Petrol,Manual,14,5410
Bike,General,7,49823,Petrol,Manual,12,910
Scooty,Major,2,11524,Petrol,Automatic,2,1930
Car,Major,5,57226,EV,Automatic,7,12570
Scooty,General,8,61029,Petrol,Automatic,15,470
Car,Repair,4,66952,Petrol,Automatic,7,10410
Electric Bike,Repair,1,9774,EV,Automatic,1,1370
Bike,General,2,12214,Petrol,Manual,3,870
Car,Major,5,39500,Diesel,Manual,6,10710
Bike,General,8,53675,Petrol,Manual,9,820
Scooty,General,10,57904,Petrol,Automatic,16,990
Electric Bike,General,1,6108,EV,Automatic,1,760
Bike,General,2,13010,Petrol,Manual,2,750
SUV,Major,4,75434,Petrol,Manual,7,13970
Car,Major,11,172439,Petrol,Manual,20,16440
SUV,General,5,92823,Petrol,Automatic,8,7200
Car,Major,11,156328,Diesel,Manual,19,15910
Bike,Major,5,49631,Petrol,Manual,8,3160
SUV,Major,1,14963,Petrol,Manual,1,15960
Car,General,0,800,Petrol,Manual,0,3990
SUV,Major,6,70184,Diesel,Automatic,9,26230
Bike,Repair,7,68073,Petrol,Manual,12,3960
Bike,General,1,9166,Petrol,Manual,1,1080
Car,Major,9,119722,Diesel,Manual,15,14560
Car,General,4,52992,Petrol,Manual,5,3250
Car,General,11,123083,EV,Automatic,20,4460
SUV,Major,10,155152,Hybrid,Automatic,14,26420
Car,Major,11,149698,Diesel,Manual,20,19190
Car,General,2,22200,Diesel,Manual,3,4900
SUV,General,4,58837,Hybrid,Automatic,5,7490
SUV,General,8,142636,Diesel,Manual,13,10110
Car,Major,8,80842,Diesel,Manual,15,14090
Car,General,2,18959,Diesel,Manual,2,4620
Bike,Major,3,26591,Petrol,Automatic,4,3150
Electric Bike,General,1,7591,EV,Automatic,1,480
Bike,General,6,47185,Petrol,Manual,9,960
Scooty,General,5,23158,Petrol,Automatic,7,730
SUV,General,3,61876,Petrol,Automatic,4,8060
Car,General,8,116831,Petrol,Manual,10,4610
Car,Repair,5,74917,Diesel,Automatic,6,18370
Bike,Major,8,47672,Petrol,Manual,14,2730
Car,Major,3,42506,Diesel,Manual,4,15580
Car,General,3,23846,Petrol,Manual,5,4360
Car,Repair,8,120586,Diesel,Automatic,14,27800
Car,General,14,194084,Petrol,Manual,24,6290
Car,Major,9,143558,Petrol,Automatic,14,13520
Car,General,6,58355,Petrol,Automatic,11,4840
Bike,Repair,1,8720,Petrol,Manual,1,2110
SUV,Repair,6,104019,Diesel,Automatic,7,30340
Scooty,General,5,28901,Petrol,Automatic,7,660
Bike,Major,7,50484,Petrol,Manual,12,2730
Car,Repair,1,17202,Diesel,Automatic,1,12550
SUV,Repair,6,67856,Diesel,Automatic,9,36510
SUV,Repair,13,146609,Petrol,Manual,24,46130
SUV,Repair,4,78641,Petrol,Automatic,6,19250
Bike,Repair,0,849,Petrol,Manual,0,1460
Car,General,8,86008,EV,Automatic,15,4300
Electric Scooter,Major,0,704,EV,Automatic,0,1460
Bike,General,3,24846,Petrol,Manual,5,1040
SUV,Major,5,71038,Diesel,Automatic,6,31420
Car,General,7,57509,EV,Automatic,11,3910
Bike,General,10,53960,Petrol,Manual,12,740
Scooty,Major,1,5764,Petrol,Automatic,1,1620
Bike,General,8,53017,Petrol,Manual,11,1070
Scooty,Major,2,13205,Petrol,Automatic,3,1130
Electric Scooter,General,3,17453,EV,Automatic,5,690
Car,Major,4,38856,Diesel,Automatic,7,12220
SUV,Major,5,78441,Hybrid,Manual,7,25840
SUV,Repair,9,126167,Diesel,Manual,16,38700
Car,General,8,83792,Petrol,Automatic,15,6070
SUV,Repair,0,3615,Diesel,Automatic,0,21200
Scooty,Major,4,27891,Petrol,Automatic,6,2150
Scooty,General,1,7916,Petrol,Automatic,1,800
SUV,Repair,4,76600,Petrol,Automatic,5,21550
Bike,Repair,3,17488,Petrol,Manual,5,2370
Electric Scooter,Major,4,29919,EV,Automatic,7,1600
SUV,General,2,38116,EV,Automatic,2,4790
SUV,Major,12,122141,Diesel,Manual,22,31090
SUV,Repair,2,23792,Diesel,Automatic,3,23630
SUV,General,8,153566,Diesel,Automatic,9,11520
Car,General,6,75275,EV,Automatic,9,3900
SUV,General,4,47375,Petrol,Automatic,5,6610
Car,General,7,66755,Diesel,Manual,12,6400
Car,General,12,122170,Petrol,Automatic,15,6750
Car,General,11,136981,Petrol,Manual,15,5480
Bike,Repair,5,31608,Petrol,Manual,7,2140
Car,General,8,77998,Petrol,Automatic,13,6730
Car,Major,9,79782,Petrol,Automatic,12,13860
Car,General,9,87389,Petrol,Manual,12,4560
Scooty,General,5,34808,Petrol,Automatic,9,920
Scooty,Major,6,32046,Petrol,Automatic,11,1920
Car,General,5,45378,Petrol,Manual,7,3850
SUV,General,8,119737,Petrol,Manual,11,8470
Car,General,5,56550,Petrol,Automatic,9,6020
SUV,Major,3,35534,Diesel,Manual,4,21900
Scooty,Repair,3,21061,Petrol,Automatic,5,1660
Bike,General,9,76115,Petrol,Manual,17,910
Car,General,12,160412,Petrol,Automatic,15,5210
SUV,General,2,28326,Hybrid,Manual,2,7310
Car,Repair,3,39872,Diesel,Automatic,3,18630
SUV,General,3,57456,Diesel,Manual,4,9760
Car,Repair,8,129306,Petrol,Automatic,14,16190
Car,Repair,8,92130,Diesel,Automatic,10,22140
SUV,Repair,10,184619,Diesel,Manual,19,39630
SUV,General,1,10662,EV,Automatic,1,5800
SUV,General,4,74271,Diesel,Manual,5,10110
Car,General,9,136472,Petrol,Manual,12,5750
Electric Scooter,Major,1,8682,EV,Automatic,1,1780
SUV,Repair,7,127609,Diesel,Automatic,12,35060
Car,General,2,17383,Diesel,Automatic,2,5380
SUV,General,8,138627,Diesel,Manual,11,8260
Scooty,Major,7,51116,Petrol,Automatic,10,1410
Electric Scooter,Major,0,500,EV,Automatic,0,1570
Car,General,4,38612,EV,Automatic,6,3190
Bike,General,10,80100,Petrol,Manual,17,740
SUV,Major,7,134532,Diesel,Automatic,9,32590
Bike,General,8,62339,Petrol,Manual,10,620
Electric Scooter,Major,1,7785,EV,Automatic,1,1280
Scooty,Major,5,25069,Petrol,Automatic,9,1980
Car,General,12,132629,Diesel,Automatic,22,7010
Scooty,Major,11,44937,Petrol,Automatic,13,3320
Car,General,14,217409,Diesel,Manual,19,5740
SUV,Repair,1,23184,Petrol,Automatic,1,16550
Car,General,3,42463,Petrol,Manual,3,4710
SUV,Repair,4,67769,Diesel,Automatic,7,33510
Scooty,Major,9,67095,Petrol,Automatic,15,2030
Car,Major,2,19080,Diesel,Manual,3,12510
SUV,General,4,41069,Diesel,Automatic,7,10940
Bike,Major,5,34727,Petrol,Manual,9,1650
Car,General,2,26747,Petrol,Automatic,3,3670
Car,General,2,28606,Petrol,Automatic,3,5010
SUV,Repair,9,160500,Petrol,Automatic,11,27390
Scooty,General,6,34632,Petrol,Automatic,8,880
Electric Scooter,Repair,3,14483,EV,Automatic,4,1360
SUV,Major,3,43878,Petrol,Manual,4,20350
Bike,Repair,3,20267,Petrol,Manual,5,2130
SUV,Major,5,72439,Diesel,Automatic,7,30070
Car,Major,9,77147,Hybrid,Manual,11,15230
Electric Bike,Major,1,5240,EV,Automatic,1,1120
SUV,General,2,36974,EV,Automatic,2,4360
Bike,General,4,39924,Petrol,Manual,6,700
SUV,General,9,155196,Diesel,Manual,11,9450
Bike,General,7,65017,Petrol,Manual,13,770
Bike,Repair,10,98927,Petrol,Manual,19,4940
SUV,Repair,11,131756,Diesel,Manual,14,33100
Car,Major,13,168954,Petrol,Automatic,21,19840
Bike,Major,4,34038,Petrol,Manual,7,2290
Car,Repair,5,56757,Petrol,Automatic,9,13300
Car,Major,11,155385,Petrol,Automatic,15,19570
Bike,Major,0,1625,Petrol,Manual,0,1430
Scooty,General,7,27577,Petrol,Automatic,11,820
Car,Major,5,49130,Diesel,Manual,7,10610
Car,Repair,0,800,Diesel,Automatic,0,11660
Car,General,10,134102,EV,Automatic,18,4660
Electric Scooter,General,1,4581,EV,Automatic,1,390
Scooty,Major,3,25299,Petrol,Automatic,4,1570
Scooty,General,9,69845,Petrol,Automatic,14,590
Car,Major,15,209529,Petrol,Manual,23,20110
Car,General,4,45256,Hybrid,Automatic,6,7380
SUV,Major,8,89527,Diesel,Manual,12,30620
Electric Scooter,General,1,5668,EV,Automatic,1,510
Scooty,General,5,37271,Petrol,Automatic,7,750
Scooty,Repair,6,25305,Petrol,Automatic,8,2790
Electric Scooter,General,1,7165,EV,Automatic,1,740
SUV,General,6,73363,Diesel,Manual,9,8040
Bike,General,2,18094,Petrol,Automatic,3,930
Car,General,9,107661,Petrol,Automatic,12,4520
Car,General,8,124352,Diesel,Automatic,10,5400
Car,General,0,800,Diesel,Automatic,0,6610
SUV,General,7,109102,Petrol,Manual,11,5780
SUV,Major,7,88218,Hybrid,Automatic,10,22190
Car,Major,9,97412,Diesel,Automatic,16,19530
SUV,General,6,119466,Diesel,Automatic,8,7910
Scooty,General,6,29433,Petrol,Automatic,8,910
Car,General,8,125006,Petrol,Manual,10,3680
Car,General,4,44446,Petrol,Automatic,7,5310
Car,General,2,27424,Hybrid,Manual,2,4670
SUV,General,3,64845,Petrol,Automatic,4,6770
SUV,Major,9,107574,Diesel,Manual,14,24470
Car,Major,2,28535,Petrol,Manual,2,11760
SUV,General,5,82583,Petrol,Manual,8,6550
Electric Scooter,Repair,1,4176,EV,Automatic,1,1140
SUV,General,1,11364,Petrol,Manual,1,7470
Car,General,5,70725,Diesel,Manual,9,4780
SUV,Major,4,41915,Diesel,Automatic,5,22010
Car,Major,8,100225,Hybrid,Manual,15,16990
Car,Major,5,62509,Diesel,Manual,6,15070
SUV,Major,1,18029,Diesel,Manual,1,24010
Scooty,Major,2,12854,Petrol,Automatic,3,1320
Car,General,4,67183,Diesel,Manual,6,4560
Bike,General,5,39226,Petrol,Manual,8,980
Electric Scooter,General,2,7616,EV,Automatic,3,420
Car,General,3,31973,Petrol,Automatic,4,5790
Car,General,3,46582,Petrol,Manual,4,4510
Bike,General,10,84953,Petrol,Manual,15,1110
Car,General,2,31114,EV,Automatic,3,4400
SUV,Repair,14,196702,Diesel,Automatic,25,58850
Bike,Repair,2,13131,Petrol,Manual,3,1460
SUV,Repair,2,38110,Petrol,Manual,3,15780
Scooty,Repair,4,30224,Petrol,Automatic,7,2800
Bike,General,6,44301,Petrol,Manual,7,980
Car,Major,2,26560,Petrol,Manual,3,6920
Car,Major,3,37688,Diesel,Automatic,4,13820
Scooty,General,3,22723,Petrol,Automatic,5,710
Scooty,Major,5,26390,Petrol,Automatic,7,1420
Bike,General,9,48742,Petrol,Manual,17,1060
Car,General,8,78779,Hybrid,Manual,11,5200
Bike,Major,10,66768,Petrol,Manual,14,2360
Car,General,9,128477,Petrol,Manual,11,4660
SUV,Repair,4,56590,Diesel,Automatic,7,28720
Car,General,2,24029,Diesel,Manual,3,5860
Bike,Major,5,31108,Petrol,Manual,9,1870
Scooty,Repair,7,44791,Petrol,Automatic,11,2540
Electric Bike,General,1,9311,EV,Automatic,1,600
Car,Major,11,157825,Petrol,Automatic,16,20630
Car,Repair,9,117391,Diesel,Manual,12,19690
Bike,Major,6,52288,Petrol,Manual,7,1790
Bike,General,8,46316,Petrol,Automatic,9,870
SUV,General,5,87503,Petrol,Manual,7,8050
Bike,Major,9,54744,Petrol,Manual,14,2460
Bike,Major,4,35165,Petrol,Manual,6,3170
Scooty,General,10,53746,Petrol,Automatic,15,620
SUV,General,9,109682,Diesel,Manual,13,9460
Electric Bike,Repair,0,500,EV,Automatic,0,1020
Car,Major,9,100471,Diesel,Automatic,16,22880
Electric Scooter,General,1,5864,EV,Automatic,1,510
Scooty,General,5,34308,Petrol,Automatic,7,820
SUV,General,8,154876,Diesel,Manual,15,11280
Scooty,General,9,58479,Petrol,Automatic,13,680
Bike,General,10,80379,Petrol,Manual,16,720
Car,Repair,7,93878,Petrol,Manual,8,12350
Scooty,Major,4,21655,Petrol,Automatic,5,2140
Car,General,5,63465,Petrol,Automatic,7,6900
SUV,Repair,7,78438,Hybrid,Manual,13,20970
SUV,Major,4,60104,Diesel,Automatic,5,25260
Scooty,General,9,52428,Petrol,Automatic,13,720
Car,Repair,9,139226,Diesel,Manual,12,19570
Bike,General,2,15416,Petrol,Manual,3,930
SUV,General,7,76584,EV,Automatic,11,5740
Bike,Repair,3,29240,Petrol,Manual,5,2340
Scooty,General,4,26626,Petrol,Automatic,7,780
Bike,Major,4,20436,Petrol,Manual,5,1660
Car,General,10,157401,Diesel,Automatic,17,7350
Car,Major,6,61234,Hybrid,Manual,8,13480
Car,Major,5,46100,Petrol,Automatic,8,13810
SUV,General,4,54766,Diesel,Automatic,7,7160
Electric Bike,Repair,0,1859,EV,Automatic,0,1080
Electric Scooter,General,2,8958,EV,Automatic,3,730
Bike,General,10,53812,Petrol,Manual,15,1060
Bike,General,1,7815,Petrol,Manual,1,1080
SUV,Major,3,38979,Diesel,Manual,5,17290
Scooty,Major,3,23814,Petrol,Automatic,3,1310
Car,Major,3,31267,Petrol,Manual,4,11790
Scooty,General,6,43405,Petrol,Automatic,9,720
Car,General,8,85554,Petrol,Automatic,10,6060
Electric Scooter,General,3,19354,EV,Automatic,5,460
Car,General,3,25744,Diesel,Automatic,3,4590
Bike,Major,5,47677,Petrol,Manual,6,2760
SUV,Major,1,16612,Diesel,Automatic,1,17490
SUV,Major,9,140636,Diesel,Automatic,17,29210
Bike,General,7,65856,Petrol,Manual,12,1270
Bike,General,10,63703,Petrol,Automatic,14,800
SUV,General,4,50367,Petrol,Automatic,5,9570
Electric Scooter,General,3,18514,EV,Automatic,4,490
SUV,Major,7,132470,Diesel,Automatic,9,24910
Bike,Major,10,83512,Petrol,Automatic,19,3790
Bike,General,3,24791,Petrol,Manual,5,1230
Electric Scooter,Major,1,7580,EV,Automatic,1,1330
SUV,Major,4,69600,Petrol,Manual,5,15110
Car,Major,10,106982,Petrol,Manual,17,15070
Car,General,11,141056,Diesel,Manual,19,5530
SUV,General,7,99171,Petrol,Automatic,10,9630
Car,Major,1,7632,Diesel,Manual,1,9450
Electric Scooter,Repair,4,19184,EV,Automatic,5,2120
Bike,General,5,41281,Petrol,Manual,6,610
Bike,General,10,53201,Petrol,Manual,15,1340
Bike,Repair,4,32140,Petrol,Manual,7,2590
Car,General,13,110088,Petrol,Manual,25,5650
Car,General,5,84672,Petrol,Manual,9,3690
SUV,General,6,74748,Petrol,Manual,7,7790
SUV,General,11,185527,Diesel,Automatic,20,11530
Car,Major,4,54769,Petrol,Automatic,5,11700
Car,General,11,116703,Petrol,Automatic,20,5850
SUV,Repair,4,81102,Diesel,Automatic,7,24310
SUV,Repair,4,64080,EV,Automatic,6,13220
Scooty,General,6,33191,Petrol,Automatic,11,760
Car,General,12,145782,Diesel,Manual,20,5750
Electric Bike,General,2,9851,EV,Automatic,3,430
Bike,General,13,70856,Petrol,Manual,22,730
Electric Scooter,General,2,15031,EV,Automatic,2,660
Bike,General,3,25897,Petrol,Manual,4,830
Car,Major,6,94482,Diesel,Manual,10,16940
SUV,Major,10,204246,Diesel,Automatic,19,38290
Bike,Major,2,19041,Petrol,Manual,2,2380
SUV,Major,4,51660,Diesel,Manual,6,17220
Car,General,10,128871,Diesel,Manual,19,5780
Car,General,5,46477,Petrol,Manual,7,5220
Electric Bike,General,1,7131,EV,Automatic,1,560
Car,General,2,18462,Petrol,Automatic,3,5430
Bike,General,1,6999,Petrol,Manual,1,850
Bike,General,11,77734,Petrol,Manual,19,790
SUV,Major,10,133873,Hybrid,Automatic,15,31260
Car,General,4,55253,Petrol,Automatic,6,4180
SUV,Major,8,134441,Petrol,Manual,12,18420
SUV,Major,11,183887,Petrol,Automatic,18,33210
Car,Repair,10,87174,Petrol,Manual,18,18790
SUV,General,7,103523,Diesel,Automatic,12,9570
Bike,Major,12,89374,Petrol,Manual,20,3300
Bike,Major,7,47760,Petrol,Manual,9,2720
Scooty,General,1,7013,Petrol,Automatic,1,660
Car,Major,11,141513,Petrol,Manual,20,15590
Scooty,General,8,36864,Petrol,Automatic,12,620
SUV,Major,2,39883,Diesel,Automatic,2,21720
Scooty,Repair,1,6037,Petrol,Automatic,1,1620
Electric Scooter,General,1,7368,EV,Automatic,1,690
Car,General,3,29417,Petrol,Automatic,4,4210
Car,General,4,59317,Diesel,Manual,7,6100
Car,Major,4,52590,Diesel,Automatic,5,13270
Bike,Repair,7,63110,Petrol,Manual,13,2220
Scooty,Major,12,77855,Petrol,Automatic,16,1710
SUV,Repair,9,169968,Diesel,Automatic,15,43390
Scooty,General,13,96561,Petrol,Automatic,21,1090
Car,General,7,72346,Diesel,Manual,13,6750
Bike,Major,6,30925,Petrol,Manual,11,2530
Car,Major,9,86550,Hybrid,Manual,16,13190
Car,General,1,14250,Petrol,Manual,1,4820
Scooty,General,2,11399,Petrol,Automatic,3,690
Car,General,2,30742,EV,Automatic,3,3410
Bike,Major,5,30312,Petrol,Manual,8,3140
SUV,General,1,19578,Diesel,Automatic,1,9080
Scooty,Repair,3,15921,Petrol,Automatic,4,1460
Bike,General,1,6975,Petrol,Manual,1,1000
Car,Repair,14,158016,Petrol,Manual,21,27450
Car,Major,4,51237,Hybrid,Automatic,4,14410
Scooty,General,5,27714,Petrol,Automatic,6,550
SUV,Major,8,153490,Diesel,Automatic,15,25650
Car,Major,8,127435,Petrol,Automatic,12,18710
SUV,Repair,9,155257,Diesel,Automatic,12,37010
Car,Major,3,38873,Diesel,Automatic,4,11630
Car,General,3,29301,Petrol,Automatic,3,3920
Bike,General,4,21866,Petrol,Manual,6,1060
Car,General,3,32568,Petrol,Manual,5,3040
Car,General,7,109335,Diesel,Automatic,10,7110
Car,General,3,28321,Diesel,Manual,4,4280
SUV,General,5,90600,Hybrid,Manual,6,8680
Electric Scooter,General,2,13966,EV,Automatic,2,550
SUV,General,1,19725,Diesel,Automatic,1,7980
Scooty,Major,6,28873,Petrol,Automatic,7,2020
Car,General,5,54407,Diesel,Automatic,7,8010
Electric Scooter,Major,3,17105,EV,Automatic,5,1520
SUV,Major,4,60998,Diesel,Automatic,5,28420
Car,General,10,101019,Diesel,Manual,18,5350
SUV,Repair,4,50113,Diesel,Automatic,6,31120
Car,General,6,60025,EV,Automatic,9,3950
Electric Scooter,Repair,3,16785,EV,Automatic,5,1540
Car,General,6,85387,Hybrid,Automatic,10,6370
Car,General,4,46990,Petrol,Manual,6,4160
SUV,Major,3,35872,Petrol,Automatic,5,21170
Bike,General,1,9144,Petrol,Manual,1,680
Electric Scooter,General,1,6048,EV,Automatic,1,630
SUV,General,7,95370,Diesel,Automatic,12,10560
Scooty,Major,6,30864,Petrol,Automatic,9,2230
Car,Major,3,33145,Diesel,Manual,4,10340
Scooty,Repair,3,16649,Petrol,Automatic,4,2120
SUV,General,3,45271,Diesel,Automatic,5,9260
Car,Major,5,68680,Diesel,Manual,8,17620
Car,General,10,126986,Diesel,Manual,12,7890
Scooty,General,9,47664,Petrol,Automatic,11,830
SUV,Repair,9,98411,Hybrid,Automatic,12,25890
Car,General,7,79144,Diesel,Manual,12,5260
Car,Major,6,51179,Petrol,Manual,7,14160
Car,Major,6,79085,Diesel,Automatic,10,14640
Electric Scooter,Repair,1,4703,EV,Automatic,1,1510
Car,General,3,44785,Hybrid,Manual,3,5190
Car,Repair,12,96489,Diesel,Manual,23,23890
Car,Repair,8,100721,Petrol,Automatic,12,18950
Car,Repair,5,56666,Petrol,Manual,9,15060
Car,Major,1,12294,Diesel,Automatic,1,14950
SUV,General,13,143788,Diesel,Automatic,21,12110
Electric Scooter,General,0,821,EV,Automatic,0,610
Scooty,General,3,21775,Petrol,Automatic,4,760
Electric Scooter,General,1,6007,EV,Automatic,1,740
Bike,Repair,11,109576,Petrol,Manual,14,6370
Car,General,11,174372,EV,Automatic,17,5170
Bike,Repair,3,24393,Petrol,Manual,5,1710
Scooty,General,2,18022,Petrol,Automatic,3,730
SUV,General,12,140198,Diesel,Manual,16,8690
SUV,General,6,118672,Diesel,Automatic,9,8960
Car,General,3,52617,Petrol,Manual,4,4110
SUV,Major,4,66979,Diesel,Manual,7,25920
Scooty,Major,6,30555,Petrol,Automatic,9,1900
Bike,General,2,14668,Petrol,Manual,2,970
Bike,Major,3,27118,Petrol,Manual,4,1940
Bike,General,3,19111,Petrol,Manual,4,880
Scooty,General,1,4775,Petrol,Automatic,1,870
Car,General,9,88318,Diesel,Manual,13,7200
SUV,General,6,113334,Diesel,Automatic,7,11170
Car,General,7,99855,Petrol,Manual,13,3820
SUV,Repair,11,171319,Diesel,Manual,20,37720
SUV,General,4,72345,Diesel,Manual,6,6800
Bike,General,3,22725,Petrol,Manual,5,1180
Bike,General,4,26565,Petrol,Manual,6,920
SUV,Major,8,158843,Diesel,Manual,15,33610
SUV,General,10,141952,Hybrid,Manual,14,6150
Car,General,11,118067,Diesel,Manual,19,4750
Car,Major,6,62452,Petrol,Manual,7,14740
Electric Bike,General,0,1675,EV,Automatic,0,580
Electric Bike,General,1,6242,EV,Automatic,1,610
Electric Scooter,Major,2,15763,EV,Automatic,2,1950
Scooty,Major,5,25463,Petrol,Automatic,8,2440
Bike,Repair,8,58975,Petrol,Automatic,11,3500
Electric Bike,General,1,8057,EV,Automatic,1,610
Electric Bike,General,1,6656,EV,Automatic,1,560
Bike,General,9,74735,Petrol,Manual,14,1100
Electric Scooter,General,1,5489,EV,Automatic,1,540
Electric Scooter,General,3,23203,EV,Automatic,5,530
Electric Scooter,Repair,3,18986,EV,Automatic,4,1450
SUV,Major,4,41074,Petrol,Automatic,6,18190
SUV,Major,4,73813,Hybrid,Manual,7,19150
Scooty,General,5,19397,Petrol,Automatic,8,530
SUV,General,9,161621,Diesel,Manual,13,10910
Electric Bike,General,3,15603,EV,Automatic,5,480
Bike,Repair,2,12798,Petrol,Manual,3,2450
SUV,General,6,90630,Petrol,Automatic,8,6680
Car,General,7,69371,Diesel,Automatic,13,6030
Electric Scooter,General,2,15151,EV,Automatic,3,800
Car,General,5,58566,Petrol,Automatic,9,5320
Electric Bike,Major,4,25892,EV,Automatic,7,1490
SUV,General,14,236101,Diesel,Automatic,18,10720
Bike,General,13,73802,Petrol,Manual,18,1290
Car,Major,0,800,EV,Automatic,0,9300
Bike,Repair,13,103270,Petrol,Manual,19,6240
Bike,General,6,52025,Petrol,Manual,9,1140
Electric Scooter,General,2,9690,EV,Automatic,3,500
SUV,Major,12,147781,Petrol,Manual,18,30880
Car,General,11,158963,Petrol,Automatic,14,5340
Bike,General,2,13754,Petrol,Manual,2,1120
Car,Major,4,62734,EV,Automatic,5,10970
SUV,Major,10,111075,Petrol,Automatic,12,27850
Car,Repair,13,189756,Hybrid,Automatic,18,24830
Bike,General,10,97283,Petrol,Automatic,19,1100
SUV,General,7,105155,Diesel,Manual,11,11860
Electric Scooter,General,4,28501,EV,Automatic,7,720
SUV,General,5,103103,Petrol,Automatic,6,6890
Bike,General,6,48584,Petrol,Manual,11,630
Car,General,2,19791,Petrol,Manual,3,4270
Car,Major,8,65930,Petrol,Manual,15,12900
SUV,General,6,113662,Diesel,Automatic,8,8450
Electric Bike,General,0,500,EV,Automatic,0,640
Scooty,Repair,2,9767,Petrol,Automatic,2,2030
Bike,Repair,5,36024,Petrol,Manual,9,1990
SUV,General,8,124734,Petrol,Automatic,12,10820
Car,General,7,59395,Petrol,Manual,12,5280
Car,Major,8,95758,Hybrid,Manual,10,14650
SUV,Repair,6,113774,Petrol,Manual,8,27300
SUV,General,2,22430,Hybrid,Manual,3,8020
Car,General,8,130431,Petrol,Manual,12,3540
SUV,General,9,101223,Hybrid,Automatic,12,9060
Bike,General,11,104634,Petrol,Manual,17,1130
SUV,General,4,75542,Petrol,Manual,5,6560
Car,General,7,99705,Petrol,Automatic,8,5250
SUV,General,4,64434,Petrol,Manual,6,5570
Scooty,General,5,35466,Petrol,Automatic,9,700
SUV,General,8,92794,Petrol,Automatic,11,6650
Car,General,7,72618,Diesel,Manual,12,6830
Car,General,6,53146,Hybrid,Manual,8,4460
SUV,General,4,46040,EV,Automatic,7,5480
SUV,Major,12,184467,Diesel,Manual,16,32930
SUV,Major,5,58202,Diesel,Manual,7,19370
Bike,Major,8,46015,Petrol,Manual,12,3550
Car,General,4,52096,Diesel,Automatic,6,5540
Bike,General,5,36727,Petrol,Automatic,7,670
Bike,General,3,27430,Petrol,Automatic,5,1180
Car,Major,6,61099,Diesel,Manual,9,17230
Scooty,Major,8,58955,Petrol,Automatic,10,1860
Electric Bike,General,2,11879,EV,Automatic,3,800
Bike,Major,11,79555,Petrol,Manual,16,3400
Car,General,6,87331,Petrol,Manual,9,5030
Car,General,5,59304,Diesel,Manual,9,6000
Bike,General,7,41322,Petrol,Manual,12,920
Car,General,7,106855,Diesel,Manual,11,7020
Scooty,Major,6,45683,Petrol,Automatic,9,1990
SUV,General,8,112687,Hybrid,Automatic,10,9730
Bike,Repair,11,81689,Petrol,Manual,21,5460
SUV,Major,6,113606,Petrol,Manual,8,23970
Scooty,Major,3,21245,Petrol,Automatic,4,1770
SUV,Major,8,129962,Diesel,Manual,10,27520
Scooty,General,9,68871,Petrol,Automatic,13,760
Electric Bike,General,2,11776,EV,Automatic,3,630
Car,General,6,74782,Diesel,Manual,11,6270
SUV,General,3,52936,Petrol,Manual,5,8270
SUV,General,3,40004,EV,Automatic,5,5310
Car,General,3,44582,Diesel,Manual,5,5120
Car,Major,5,70765,Petrol,Manual,8,11410
SUV,Major,8,93813,Diesel,Manual,10,24940
Bike,General,12,117519,Petrol,Manual,22,650
SUV,General,5,54841,Diesel,Automatic,7,11040
Car,General,5,53104,EV,Automatic,7,4080
SUV,Major,2,43149,Petrol,Automatic,2,13710
SUV,General,3,54066,EV,Automatic,5,4530
Scooty,General,4,23844,Petrol,Automatic,6,870
Electric Scooter,General,0,500,EV,Automatic,0,350
Bike,General,7,46184,Petrol,Manual,9,750
SUV,General,3,40876,Petrol,Automatic,4,8000
Scooty,General,4,22614,Petrol,Automatic,7,600
Car,Major,5,41257,Petrol,Automatic,7,15420
Car,Major,6,57433,EV,Automatic,10,9070
SUV,Major,8,124439,Diesel,Automatic,11,29130
Bike,General,7,38479,Petrol,Manual,10,600
Car,Repair,6,51098,Petrol,Automatic,9,14620
SUV,General,3,45384,Diesel,Automatic,5,8080
Car,General,4,54398,Petrol,Automatic,5,5220
Car,General,6,82762,Petrol,Automatic,11,6160
Bike,Major,6,45712,Petrol,Manual,7,2810
Car,Major,7,96984,Petrol,Automatic,13,12360
Car,General,9,119889,Diesel,Manual,17,5070
Bike,General,9,44118,Petrol,Manual,16,1260
SUV,General,11,112648,Diesel,Manual,20,7800
Scooty,General,6,42415,Petrol,Automatic,7,1020
Scooty,Major,7,30666,Petrol,Automatic,10,2710
Bike,Major,5,25951,Petrol,Manual,8,2520
Bike,Major,6,37785,Petrol,Manual,11,2730
Car,Major,11,112093,Petrol,Automatic,21,18590
Electric Scooter,Major,3,21273,EV,Automatic,4,1770
SUV,Repair,4,60458,Petrol,Automatic,6,21520
Car,Repair,5,44332,Diesel,Manual,8,14630
Bike,General,5,42505,Petrol,Manual,7,1070
SUV,General,11,143328,Petrol,Manual,16,6550
SUV,General,9,98244,Diesel,Manual,15,8450
Scooty,Major,1,5381,Petrol,Automatic,1,1850
SUV,Major,6,101523,Petrol,Manual,11,19170
Bike,General,9,47143,Petrol,Automatic,14,810
Bike,Major,12,120277,Petrol,Manual,16,4380
SUV,General,4,46026,Diesel,Automatic,5,11470
SUV,Major,5,63605,Petrol,Manual,6,17250
Car,Major,5,55628,Petrol,Automatic,7,11580
SUV,General,4,62993,Diesel,Manual,5,8620
SUV,General,2,32047,Diesel,Automatic,2,11160
SUV,Major,8,111563,Diesel,Automatic,14,35370
SUV,General,10,109091,Diesel,Automatic,15,9470
Bike,General,12,67353,Petrol,Manual,18,910
Car,General,2,26841,Petrol,Automatic,3,5320
Car,General,15,128348,EV,Automatic,26,4460
Scooty,General,6,26531,Petrol,Automatic,11,660
Car,Major,7,57975,Diesel,Manual,9,14330
SUV,Repair,9,127094,Diesel,Manual,11,36150
Car,Major,10,87112,Petrol,Manual,14,11350
SUV,Repair,6,61773,EV,Automatic,10,17580
Bike,Major,2,15737,Petrol,Automatic,3,1910
SUV,General,2,36997,Diesel,Manual,3,10190
Scooty,Repair,3,18538,Petrol,Automatic,4,1370
Bike,General,1,7419,Petrol,Manual,1,880
Electric Bike,General,3,28384,EV,Automatic,3,700
Bike,Repair,7,52655,Petrol,Manual,13,3550
SUV,Major,3,55794,Diesel,Automatic,5,16740
Car,General,2,27597,Petrol,Manual,3,5070
SUV,General,7,89217,Petrol,Automatic,8,8050
SUV,General,6,89464,Hybrid,Automatic,7,7950
Scooty,General,4,32264,Petrol,Automatic,5,670
SUV,Major,4,70565,Diesel,Automatic,6,23470
Bike,General,2,13844,Petrol,Manual,2,880
Electric Scooter,Major,2,14348,EV,Automatic,2,1760
Car,General,4,64677,Petrol,Automatic,5,5190
Bike,General,9,90953,Petrol,Manual,11,660
Car,General,3,32446,Diesel,Automatic,4,5620
Car,General,6,73438,Petrol,Manual,11,4750
Car,General,7,83171,EV,Automatic,11,4110
Scooty,General,8,55310,Petrol,Automatic,13,770
SUV,General,7,110840,Diesel,Manual,9,8260
Bike,General,5,30198,Petrol,Manual,9,1190
Car,General,7,65692,Petrol,Automatic,13,5670
Scooty,Major,1,6463,Petrol,Automatic,1,1030
Bike,Major,6,38928,Petrol,Manual,7,1780
Electric Scooter,Repair,1,7056,EV,Automatic,1,1400
SUV,Major,2,45140,Petrol,Automatic,3,15170
Electric Scooter,Major,0,500,EV,Automatic,0,1730
Car,Major,8,112821,Diesel,Manual,10,18370
Car,General,3,30965,Petrol,Manual,4,4000
Car,Repair,4,53309,Petrol,Manual,6,11980
Bike,Major,7,48218,Petrol,Manual,10,3010
Car,Major,8,96603,Diesel,Automatic,10,14970
Car,General,7,107528,Diesel,Manual,10,6170
Bike,Repair,7,64314,Petrol,Manual,9,4730
Electric Bike,General,0,1962,EV,Automatic,0,450
SUV,Major,11,159606,Diesel,Manual,16,22680
Bike,General,6,39444,Petrol,Manual,10,840
Scooty,Major,2,10059,Petrol,Automatic,2,2030
Car,General,1,14187,Petrol,Manual,1,4760
Car,Major,8,105804,Petrol,Manual,11,10500
SUV,Major,9,158294,Diesel,Automatic,12,37710
SUV,General,6,65090,Hybrid,Automatic,7,9520
Car,Repair,6,53801,Hybrid,Manual,11,14740
Electric Scooter,Repair,2,13635,EV,Automatic,3,1130
Scooty,Major,6,46060,Petrol,Automatic,11,2570
Car,General,1,13743,Petrol,Automatic,1,3760
Scooty,Repair,10,47503,Petrol,Automatic,12,3270
Car,General,9,91466,Petrol,Automatic,13,6250
Scooty,General,4,18075,Petrol,Automatic,5,630
Bike,Repair,12,64899,Petrol,Automatic,21,5440
Car,Major,12,150136,Petrol,Manual,17,19420
Electric Scooter,Repair,2,11151,EV,Automatic,3,1630
SUV,Repair,8,104590,Diesel,Manual,13,24870
Car,Major,4,64417,Petrol,Automatic,6,14430
SUV,Repair,5,57170,Diesel,Manual,7,28430
Scooty,Major,8,46459,Petrol,Automatic,11,2620
Car,Major,6,68744,Petrol,Automatic,11,11380
Car,General,3,30452,Petrol,Manual,5,4860
Bike,Repair,10,84670,Petrol,Manual,13,3160
SUV,Repair,7,97025,Diesel,Manual,9,39130
Car,General,9,91288,Diesel,Manual,17,6930
Bike,General,4,23056,Petrol,Manual,7,930
Bike,General,11,91623,Petrol,Manual,15,1310
Bike,Major,5,31875,Petrol,Manual,7,3210
Scooty,General,2,10315,Petrol,Automatic,3,600
Car,General,7,89314,Petrol,Manual,12,4810
Bike,Repair,7,58511,Petrol,Manual,11,4710
Car,General,3,42733,Hybrid,Automatic,3,4060
Car,General,11,109766,Petrol,Automatic,15,5450
Car,General,4,64752,Petrol,Manual,6,3530
Electric Bike,Major,0,500,EV,Automatic,0,1600
Bike,Repair,2,14713,Petrol,Manual,2,2680
Car,General,10,109524,Diesel,Automatic,14,7540
Bike,General,2,19157,Petrol,Manual,3,890
Bike,General,6,58460,Petrol,Manual,10,950
SUV,Major,3,43217,Petrol,Automatic,5,20650
SUV,Repair,7,138937,Diesel,Manual,9,27240
Scooty,Repair,8,45649,Petrol,Automatic,12,3030
Car,General,4,40475,Petrol,Automatic,7,4380
SUV,Major,4,49793,EV,Automatic,4,16210
Bike,Repair,6,31695,Petrol,Automatic,9,3860
Car,General,13,183827,Diesel,Automatic,16,8920
Bike,Repair,10,62531,Petrol,Manual,15,4370
Car,General,6,46439,Petrol,Manual,8,4450
Bike,General,5,42032,Petrol,Manual,7,540
Scooty,Major,10,58778,Petrol,Automatic,16,1750
Bike,Major,7,62042,Petrol,Manual,13,3430
Car,Major,4,47566,EV,Automatic,5,11750
Car,General,8,103631,Petrol,Automatic,13,6980
SUV,Major,3,53039,Petrol,Manual,4,18440
Car,General,11,94984,Diesel,Manual,19,5760
Bike,General,9,83063,Petrol,Manual,15,870
Car,General,2,14833,Diesel,Manual,3,5580
Car,General,9,119981,Diesel,Manual,11,5210
Electric Scooter,General,2,8032,EV,Automatic,3,460
Car,General,6,66113,Petrol,Automatic,8,5460
SUV,Major,5,74123,Hybrid,Manual,8,25520
Car,General,1,13651,Diesel,Manual,1,6390
SUV,General,7,69839,Diesel,Manual,9,11070
Car,Major,10,118422,Petrol,Manual,15,12350
Electric Scooter,Major,2,10772,EV,Automatic,3,1400
Car,Major,7,85305,Petrol,Manual,9,13500
Car,General,8,90223,Petrol,Manual,10,4140
Bike,General,4,25108,Petrol,Manual,5,1030
Car,General,0,2380,Petrol,Manual,0,3720
Bike,General,9,83530,Petrol,Manual,16,820
Scooty,Major,3,24957,Petrol,Automatic,3,1550
Car,Major,9,78833,Petrol,Manual,12,14380
Car,General,0,4807,Diesel,Automatic,0,6230
SUV,General,9,113846,Diesel,Automatic,12,8630
Car,Major,3,30020,Diesel,Automatic,4,14530
Car,General,4,57906,Hybrid,Manual,6,4350
Car,Major,9,109838,Petrol,Manual,11,12650
Car,General,11,128200,Diesel,Automatic,13,5590
Bike,General,6,39586,Petrol,Manual,8,630
SUV,Repair,0,2587,Petrol,Automatic,0,15870
Bike,Repair,12,61279,Petrol,Manual,14,4110
Car,General,7,110244,Petrol,Manual,12,5810
Bike,Repair,2,17204,Petrol,Manual,3,2560
SUV,Major,3,56207,Diesel,Automatic,4,17870
Car,Major,4,40527,Diesel,Automatic,6,17710
Car,General,5,69615,Diesel,Automatic,8,7170
Car,General,4,46021,Petrol,Automatic,5,4670
SUV,General,11,195458,Petrol,Manual,17,8200
Scooty,Repair,4,24642,Petrol,Automatic,6,2030
SUV,General,4,71871,Diesel,Manual,5,10430
SUV,Major,3,50160,Petrol,Automatic,4,19980
Car,General,7,63578,Petrol,Manual,12,4970
SUV,Major,10,115637,EV,Automatic,15,20810
Car,General,2,17142,Hybrid,Manual,2,5430
Scooty,General,2,15973,Petrol,Automatic,2,690
SUV,Major,6,88485,Hybrid,Manual,11,28710
Bike,General,4,33038,Petrol,Manual,6,1180
Car,General,1,13595,Petrol,Manual,1,4040
Car,Major,1,10062,Diesel,Manual,1,10600
Electric Scooter,Major,3,14787,EV,Automatic,3,1140
Car,Major,9,94242,Petrol,Automatic,15,14630
Scooty,General,5,21749,Petrol,Automatic,9,640
Scooty,General,11,62316,Petrol,Automatic,13,510
Electric Scooter,General,4,20786,EV,Automatic,5,780
Car,General,5,47349,EV,Automatic,6,4250
SUV,General,5,72347,Diesel,Automatic,7,10290
Bike,Major,3,23360,Petrol,Automatic,5,2430
Car,General,7,60627,Petrol,Manual,11,4400
Car,General,4,44962,Hybrid,Manual,6,4830
SUV,Major,1,19602,Diesel,Automatic,1,24780
Electric Scooter,Major,4,18262,EV,Automatic,5,1980
Car,General,9,93304,Petrol,Manual,12,4820
SUV,General,5,55885,Petrol,Manual,8,9350
SUV,General,5,75170,Petrol,Automatic,6,7740
Bike,General,4,23171,Petrol,Manual,4,650
Car,Major,5,46960,Petrol,Manual,8,10870
Car,Repair,1,11328,EV,Automatic,1,8710
Scooty,Repair,8,60569,Petrol,Automatic,11,3330
Scooty,General,6,37692,Petrol,Automatic,11,630
Electric Scooter,Repair,0,1800,EV,Automatic,0,870
Scooty,Major,5,38492,Petrol,Automatic,7,1580
SUV,General,5,95221,Petrol,Manual,9,6240
Electric Bike,General,3,16297,EV,Automatic,4,600
Car,General,11,109473,Petrol,Automatic,20,4790
Electric Scooter,General,4,26230,EV,Automatic,6,470
Car,Major,4,37298,Petrol,Automatic,5,11970
SUV,Repair,2,24426,Petrol,Automatic,3,12620
Car,Major,7,93062,Diesel,Automatic,9,20770
Car,General,10,102156,Petrol,Automatic,18,4740
SUV,Major,13,144922,Diesel,Manual,22,30390
SUV,General,7,112684,Diesel,Manual,10,9110
Car,General,4,50226,Hybrid,Automatic,5,5510
Car,Major,9,83258,Petrol,Automatic,12,16130
Electric Scooter,General,1,4355,EV,Automatic,1,710
Bike,Major,6,40907,Petrol,Manual,9,2310
SUV,Repair,4,70633,Diesel,Manual,5,27180
Bike,General,7,51415,Petrol,Automatic,13,620
Scooty,General,3,23562,Petrol,Automatic,5,480
Car,Major,7,112152,Petrol,Automatic,12,13730
Car,General,9,99523,Petrol,Automatic,16,6100
Bike,General,3,15180,Petrol,Manual,4,1190
SUV,General,4,77447,Diesel,Automatic,6,10030
Electric Scooter,General,3,15521,EV,Automatic,4,470
Car,General,11,177001,Petrol,Automatic,16,5360
Car,Major,4,51982,Petrol,Automatic,7,11020
SUV,Repair,3,49454,Diesel,Automatic,5,23110
Car,Repair,1,14307,Petrol,Manual,1,8970
SUV,Repair,4,49100,Diesel,Automatic,6,29140
Scooty,General,8,56456,Petrol,Automatic,11,910
Car,General,9,114893,Diesel,Manual,13,6270
Bike,General,8,56548,Petrol,Manual,11,1080
Car,General,7,86619,Diesel,Manual,9,6900
SUV,Major,5,67512,Diesel,Manual,6,28180
Car,General,8,82967,Petrol,Manual,14,3920
Bike,Repair,4,37867,Petrol,Manual,6,2620
Bike,General,1,10460,Petrol,Manual,1,920
Car,General,9,72430,EV,Automatic,14,4190
SUV,General,11,198891,Petrol,Automatic,16,11290
Scooty,General,8,58641,Petrol,Automatic,12,690
Scooty,General,12,84251,Petrol,Automatic,17,600
Car,Major,10,122903,EV,Automatic,19,15220
SUV,Repair,4,46549,Hybrid,Manual,6,16220
SUV,Repair,3,43371,Petrol,Manual,4,19130
Bike,General,9,69095,Petrol,Manual,17,960
SUV,General,10,105934,Petrol,Manual,17,6360
SUV,Major,9,110425,Diesel,Automatic,15,32640
SUV,Major,6,89424,Petrol,Manual,10,22640
Car,General,9,136571,Petrol,Manual,14,4440
Electric Scooter,Major,2,13938,EV,Automatic,3,1400
SUV,General,10,200108,Diesel,Manual,15,11820
Bike,General,2,18480,Petrol,Manual,2,830
SUV,Repair,3,41190,Diesel,Automatic,5,20430
Car,General,10,135941,Petrol,Automatic,15,4430
Car,Major,5,66497,Petrol,Automatic,8,14230
Car,General,5,83962,Petrol,Manual,7,5050
SUV,Repair,6,63449,Diesel,Automatic,10,25300
Bike,General,4,32980,Petrol,Manual,6,910
Bike,Major,4,37929,Petrol,Manual,6,2970
Bike,Major,5,44208,Petrol,Manual,9,2530
Car,General,5,44639,Hybrid,Manual,9,3990
Car,General,8,103790,Petrol,Manual,14,5070
Electric Scooter,Major,1,5924,EV,Automatic,1,1420
SUV,General,8,149646,Diesel,Automatic,11,8890
Car,General,3,32790,Petrol,Manual,5,4580
SUV,Major,5,90256,Diesel,Manual,9,18400
Bike,General,6,58523,Petrol,Automatic,7,1240
Car,Repair,15,125480,EV,Automatic,25,21780
Car,Repair,6,86502,Diesel,Manual,10,13230
Scooty,General,4,25498,Petrol,Automatic,7,880
Electric Scooter,General,2,13993,EV,Automatic,3,430
Car,General,2,31757,Petrol,Manual,3,4760
SUV,Repair,4,75561,Diesel,Manual,7,27460
Bike,General,11,69020,Petrol,Automatic,13,1300
Car,Major,12,110190,Petrol,Manual,23,17500
Car,General,7,101233,Petrol,Automatic,12,5710
Car,Repair,1,19179,Petrol,Manual,1,7130
Bike,General,7,38966,Petrol,Manual,10,670
Car,General,4,35620,Petrol,Automatic,7,5630
SUV,General,9,174379,Diesel,Manual,14,11310
Bike,General,11,103095,Petrol,Manual,18,800
SUV,General,5,59378,Petrol,Manual,8,5350
Car,General,2,28639,Petrol,Manual,3,2960
Car,Major,1,14262,Petrol,Manual,1,9940
Bike,Repair,8,63715,Petrol,Automatic,9,4580
Scooty,Major,8,53094,Petrol,Automatic,13,1910
SUV,General,8,112286,Petrol,Automatic,10,9790
Scooty,General,5,30055,Petrol,Automatic,7,750
Scooty,Repair,3,16654,Petrol,Automatic,5,2350
SUV,Major,7,113039,Diesel,Automatic,13,29930
Car,General,9,120543,Diesel,Automatic,13,5050
Bike,General,6,57161,Petrol,Manual,9,690
Car,General,6,64711,Hybrid,Manual,7,4480
Car,General,5,53370,Petrol,Automatic,6,4720
SUV,Major,6,92793,Diesel,Automatic,7,29330
Scooty,General,1,6137,Petrol,Automatic,1,810
Electric Bike,Major,2,12818,EV,Automatic,2,1340
Scooty,Repair,4,25306,Petrol,Automatic,7,1940
Electric Scooter,Major,1,6594,EV,Automatic,1,1040
Car,Repair,0,800,Petrol,Manual,0,7940
Car,Major,8,120772,Diesel,Manual,13,18200
Car,General,6,54930,Petrol,Automatic,7,4570
Car,General,3,33093,Hybrid,Manual,4,5540
Scooty,General,8,55795,Petrol,Automatic,12,880
Electric Scooter,Repair,1,6541,EV,Automatic,1,1050
Scooty,General,13,102737,Petrol,Automatic,21,800
Car,General,5,78785,Petrol,Automatic,7,5140
Scooty,Major,1,5466,Petrol,Automatic,1,2210
Car,Major,4,42186,Hybrid,Manual,5,12380
Scooty,General,7,45118,Petrol,Automatic,13,900
Electric Scooter,General,1,8408,EV,Automatic,1,580
Car,General,9,138108,EV,Automatic,12,4570
Electric Bike,Major,3,24789,EV,Automatic,3,1390
Scooty,Major,4,21804,Petrol,Automatic,7,2270
SUV,Major,2,40167,EV,Automatic,2,13670
Car,General,3,38135,Petrol,Manual,4,3710
SUV,Major,5,56491,Diesel,Automatic,7,22900
SUV,Major,8,103925,Diesel,Automatic,12,31250
Bike,Major,9,65898,Petrol,Manual,10,2210
Scooty,Repair,0,1156,Petrol,Automatic,0,980
Car,General,5,66384,Petrol,Manual,6,3880
Bike,Repair,3,19491,Petrol,Manual,5,1330
Bike,General,4,28930,Petrol,Automatic,5,1030
SUV,General,5,62440,Diesel,Automatic,8,7700
Bike,Repair,4,34356,Petrol,Automatic,7,1730
SUV,General,3,35535,EV,Automatic,3,5090
Scooty,General,2,11990,Petrol,Automatic,3,460
Electric Bike,General,2,15469,EV,Automatic,3,650
Bike,General,7,60360,Petrol,Manual,10,1070
Bike,Repair,12,111051,Petrol,Automatic,23,4650
Scooty,General,8,54216,Petrol,Automatic,9,1070
Car,Major,7,72950,Petrol,Automatic,11,12370
Car,General,7,66853,Petrol,Manual,12,5180
SUV,Repair,4,43944,Petrol,Automatic,6,22190
SUV,Major,4,55457,Hybrid,Automatic,4,27540
Car,General,7,100471,Petrol,Automatic,8,5560
Bike,Repair,4,30204,Petrol,Automatic,5,1780
SUV,General,9,158452,Hybrid,Manual,16,6340
Bike,Repair,7,52700,Petrol,Manual,10,2680
Car,Major,10,138350,Petrol,Manual,16,13920
SUV,Repair,2,40875,Petrol,Manual,2,19950
Car,Major,2,21897,Diesel,Manual,3,12730
Bike,Major,4,20068,Petrol,Manual,5,1320
Car,Major,8,85999,Diesel,Automatic,12,18070
Electric Scooter,Repair,4,16555,EV,Automatic,7,1430
Bike,Major,2,17579,Petrol,Manual,3,2150
Scooty,General,6,47331,Petrol,Automatic,7,760
Electric Scooter,Major,1,5249,EV,Automatic,1,1610
Electric Scooter,General,1,5943,EV,Automatic,1,370
Car,Major,6,86393,Petrol,Automatic,7,15000
SUV,Major,7,131148,Petrol,Automatic,10,28660
SUV,Major,3,46865,Diesel,Manual,5,23160
Car,General,7,76938,Hybrid,Automatic,13,5350
Car,Major,5,68878,Petrol,Manual,8,15000
Car,General,4,55575,Diesel,Manual,7,4470
Bike,Repair,1,5539,Petrol,Manual,1,1210
Scooty,Repair,6,25610,Petrol,Automatic,10,1800
Electric Scooter,General,1,4435,EV,Automatic,1,470
Bike,General,6,41670,Petrol,Manual,9,1140
Car,Major,6,56261,Petrol,Manual,8,11760
Bike,Major,4,33220,Petrol,Automatic,4,1820
SUV,General,7,135372,Petrol,Manual,13,7410
SUV,General,4,70581,EV,Automatic,6,4970
Car,Repair,6,55093,Hybrid,Automatic,9,20400
SUV,General,5,92736,Petrol,Automatic,8,10020
Car,General,10,107782,Diesel,Automatic,18,7270
Car,Major,10,92829,Diesel,Manual,15,12210
Car,Major,13,201883,Diesel,Manual,25,15060
Scooty,Major,3,17860,Petrol,Automatic,3,1860
Car,General,5,63318,Diesel,Automatic,7,8220
Car,Repair,7,106688,Petrol,Manual,13,11300
Bike,General,0,500,Petrol,Manual,0,1000
Car,Repair,3,41893,Petrol,Manual,3,11340
Car,Major,3,44461,Petrol,Manual,3,12670
SUV,Repair,11,193362,Petrol,Automatic,18,28850
Electric Scooter,Major,4,25820,EV,Automatic,7,1530
Car,General,7,83704,Diesel,Automatic,10,6580
Bike,General,4,36019,Petrol,Manual,7,1200
Electric Scooter,General,2,15703,EV,Automatic,3,650
SUV,General,2,35078,Diesel,Automatic,3,7770
Bike,General,7,48569,Petrol,Manual,10,910
Car,Major,5,82573,Petrol,Manual,6,11590
Car,General,13,208842,Diesel,Automatic,16,8040
Car,General,5,49900,Petrol,Manual,6,4930
Electric Bike,General,3,21002,EV,Automatic,4,730
SUV,Repair,11,145349,Diesel,Automatic,13,55330
Electric Bike,General,1,8262,EV,Automatic,1,680
SUV,Major,2,36152,Diesel,Manual,3,23790
Scooty,General,4,25931,Petrol,Automatic,7,630
Car,General,7,109072,EV,Automatic,9,4600
Car,Major,8,80775,Hybrid,Manual,14,15820
Car,Repair,9,96351,Diesel,Automatic,15,25820
Car,General,10,84906,Petrol,Manual,16,4830
Car,General,10,125804,Diesel,Manual,14,6140
Car,General,2,18574,Hybrid,Automatic,3,6120
Car,Major,9,127162,Hybrid,Automatic,12,18760
Bike,Major,4,23423,Petrol,Automatic,5,2390
Car,General,7,88213,EV,Automatic,9,3290
Bike,General,3,29121,Petrol,Manual,4,660
Car,General,3,28478,Petrol,Automatic,5,3920
Car,Major,3,48317,Diesel,Manual,5,11900
SUV,Repair,8,153646,Petrol,Manual,12,28380
Scooty,Major,7,35726,Petrol,Automatic,11,2430
SUV,Repair,3,39730,Diesel,Automatic,3,18970
Car,Major,8,96360,Petrol,Manual,13,15110
Car,General,11,127634,Petrol,Automatic,19,6410
Car,Major,1,9386,Petrol,Manual,1,10170
Car,Major,3,35838,Diesel,Manual,4,14230
SUV,Major,2,28561,Diesel,Automatic,3,23890
SUV,Major,8,95268,Diesel,Manual,12,23370
Bike,General,6,37563,Petrol,Manual,7,740
Bike,Major,3,26174,Petrol,Manual,3,1690
Car,General,10,154655,Petrol,Automatic,16,7220
SUV,General,10,132280,Hybrid,Manual,13,8510
Scooty,Major,2,12557,Petrol,Automatic,3,2210
Car,General,4,42437,Hybrid,Manual,6,6350
Car,General,2,22448,Diesel,Manual,3,5760
SUV,General,7,93659,EV,Automatic,13,5820
Car,General,1,14665,Hybrid,Manual,1,5580
Car,Repair,3,35828,Hybrid,Manual,3,15640
SUV,General,10,197925,Diesel,Manual,15,13140
SUV,Major,5,84139,Petrol,Automatic,8,21840
Electric Bike,General,1,7216,EV,Automatic,1,590
Car,Major,10,138095,Petrol,Automatic,19,17550
SUV,General,5,93930,Petrol,Automatic,9,7160
Car,Major,4,54512,Petrol,Manual,5,12150
Electric Scooter,General,2,17533,EV,Automatic,3,580
Electric Bike,General,2,14263,EV,Automatic,3,770
Car,Major,5,73344,Petrol,Automatic,7,14990
Car,Major,13,169935,Petrol,Manual,16,16290
Car,General,14,196415,EV,Automatic,23,4240
Bike,Major,4,27716,Petrol,Manual,5,1490
Car,Major,4,34599,Diesel,Manual,5,13940
Car,General,8,112234,Petrol,Manual,15,4550
Car,Major,2,34897,Petrol,Manual,3,10040
Electric Bike,Repair,2,16135,EV,Automatic,2,2140
Car,General,5,47965,Diesel,Manual,6,4580
SUV,Major,11,143983,Diesel,Automatic,13,26010
Electric Scooter,General,2,16336,EV,Automatic,2,600
Car,Major,11,161439,Petrol,Automatic,20,22000
Bike,General,5,48106,Petrol,Manual,7,960
Car,Major,10,141423,Petrol,Automatic,14,15780
SUV,Repair,7,96478,Petrol,Manual,12,21160
SUV,Major,11,169487,Diesel,Automatic,18,32850
Car,General,2,32576,EV,Automatic,3,3590
Car,Repair,6,79618,Petrol,Automatic,8,15320
Electric Bike,General,1,9992,EV,Automatic,1,450
Car,General,8,83759,Petrol,Automatic,10,6450
Scooty,General,8,31009,Petrol,Automatic,12,510
SUV,General,1,9549,Diesel,Manual,1,8110
SUV,General,8,102734,Diesel,Manual,10,11230
Car,Major,6,49985,Diesel,Manual,9,15010
Car,General,5,58423,Diesel,Automatic,7,8020
Car,General,7,88299,Diesel,Manual,10,6450
Car,Repair,12,114642,Petrol,Automatic,16,28930
Car,General,4,33625,Petrol,Manual,7,4660
SUV,General,1,16462,Diesel,Automatic,1,6250
SUV,General,9,135053,Petrol,Automatic,16,9040
Scooty,General,7,44919,Petrol,Automatic,8,840
Car,Major,7,109937,Petrol,Manual,11,9720
Bike,Major,8,67386,Petrol,Manual,11,2710
Car,General,8,73523,Petrol,Manual,14,4890
SUV,Major,7,101564,Hybrid,Manual,9,17340
Bike,Repair,5,34755,Petrol,Manual,8,2020
Car,General,11,142898,Petrol,Manual,16,6230
SUV,General,5,75167,Diesel,Automatic,7,11340
SUV,General,5,82240,Hybrid,Automatic,7,6940
Car,Major,14,128270,Petrol,Automatic,19,19150
Electric Scooter,General,2,10210,EV,Automatic,2,510
SUV,General,3,36341,Petrol,Manual,5,6400
SUV,General,11,126187,EV,Automatic,19,6610
Car,General,8,94753,Petrol,Automatic,12,6210
Car,General,5,62095,Petrol,Manual,8,4040
SUV,General,6,104324,Petrol,Manual,9,5490
SUV,Repair,2,28981,Petrol,Manual,3,14560
SUV,Major,2,40593,Diesel,Manual,3,16170
Electric Bike,Repair,2,17588,EV,Automatic,3,1590
Bike,General,5,41991,Petrol,Manual,8,550
SUV,General,6,69602,EV,Automatic,9,6340
Car,Major,4,63298,Petrol,Manual,5,13300
Bike,General,7,44334,Petrol,Manual,12,870
Car,Major,6,73598,Petrol,Automatic,10,16000
Bike,General,8,63943,Petrol,Manual,9,1210
Electric Scooter,Major,1,5595,EV,Automatic,1,1150
SUV,Major,7,91240,Diesel,Manual,8,31990
Scooty,Major,4,32308,Petrol,Automatic,7,1290
SUV,General,6,88426,Diesel,Automatic,11,10260
SUV,Repair,8,154722,Diesel,Automatic,13,38690
SUV,General,9,178946,Diesel,Manual,16,10780
Car,Repair,5,70019,Hybrid,Manual,9,13980
Scooty,Major,7,41631,Petrol,Automatic,12,2440
SUV,General,3,51024,Petrol,Automatic,4,7470
Car,General,14,129387,Petrol,Manual,25,3750
SUV,General,9,101081,EV,Automatic,13,6090
Scooty,Major,2,9672,Petrol,Automatic,2,2300
SUV,General,2,32927,Petrol,Manual,3,7530
Car,Major,1,19733,Petrol,Manual,1,8760
Scooty,Major,4,21451,Petrol,Automatic,5,2310
Scooty,Repair,8,58540,Petrol,Automatic,12,2090
Car,Major,13,161100,Diesel,Automatic,18,23760
Car,Major,3,41037,EV,Automatic,5,7500
Scooty,Major,6,33302,Petrol,Automatic,7,2060
Car,General,4,37869,Petrol,Manual,7,4420
Electric Scooter,General,1,7805,EV,Automatic,1,770
Car,Major,10,90082,Hybrid,Automatic,12,16210
Electric Scooter,General,2,9286,EV,Automatic,3,450
Car,Major,9,96931,Hybrid,Automatic,15,14940
Car,Repair,10,82847,Petrol,Manual,16,15010
Bike,Major,9,72512,Petrol,Manual,12,3300
Car,Major,8,127741,Petrol,Automatic,12,13530
SUV,Repair,4,72480,Diesel,Manual,7,31260
Car,Repair,14,180096,Petrol,Automatic,24,27130
Bike,General,9,50806,Petrol,Manual,13,1250
Scooty,General,3,17903,Petrol,Automatic,4,840
Car,General,9,138949,Hybrid,Manual,15,6170
Car,General,11,137882,Hybrid,Manual,18,4590
SUV,General,7,117846,Hybrid,Automatic,10,10400
Scooty,Major,7,30791,Petrol,Automatic,8,2290
Scooty,General,9,51127,Petrol,Automatic,12,470
Car,General,3,39168,Hybrid,Automatic,4,4110
SUV,Major,5,72073,Diesel,Automatic,6,23730
Scooty,Major,4,30228,Petrol,Automatic,6,1780
Car,Repair,6,70663,Diesel,Automatic,11,21270
Car,Repair,5,44963,Hybrid,Manual,9,15290
Scooty,General,5,39596,Petrol,Automatic,7,500
Bike,Major,8,77189,Petrol,Automatic,15,1870
Electric Scooter,General,2,14125,EV,Automatic,3,570
Electric Scooter,Repair,1,4387,EV,Automatic,1,1660
Bike,General,6,50810,Petrol,Automatic,7,870
Bike,General,10,63118,Petrol,Manual,17,820
SUV,General,7,73654,Petrol,Manual,10,10180
Scooty,General,3,20892,Petrol,Automatic,4,630
Car,General,3,34965,Petrol,Manual,5,5120
Car,Major,1,8615,Petrol,Automatic,1,11110
Car,Major,9,112050,Diesel,Manual,13,12860
Bike,Major,7,46241,Petrol,Automatic,9,2170
Car,General,11,131656,Diesel,Manual,17,6250
Electric Scooter,General,4,18303,EV,Automatic,5,660
Scooty,Major,7,31775,Petrol,Automatic,12,2290
Electric Bike,General,3,16081,EV,Automatic,5,860
Scooty,Major,9,37034,Petrol,Automatic,15,1490
Car,General,5,63483,Petrol,Manual,8,4630
Car,Major,6,86162,Petrol,Manual,9,14060
Scooty,General,4,18054,Petrol,Automatic,4,650
Electric Scooter,Repair,2,16030,EV,Automatic,3,1980
Bike,General,2,10796,Petrol,Automatic,3,1160
Scooty,Major,10,52463,Petrol,Automatic,18,2610
SUV,General,5,93381,EV,Automatic,9,4360
Electric Scooter,General,4,26058,EV,Automatic,6,660
Car,Major,6,72258,Petrol,Manual,9,13160
Car,General,11,91815,EV,Automatic,18,4410
Bike,General,2,17163,Petrol,Manual,2,620
SUV,General,4,71052,Petrol,Manual,6,7300
Car,Major,10,143519,Petrol,Manual,18,16790
Electric Bike,General,1,5785,EV,Automatic,1,770
Car,Major,6,94397,Petrol,Automatic,8,12750
SUV,Repair,7,119643,Diesel,Automatic,13,37440
Electric Scooter,General,2,12584,EV,Automatic,3,780
SUV,Major,5,69019,Diesel,Manual,8,22920
Car,General,6,61885,EV,Automatic,10,3880
Scooty,Major,1,8517,Petrol,Automatic,1,1330
SUV,General,12,205216,Diesel,Automatic,21,13430
SUV,General,2,28318,Petrol,Manual,2,5870
Car,General,3,50081,Petrol,Manual,4,3870
Car,General,10,97131,Petrol,Manual,16,5320
Bike,Major,1,7903,Petrol,Manual,1,2610
Scooty,Major,2,9880,Petrol,Automatic,3,1920
SUV,General,10,108064,Diesel,Manual,17,8270
SUV,Major,6,86301,Diesel,Manual,7,18510
Electric Scooter,Major,2,9162,EV,Automatic,3,1560
Car,General,4,66030,Petrol,Manual,7,3820
Electric Bike,Major,1,7498,EV,Automatic,1,1930
SUV,Repair,3,51067,Hybrid,Manual,5,15840
Car,General,3,43481,Petrol,Manual,5,3400
SUV,General,10,103934,Diesel,Manual,17,9320
Car,General,9,100801,Petrol,Manual,17,6090
Car,Repair,7,103068,Diesel,Manual,12,16420
Scooty,General,11,49663,Petrol,Automatic,18,990
Car,Repair,2,28721,Petrol,Manual,3,10040
Scooty,Major,8,64535,Petrol,Automatic,12,2880
Car,Major,7,109113,Petrol,Manual,11,15220
SUV,Repair,7,137325,Diesel,Manual,12,44450
SUV,General,4,60379,Diesel,Automatic,6,9880
Scooty,General,5,38578,Petrol,Automatic,9,750
SUV,General,4,52471,Diesel,Automatic,6,12300
Bike,General,9,72175,Petrol,Manual,17,670
Car,General,5,79147,EV,Automatic,8,4450
SUV,General,3,33985,Petrol,Manual,5,5000
Car,Major,4,63021,Petrol,Manual,7,11490
Electric Scooter,General,1,7523,EV,Automatic,1,570
SUV,General,5,55886,Diesel,Automatic,6,11810
Electric Bike,Repair,2,16727,EV,Automatic,3,1430
Bike,General,5,34349,Petrol,Manual,6,1130
SUV,Repair,8,113121,Hybrid,Automatic,13,29380
Car,General,4,33911,Petrol,Automatic,6,4210
Electric Bike,General,1,8503,EV,Automatic,1,680
Car,Major,10,85114,Diesel,Automatic,12,19940
Electric Bike,Major,0,1663,EV,Automatic,0,1110
Scooty,General,1,8098,Petrol,Automatic,1,860
Car,General,5,59976,Diesel,Manual,6,6180
SUV,Major,2,28820,Diesel,Automatic,3,25930
SUV,Major,4,75211,Petrol,Manual,7,22010
Car,General,3,30428,Diesel,Manual,5,4130
SUV,General,7,131137,Diesel,Automatic,13,10010
Bike,Major,9,61101,Petrol,Manual,14,3280
SUV,Repair,6,112932,Petrol,Manual,7,19870
SUV,General,6,67028,Diesel,Automatic,9,9920
SUV,Major,7,68395,Petrol,Automatic,12,22930
Car,Major,11,128518,Petrol,Manual,13,12500
Scooty,Repair,12,54375,Petrol,Automatic,18,2470
Car,Major,7,102220,EV,Automatic,12,10590
SUV,General,7,110529,Diesel,Manual,11,10650
Car,Major,8,103078,Petrol,Automatic,12,11400
SUV,General,7,136010,Diesel,Manual,11,11190
Car,General,4,37354,Diesel,Automatic,6,6710
Car,General,8,107783,Petrol,Manual,13,5550
SUV,General,1,12019,Petrol,Automatic,1,6510
Scooty,Major,2,15223,Petrol,Automatic,2,1550
SUV,Major,0,2535,Petrol,Manual,0,10870
Bike,General,4,35507,Petrol,Manual,4,760
SUV,General,10,179843,Petrol,Manual,15,7940
Car,General,5,56239,Petrol,Automatic,8,3850
SUV,Major,4,69601,Petrol,Manual,7,19790
Bike,Major,9,67360,Petrol,Manual,16,2850
SUV,General,10,145291,Diesel,Automatic,12,9480
Electric Bike,Major,1,9017,EV,Automatic,1,1330
Scooty,General,1,5764,Petrol,Automatic,1,720
SUV,Major,11,202527,Diesel,Automatic,15,30800
Bike,General,5,26412,Petrol,Manual,7,1030
SUV,General,3,28768,Petrol,Automatic,5,6840
Bike,General,4,38317,Petrol,Manual,6,740
Car,Repair,9,124412,Petrol,Automatic,11,16890
Car,General,5,67879,Hybrid,Automatic,6,6470
Car,General,3,34106,Petrol,Manual,4,4660
SUV,General,10,142790,Diesel,Manual,18,8400
Bike,Major,4,29749,Petrol,Manual,5,2200
Electric Scooter,Major,1,6180,EV,Automatic,1,1720
Car,General,9,97274,Petrol,Manual,15,3690
SUV,Major,7,133750,EV,Automatic,11,19840
Bike,General,6,59863,Petrol,Manual,9,580
Bike,General,9,58419,Petrol,Manual,14,750
Car,Major,8,88287,Petrol,Automatic,11,15410
Scooty,General,4,30673,Petrol,Automatic,6,710
Bike,Major,0,500,Petrol,Manual,0,2160
Car,Major,13,189811,Diesel,Manual,20,15960
Car,Repair,6,96682,Petrol,Automatic,9,13640
SUV,Major,4,74131,Petrol,Manual,5,21080
Bike,General,8,60698,Petrol,Automatic,15,1250
Electric Bike,Major,1,8288,EV,Automatic,1,1160
Car,General,4,40226,EV,Automatic,5,3240
SUV,Major,3,57351,EV,Automatic,4,15060
Bike,General,12,86025,Petrol,Manual,20,990
SUV,Repair,12,169379,Diesel,Manual,14,34090
SUV,General,6,106861,EV,Automatic,8,5020
SUV,Major,4,64872,Petrol,Automatic,5,21830
SUV,General,0,1000,Petrol,Automatic,0,6790
SUV,General,6,96480,Petrol,Manual,8,6970
Car,General,5,50305,Hybrid,Automatic,6,5060
Car,General,11,96449,Hybrid,Automatic,15,5050
Electric Scooter,Repair,4,30816,EV,Automatic,6,1620
SUV,Major,7,120207,EV,Automatic,8,16870
Car,Repair,4,62058,Petrol,Automatic,5,17020
Car,Major,13,164342,Diesel,Manual,22,22720
Electric Scooter,General,1,7300,EV,Automatic,1,520
Car,General,6,46979,Diesel,Automatic,11,7180
Scooty,General,8,55425,Petrol,Automatic,13,940
SUV,General,9,115379,Petrol,Manual,15,9270
Bike,Major,14,98799,Petrol,Automatic,18,3770
Car,General,4,40683,Hybrid,Automatic,4,6170
SUV,General,6,110093,EV,Automatic,8,6640
Car,General,8,106571,Petrol,Automatic,12,4520
Scooty,Major,1,6140,Petrol,Automatic,1,1160
Bike,Major,5,35551,Petrol,Manual,7,2330
Bike,General,8,62595,Petrol,Manual,13,1310
SUV,General,2,36160,Diesel,Automatic,3,7650
Car,Major,11,164423,Petrol,Manual,15,19660
Car,Major,8,114275,Diesel,Manual,13,20090
Car,Repair,6,90140,Petrol,Manual,11,10790
Bike,General,1,7201,Petrol,Automatic,1,610
Bike,Major,6,59148,Petrol,Manual,10,3170
Bike,Major,7,60187,Petrol,Manual,11,2820
Car,Repair,4,42109,Petrol,Automatic,7,14800
Car,Major,2,27957,Diesel,Manual,3,11530
Car,Major,3,49023,Petrol,Automatic,4,11270
Car,Repair,5,41854,Petrol,Automatic,8,17160
Car,General,13,193495,Diesel,Manual,25,5730
Car,Major,11,107413,Petrol,Automatic,14,16980
Car,General,14,176757,Petrol,Manual,24,6320
Car,General,5,54291,Petrol,Automatic,6,4960
Bike,Repair,10,95467,Petrol,Automatic,14,5970
SUV,General,4,66732,Diesel,Automatic,4,6980
SUV,Repair,5,94554,Diesel,Manual,6,23450
Scooty,General,3,21650,Petrol,Automatic,4,710
Electric Bike,Major,0,1381,EV,Automatic,0,1350
Electric Scooter,Major,0,1756,EV,Automatic,0,1670
SUV,General,10,191286,Petrol,Automatic,17,8150
Bike,Major,8,43359,Petrol,Manual,14,3480
SUV,General,8,98496,Diesel,Manual,15,8600
Car,Major,1,15379,Petrol,Manual,1,8790
Bike,Repair,5,32962,Petrol,Manual,6,3920
Car,General,5,49316,Petrol,Manual,8,3650
Car,General,10,145705,Diesel,Automatic,15,8160
Car,General,6,61006,Diesel,Manual,7,6820
Car,Major,6,56309,Petrol,Automatic,10,14110
Car,General,7,91562,Hybrid,Manual,12,5180
SUV,General,13,142628,Diesel,Automatic,23,13350
Car,Repair,11,156378,Petrol,Manual,15,17170
SUV,Major,12,159542,Petrol,Manual,17,21640
Car,General,7,100379,Petrol,Manual,10,4480
Car,General,5,53841,EV,Automatic,6,4110
Car,General,7,100861,Petrol,Manual,9,3650
Scooty,Repair,9,59685,Petrol,Automatic,16,2030
Car,General,10,156281,EV,Automatic,15,4650
Car,Repair,13,124216,Petrol,Manual,24,18710
SUV,General,1,18603,Diesel,Manual,1,6800
Scooty,Repair,6,46778,Petrol,Automatic,8,2280
SUV,Major,4,51997,Diesel,Manual,6,21210
Car,General,11,173024,Diesel,Manual,15,7100
SUV,General,10,184794,Petrol,Manual,13,6340
SUV,General,8,123256,Diesel,Manual,13,8070
SUV,General,9,183194,Diesel,Manual,17,8700
Car,Repair,7,107258,Diesel,Manual,11,24680
Scooty,Major,3,12598,Petrol,Automatic,3,1860
Car,General,7,75337,Petrol,Automatic,11,5390
Bike,General,11,84346,Petrol,Automatic,18,1120
Electric Bike,General,3,21394,EV,Automatic,5,720
Electric Scooter,General,2,10382,EV,Automatic,3,430
Electric Bike,General,1,7696,EV,Automatic,1,590
Car,General,4,42471,Petrol,Manual,5,3410
Car,General,8,79378,Petrol,Manual,15,3760
Car,General,10,91445,Diesel,Manual,17,5690
Car,General,12,118892,Hybrid,Manual,19,7220
Car,Repair,13,127809,Petrol,Manual,18,24970
Bike,General,7,54977,Petrol,Manual,9,960
Car,Major,3,35457,Petrol,Automatic,3,10410
Scooty,Major,4,29467,Petrol,Automatic,6,2410
Car,Repair,2,20474,Petrol,Automatic,3,9870
Car,Major,3,41792,Petrol,Automatic,4,14620
Car,Major,9,94781,Diesel,Manual,11,13020
Car,Repair,9,127487,Petrol,Manual,13,17110
Car,Major,13,179197,Diesel,Manual,16,25620
SUV,Repair,5,81535,Diesel,Automatic,8,32410
Car,Major,4,54973,Diesel,Automatic,5,12350
Car,Major,7,73316,Hybrid,Manual,9,12200
Car,Major,8,121465,Diesel,Manual,12,20000
Car,Major,4,56299,Petrol,Automatic,6,15370
SUV,Major,6,109520,Petrol,Manual,8,22960
Car,Repair,11,111496,Petrol,Manual,21,18890
Scooty,Major,9,42060,Petrol,Automatic,12,2150
Car,Major,7,101673,Diesel,Manual,9,19760
Scooty,Major,9,38609,Petrol,Automatic,16,2280
SUV,Major,6,116195,Petrol,Automatic,7,18990
SUV,General,6,109576,Diesel,Automatic,10,7680
Scooty,Major,5,23090,Petrol,Automatic,9,1530
SUV,General,4,71038,Petrol,Automatic,5,6490
Car,Repair,5,53284,Petrol,Manual,7,13950
SUV,General,5,53372,EV,Automatic,7,7020
Car,Major,8,72235,Petrol,Automatic,15,15850
SUV,General,11,180127,Diesel,Automatic,17,9270
Car,General,13,181496,Petrol,Manual,20,6000
Car,General,2,31093,Petrol,Automatic,2,5510
Car,Repair,7,94286,Petrol,Automatic,11,13060
SUV,Repair,3,34582,EV,Automatic,5,12940
Electric Bike,General,1,4961,EV,Automatic,1,460
Bike,Major,1,7564,Petrol,Manual,1,1700
Car,General,8,69703,Diesel,Automatic,11,6990
Car,Repair,4,53044,Petrol,Automatic,6,11520
Bike,Repair,9,46917,Petrol,Manual,13,4350
Car,General,5,56752,Diesel,Manual,7,5570
Car,General,4,37400,Petrol,Manual,6,5450
Electric Scooter,General,1,7950,EV,Automatic,1,580
Bike,General,5,26293,Petrol,Manual,7,700
Scooty,Major,6,26746,Petrol,Automatic,10,1610
SUV,Major,7,132231,Diesel,Automatic,10,23050
Car,General,4,47116,Diesel,Manual,5,4530
Car,General,10,89918,Petrol,Manual,15,5360
Electric Bike,General,3,16252,EV,Automatic,5,430
Car,Repair,0,800,Petrol,Automatic,0,9640
Bike,General,6,46005,Petrol,Manual,8,760
Electric Scooter,General,1,6482,EV,Automatic,1,340
Car,General,5,46446,EV,Automatic,9,3770
Car,General,5,55980,Petrol,Manual,8,3770
Car,General,9,103951,Petrol,Manual,16,6050
Electric Bike,General,0,1239,EV,Automatic,0,500
Bike,Major,6,45911,Petrol,Manual,10,1870
Bike,Repair,0,2730,Petrol,Manual,0,1480
Bike,General,3,21095,Petrol,Manual,3,950
Car,General,7,101318,Diesel,Automatic,10,7660
Bike,General,1,12052,Petrol,Manual,1,910
Car,General,2,23766,Diesel,Automatic,3,4850
SUV,Repair,8,124739,Petrol,Automatic,13,34830
Car,Major,7,84531,Diesel,Manual,12,17390
Scooty,Repair,3,20671,Petrol,Automatic,4,1590
Car,General,10,110727,Petrol,Automatic,19,7110
SUV,General,7,122935,Petrol,Automatic,11,9400
Car,Major,8,82353,Petrol,Manual,13,9280
Scooty,Major,5,37712,Petrol,Automatic,6,1640
SUV,Repair,12,133432,Diesel,Automatic,16,50040
Car,General,8,97067,Hybrid,Automatic,10,5660
Bike,General,3,25007,Petrol,Manual,4,1080
SUV,General,8,144280,Diesel,Manual,12,7720
SUV,Major,13,186082,Diesel,Manual,19,37960
Car,General,11,169274,EV,Automatic,18,4970
Electric Scooter,General,3,17237,EV,Automatic,5,600
Car,Major,6,53501,Petrol,Automatic,9,15350
Car,Major,5,74054,Petrol,Manual,6,8690
SUV,Major,6,96338,Petrol,Automatic,11,21390
Electric Scooter,General,3,24615,EV,Automatic,4,380
SUV,General,10,181274,Diesel,Automatic,18,9730
SUV,Repair,4,65248,Petrol,Manual,6,16140
SUV,Repair,8,156559,Diesel,Manual,15,33620
Car,Major,6,64244,Diesel,Manual,8,17380
Car,General,7,96764,Petrol,Manual,13,4000
Car,General,6,66481,Petrol,Automatic,10,4680
SUV,General,4,47002,Hybrid,Automatic,6,9820
SUV,General,5,55662,Petrol,Manual,7,8260
Electric Scooter,General,1,5611,EV,Automatic,1,680
SUV,General,5,95995,EV,Automatic,7,7640
Car,General,8,70139,Petrol,Manual,15,3760
Car,General,7,111769,Petrol,Automatic,11,5070
Car,Major,4,38910,Petrol,Manual,7,9220
SUV,Major,4,59226,Diesel,Automatic,6,25460
Car,General,3,33155,Petrol,Manual,3,3280
Car,General,4,63763,Petrol,Manual,4,3620
Bike,General,2,15948,Petrol,Automatic,2,1030
Car,General,12,165601,Petrol,Automatic,17,4830
SUV,Major,1,12800,Petrol,Automatic,1,19770
Scooty,Major,11,70849,Petrol,Automatic,14,2410
Car,General,8,91417,Diesel,Manual,13,7060
Car,General,5,43435,Petrol,Automatic,9,4550
Car,General,3,26781,EV,Automatic,5,4170
Electric Scooter,General,3,15600,EV,Automatic,4,570
SUV,General,4,44283,Diesel,Automatic,6,9050
Bike,Repair,10,56256,Petrol,Manual,12,4890
Scooty,General,9,42104,Petrol,Automatic,12,530
SUV,General,4,67469,Petrol,Manual,6,6650
Scooty,General,7,34194,Petrol,Automatic,11,810
Electric Scooter,Major,2,9553,EV,Automatic,2,1310
Bike,Repair,11,77231,Petrol,Manual,17,3900
Scooty,General,4,25731,Petrol,Automatic,6,540
Car,General,1,12457,Petrol,Manual,1,4460
SUV,General,6,68559,Diesel,Automatic,10,11490
Car,General,7,80775,Petrol,Automatic,13,5940
Scooty,Major,4,29662,Petrol,Automatic,5,2370
Car,General,3,39720,Petrol,Manual,5,3480
Electric Scooter,Repair,2,14211,EV,Automatic,2,1380
SUV,General,3,55208,Hybrid,Automatic,5,10630
Bike,General,6,53236,Petrol,Manual,9,660
SUV,Repair,5,82814,Petrol,Manual,7,26790
Electric Scooter,Repair,2,8036,EV,Automatic,3,1200
SUV,General,7,112872,Petrol,Manual,10,6130
Scooty,General,9,37625,Petrol,Automatic,15,760
Car,General,5,51902,Petrol,Manual,9,4260
Car,Major,10,82139,Diesel,Manual,16,14460
SUV,General,4,68137,Petrol,Manual,5,5810
Scooty,General,3,18696,Petrol,Automatic,4,930
Electric Scooter,Repair,1,7365,EV,Automatic,1,1430
Car,Major,7,73202,Petrol,Automatic,10,15000
Car,Major,13,116135,Diesel,Manual,20,21670
SUV,General,3,40463,Hybrid,Automatic,4,9020
Scooty,General,8,50589,Petrol,Automatic,10,650
Car,Major,8,106100,Petrol,Automatic,15,13720
Bike,Major,2,10109,Petrol,Manual,3,2230
Car,Major,1,15678,Hybrid,Automatic,1,9700
Bike,Repair,11,71468,Petrol,Manual,16,4710
Car,Major,1,17318,Petrol,Manual,1,11310
Scooty,General,4,23413,Petrol,Automatic,4,850
Electric Scooter,Repair,1,6291,EV,Automatic,1,1080
Car,General,9,109966,Petrol,Manual,12,4800
Scooty,General,6,34554,Petrol,Automatic,7,490
SUV,Major,3,55605,EV,Automatic,4,11700
Scooty,General,8,42074,Petrol,Automatic,10,740
Car,Repair,7,87946,Diesel,Manual,9,21480
Bike,Major,1,7756,Petrol,Manual,1,1840
Scooty,Major,5,19648,Petrol,Automatic,6,2120
Scooty,General,1,8296,Petrol,Automatic,1,700
Car,General,3,43011,Petrol,Manual,4,4970
Scooty,General,6,32877,Petrol,Automatic,9,740
Electric Scooter,General,1,7362,EV,Automatic,1,660
Scooty,Repair,1,7660,Petrol,Automatic,1,1470
Car,General,3,33538,Petrol,Manual,3,4760
Bike,General,8,54616,Petrol,Manual,12,650
Scooty,General,3,24088,Petrol,Automatic,4,510
Car,General,13,158012,Petrol,Automatic,22,5780
Electric Scooter,General,3,15010,EV,Automatic,4,450
Car,Major,1,9448,Hybrid,Automatic,1,10280
Bike,Major,2,21094,Petrol,Manual,2,2460
Scooty,Major,7,30758,Petrol,Automatic,8,1430
Electric Bike,General,1,9323,EV,Automatic,1,490
SUV,Repair,7,120930,Diesel,Manual,8,30860
Car,General,6,61063,Diesel,Manual,11,6350
SUV,General,6,103640,Petrol,Automatic,7,6600
SUV,Repair,11,142733,Petrol,Manual,18,29160
SUV,Repair,11,203694,Hybrid,Manual,20,42970
SUV,Major,6,75715,Petrol,Manual,9,20480
Electric Scooter,Major,2,12377,EV,Automatic,3,1120
Car,General,4,55011,EV,Automatic,5,2810
SUV,General,7,103581,Diesel,Automatic,13,10520
Bike,Major,1,11868,Petrol,Manual,1,1920
Bike,General,7,53307,Petrol,Manual,12,960
SUV,Major,6,76429,Diesel,Manual,7,29600
SUV,General,8,93715,Petrol,Manual,12,8440
Car,General,3,36684,Petrol,Manual,5,4110
Car,General,6,54106,Petrol,Manual,9,3490
Scooty,Major,4,19420,Petrol,Automatic,6,1870
SUV,Repair,7,131540,Diesel,Automatic,11,42670
Car,General,6,50263,Petrol,Automatic,7,4980
Car,General,6,64961,Hybrid,Manual,9,3970
Scooty,General,8,58885,Petrol,Automatic,13,550
Car,General,4,47714,Petrol,Manual,7,3210
Scooty,Major,3,18396,Petrol,Automatic,3,1800
Car,Major,6,76650,Petrol,Manual,8,10300
Bike,Repair,4,23762,Petrol,Manual,5,3640
Car,Major,10,143805,Petrol,Automatic,14,14920
Car,General,4,54574,Hybrid,Automatic,6,6340
Car,General,2,18672,Diesel,Manual,2,4380
Electric Bike,Major,3,15119,EV,Automatic,5,1360
Car,General,5,52978,Diesel,Automatic,7,5250
Scooty,General,8,63121,Petrol,Automatic,9,510
Bike,General,4,23538,Petrol,Manual,7,830
Scooty,Major,3,21522,Petrol,Automatic,5,1690
SUV,General,6,81791,Diesel,Automatic,8,8510
SUV,Repair,6,99683,Diesel,Automatic,11,34740
Bike,General,3,25919,Petrol,Manual,4,800
SUV,General,7,102018,Hybrid,Manual,13,9810
SUV,General,2,36999,Diesel,Manual,3,6380
SUV,Major,12,237631,Diesel,Automatic,20,40720
Bike,General,5,39249,Petrol,Automatic,7,580
Car,General,6,78718,Diesel,Manual,9,5800
SUV,Major,1,18455,Diesel,Manual,1,21940
SUV,General,7,103581,Diesel,Automatic,11,8310
SUV,General,2,31823,Diesel,Manual,2,7320
Car,Major,3,27302,Diesel,Automatic,5,14410
SUV,General,7,114846,Petrol,Automatic,12,9300
Car,General,4,30630,Petrol,Automatic,7,5200
Car,General,0,800,Petrol,Automatic,0,4990
Car,General,6,54948,Petrol,Manual,11,4850
Bike,Repair,5,27324,Petrol,Manual,6,2190
Bike,Repair,4,42699,Petrol,Manual,4,3440
SUV,General,11,134381,Petrol,Manual,14,7020
Car,General,3,36681,Petrol,Manual,4,5110
SUV,General,6,112733,Diesel,Manual,8,10520
SUV,General,8,119617,Petrol,Automatic,10,8990
SUV,General,9,152074,Diesel,Manual,13,8630
Car,General,7,71398,Petrol,Manual,13,5090
Car,Repair,5,37826,EV,Automatic,7,10310
SUV,General,3,35571,Diesel,Manual,4,9180
Car,Repair,5,56752,Petrol,Manual,9,13090
SUV,General,8,123033,Petrol,Automatic,13,7220
Electric Bike,Repair,4,32224,EV,Automatic,7,1560
Bike,Repair,4,18497,Petrol,Manual,6,2700
SUV,Major,6,77067,Diesel,Automatic,10,28740
Car,Repair,12,125636,Petrol,Manual,17,24670
Electric Scooter,Repair,3,22043,EV,Automatic,4,1580
Car,General,10,150925,Hybrid,Manual,13,5110
Car,Major,4,34445,Hybrid,Manual,7,10990
Bike,Major,0,1646,Petrol,Automatic,0,1390
Car,Repair,10,160752,Diesel,Manual,13,29850
Scooty,General,5,32213,Petrol,Automatic,9,840
SUV,General,8,121310,Diesel,Automatic,14,10170
SUV,Major,9,121727,Diesel,Automatic,14,24280
Car,Major,8,91928,Petrol,Manual,10,15330
Bike,General,0,1502,Petrol,Manual,0,670
Electric Scooter,General,3,20233,EV,Automatic,5,620
Car,General,2,34041,Diesel,Automatic,3,5000
Car,Major,1,11992,EV,Automatic,1,10340
Car,General,8,77881,Petrol,Manual,12,4040
SUV,General,1,19411,Petrol,Manual,1,5220
Car,General,7,64444,Diesel,Automatic,9,6500
Bike,Major,4,32054,Petrol,Manual,5,1670
Car,Major,10,121793,Diesel,Manual,15,14340
Car,Major,10,128553,Hybrid,Automatic,19,18930
SUV,Repair,3,45692,Diesel,Manual,4,21120
Car,General,7,106019,Petrol,Automatic,11,5650
Bike,General,7,46227,Petrol,Manual,8,790
Car,Repair,7,72157,Petrol,Manual,11,18420
Car,Repair,9,141204,Petrol,Manual,15,15790
Car,General,4,51034,Diesel,Manual,5,5000
Car,General,7,92284,Petrol,Automatic,13,4470
Car,Repair,5,44739,Diesel,Automatic,8,20520
SUV,General,3,43700,Petrol,Automatic,3,6440
Car,General,12,139088,Diesel,Manual,19,4800
Bike,General,4,27939,Petrol,Automatic,5,590
Car,General,2,29148,Petrol,Manual,2,3240
Bike,Repair,4,36018,Petrol,Manual,5,2590
Car,General,14,178756,Diesel,Manual,22,5930
Car,General,4,54293,Petrol,Manual,6,4420
Car,Major,2,31701,EV,Automatic,3,8630
Car,Major,6,63812,Petrol,Automatic,9,15340
SUV,Major,7,76288,Diesel,Manual,12,21310
Bike,General,1,7084,Petrol,Manual,1,1010
Scooty,General,5,29142,Petrol,Automatic,7,900
Car,Major,5,79485,Diesel,Manual,6,11580
Car,General,5,65779,Petrol,Automatic,6,3780
Bike,General,1,6349,Petrol,Automatic,1,690
Car,General,8,100855,Petrol,Automatic,13,5580
Car,General,5,47693,Diesel,Manual,6,5480
SUV,General,13,172368,Diesel,Manual,24,12450
Car,Repair,1,8017,Petrol,Automatic,1,12110
Scooty,Major,5,27467,Petrol,Automatic,8,1450
Electric Bike,Major,3,20060,EV,Automatic,4,1180
Scooty,General,5,34062,Petrol,Automatic,9,440
Car,General,8,76645,Petrol,Automatic,12,5560
Car,Repair,8,112872,Petrol,Manual,14,18230
Scooty,General,1,3023,Petrol,Automatic,1,580
Bike,Repair,5,31462,Petrol,Manual,7,3320
Car,General,12,155688,EV,Automatic,16,4950
Car,General,1,8302,Petrol,Manual,1,4070
SUV,General,6,123298,Petrol,Automatic,9,9410
Car,Major,9,130979,Petrol,Automatic,14,16500
Scooty,Repair,5,26671,Petrol,Automatic,9,1900
Scooty,General,7,52738,Petrol,Automatic,11,980
Bike,General,8,55151,Petrol,Manual,11,1140
Car,General,7,90718,Diesel,Automatic,9,5470
Car,General,13,171147,Diesel,Manual,23,7090
Car,General,5,47963,Hybrid,Automatic,8,4860
Bike,General,5,44196,Petrol,Automatic,8,1110
SUV,Repair,1,19243,Petrol,Manual,1,14360
SUV,General,4,43043,Diesel,Automatic,5,10150
SUV,Major,7,110701,Petrol,Automatic,9,18830
Car,Repair,4,63699,Diesel,Manual,5,16210
Electric Scooter,General,2,12077,EV,Automatic,2,450
Scooty,General,6,40945,Petrol,Automatic,11,780
SUV,General,8,79633,Diesel,Automatic,14,11110
Bike,General,5,33113,Petrol,Manual,7,1100
Scooty,Major,13,76927,Petrol,Automatic,25,2680
SUV,Repair,6,87647,Diesel,Manual,7,26490
Scooty,General,4,16173,Petrol,Automatic,5,450
Electric Bike,Major,0,500,EV,Automatic,0,1090
SUV,Major,7,116200,Petrol,Manual,9,16800
Bike,General,7,43209,Petrol,Manual,10,920
Car,General,8,89006,Diesel,Automatic,13,7840
SUV,General,1,11731,Diesel,Automatic,1,9490
Bike,General,7,41583,Petrol,Manual,9,1160
Bike,General,3,24747,Petrol,Manual,5,670
Car,Major,5,50045,Petrol,Automatic,7,11450
Electric Bike,General,4,20523,EV,Automatic,5,650
Car,Repair,6,91186,Hybrid,Manual,9,12320
SUV,General,12,165017,Hybrid,Automatic,16,10210
Bike,Repair,4,28519,Petrol,Manual,7,2260
SUV,General,0,1000,Diesel,Automatic,0,6350
Car,General,6,61017,Petrol,Manual,8,3840
Car,Major,5,57165,Petrol,Manual,8,8860
Car,Repair,7,66352,Petrol,Automatic,13,15610
Electric Scooter,General,1,6893,EV,Automatic,1,460
SUV,Repair,3,51253,Diesel,Automatic,4,29410
Electric Scooter,General,2,15143,EV,Automatic,3,590
SUV,General,2,30818,Diesel,Manual,3,7500
Car,General,8,104867,Petrol,Manual,10,4020
Electric Bike,General,1,9124,EV,Automatic,1,530
Bike,Repair,13,93063,Petrol,Manual,23,5550
Car,General,6,90764,Petrol,Manual,9,4090
SUV,General,9,142073,Diesel,Manual,12,10700
Bike,General,7,55508,Petrol,Manual,10,1170
Scooty,Repair,5,26276,Petrol,Automatic,6,1560
Bike,General,3,15093,Petrol,Manual,4,800
Scooty,Major,4,21253,Petrol,Automatic,6,2150
Car,General,5,70309,Diesel,Manual,9,5630
SUV,General,7,103007,Diesel,Manual,13,10230
Car,General,5,51058,Petrol,Automatic,8,5660
Bike,General,7,54348,Petrol,Manual,12,710
Car,General,10,149382,Diesel,Manual,14,4830
Scooty,General,1,7909,Petrol,Automatic,1,740
Car,General,7,80829,Petrol,Manual,9,4640
Bike,General,5,44770,Petrol,Manual,7,1030
Car,General,14,122222,Diesel,Automatic,23,6670
SUV,Major,9,94641,Diesel,Manual,17,22460
SUV,Major,2,20801,Diesel,Manual,3,24010
Car,General,3,38181,Petrol,Manual,5,4880
Scooty,General,10,50597,Petrol,Automatic,18,940
Bike,Major,6,45808,Petrol,Manual,10,2350
Car,Repair,3,48688,Diesel,Automatic,5,18500
Bike,Repair,8,58993,Petrol,Manual,11,3690
Car,General,7,96139,Petrol,Manual,11,4030
SUV,General,9,146132,Petrol,Manual,13,5930
SUV,General,4,44911,EV,Automatic,7,4020
Bike,General,5,35251,Petrol,Manual,9,670
Car,General,13,147787,Petrol,Automatic,18,5570
Car,Major,2,27314,Hybrid,Manual,3,12660
SUV,Major,5,82136,Petrol,Manual,9,23650
Car,Major,4,43774,Petrol,Automatic,7,11250
SUV,Major,10,168665,Diesel,Manual,13,22730
Scooty,General,2,10307,Petrol,Automatic,3,550
SUV,General,5,61137,Diesel,Automatic,8,8440
Scooty,General,12,57367,Petrol,Automatic,20,1030
Car,General,4,36803,Petrol,Manual,7,3580
Electric Scooter,Major,3,18399,EV,Automatic,4,1930
Car,General,5,59874,Diesel,Manual,8,4810
Scooty,General,6,26693,Petrol,Automatic,11,500
Car,General,8,124693,Petrol,Manual,10,4070
Car,General,8,64971,Petrol,Automatic,10,4490
Car,Major,5,50038,Petrol,Manual,8,9920
Car,General,8,88645,Diesel,Manual,13,5290
Bike,Repair,4,36704,Petrol,Automatic,7,3230
Scooty,General,2,10999,Petrol,Automatic,2,700
Scooty,General,7,48554,Petrol,Automatic,9,850
SUV,Major,2,36611,Petrol,Automatic,2,13120
Car,Major,8,78468,Petrol,Manual,9,12610
SUV,General,1,16130,Diesel,Automatic,1,8730
SUV,General,5,68005,Petrol,Automatic,9,8360
SUV,General,14,255708,Diesel,Automatic,18,9500
SUV,Major,7,77558,Diesel,Automatic,13,30950
SUV,Repair,5,67676,Diesel,Automatic,7,26020
SUV,General,6,94887,EV,Automatic,8,6520
SUV,General,0,1000,Diesel,Manual,0,9020
Car,Major,6,74098,Petrol,Manual,8,11480
Electric Scooter,General,3,23372,EV,Automatic,5,560
SUV,General,7,121320,Diesel,Manual,9,8980
SUV,Major,5,63618,Petrol,Manual,8,16430
SUV,General,13,134814,Petrol,Manual,20,7940
Car,General,3,47754,Petrol,Manual,4,4200
Scooty,Major,8,36652,Petrol,Automatic,13,1460
Car,Repair,6,85933,Hybrid,Manual,11,18440
Bike,General,4,33007,Petrol,Automatic,7,860
Bike,Major,5,39023,Petrol,Manual,6,2690
Car,Repair,5,41829,Petrol,Automatic,7,11990
Electric Scooter,General,3,20119,EV,Automatic,4,630
SUV,General,6,68215,Petrol,Automatic,8,8700
Car,Major,10,118627,Petrol,Manual,15,16690
Bike,General,4,29615,Petrol,Manual,5,760
SUV,Major,8,113226,Petrol,Automatic,13,19240
Car,General,13,201988,Petrol,Manual,20,5930
Bike,General,1,7354,Petrol,Manual,1,970
Car,General,12,189461,Diesel,Manual,15,7810
Bike,Major,9,49035,Petrol,Manual,14,2170
Electric Bike,Major,0,560,EV,Automatic,0,1420
SUV,General,7,79419,Petrol,Manual,12,8740
Electric Scooter,General,2,11485,EV,Automatic,3,370
Electric Scooter,General,2,9583,EV,Automatic,3,710
Bike,Repair,5,50323,Petrol,Manual,7,2630
Car,General,6,88203,Petrol,Automatic,10,4920
Car,Major,14,146956,Petrol,Manual,20,19420
Bike,General,9,50230,Petrol,Manual,14,760
SUV,General,4,64958,Diesel,Manual,5,6350
Bike,Major,4,25259,Petrol,Manual,6,1650
Bike,General,10,75528,Petrol,Manual,13,1310
Car,General,5,63930,Petrol,Manual,8,4450
Bike,General,5,37606,Petrol,Manual,7,1160
Car,Major,10,154988,Petrol,Manual,13,17970
Car,Major,6,51216,Diesel,Manual,10,16570
Car,General,0,3138,Petrol,Manual,0,5070
Car,General,5,59141,Petrol,Manual,7,3230
Car,Major,4,51593,Petrol,Manual,6,10180
SUV,Repair,10,135325,Diesel,Manual,18,37760
Car,General,5,68836,Petrol,Manual,6,3320
Electric Scooter,General,2,16320,EV,Automatic,3,420
Car,General,7,87908,Diesel,Automatic,11,5780
SUV,General,2,38460,Diesel,Automatic,2,7690
Bike,General,5,40936,Petrol,Manual,7,840
Car,General,5,73975,Diesel,Automatic,8,6290
Electric Scooter,General,1,7269,EV,Automatic,1,520
Bike,General,3,19354,Petrol,Manual,5,1000
SUV,Repair,7,130089,Petrol,Manual,12,29410
SUV,Repair,8,89614,Petrol,Automatic,13,27630
Car,Repair,12,167025,EV,Automatic,21,22850
SUV,General,6,87678,Diesel,Manual,8,9620
Car,Major,10,151978,EV,Automatic,13,10630
Scooty,General,8,34778,Petrol,Automatic,12,990
SUV,Major,8,156633,Diesel,Automatic,15,26290
Scooty,Major,2,10632,Petrol,Automatic,2,1160
Car,General,4,43685,Petrol,Automatic,6,4310
Electric Scooter,General,2,16187,EV,Automatic,3,470
Electric Scooter,General,0,500,EV,Automatic,0,760
Car,Repair,10,88678,Petrol,Manual,17,12900
SUV,Major,7,132107,Hybrid,Manual,12,20820
SUV,General,3,49610,Diesel,Automatic,4,7650
Bike,Major,3,19663,Petrol,Manual,5,2670
SUV,Major,8,115840,Petrol,Automatic,11,26690
Car,Repair,13,160529,Hybrid,Manual,20,28820
SUV,Repair,1,15835,Petrol,Automatic,1,18090
Car,General,9,103136,Petrol,Manual,11,4220
Scooty,General,7,33077,Petrol,Automatic,9,510
Scooty,General,5,31603,Petrol,Automatic,8,530
Electric Scooter,General,1,6843,EV,Automatic,1,490
SUV,General,2,22135,Hybrid,Automatic,2,7650
Car,General,2,34152,Diesel,Manual,3,4240
SUV,General,7,84833,Diesel,Manual,10,9270
Bike,Repair,3,25631,Petrol,Manual,5,2610
SUV,Repair,2,31993,Diesel,Automatic,2,19850
Bike,Repair,8,71882,Petrol,Manual,14,5390
SUV,General,6,88403,Diesel,Automatic,10,11980
Electric Bike,Repair,3,19020,EV,Automatic,5,1530
Car,General,9,78552,Hybrid,Manual,11,6160
Car,General,2,21362,Petrol,Manual,3,3800
Car,Repair,12,183023,Diesel,Automatic,16,24980
Car,Major,4,43458,Diesel,Manual,4,9890
Car,Major,4,58887,Hybrid,Manual,6,12860
Car,General,9,108307,Petrol,Automatic,11,6060
Car,General,10,94826,Diesel,Automatic,18,6540
SUV,General,1,11447,Diesel,Automatic,1,9810
SUV,Major,11,136998,Petrol,Automatic,17,33550
Scooty,Major,5,19983,Petrol,Automatic,8,2370
Bike,General,8,41746,Petrol,Manual,15,940
Bike,General,6,51487,Petrol,Manual,11,1110
Car,Major,5,47539,Petrol,Automatic,9,13370
Car,General,8,105206,EV,Automatic,10,4260
Electric Scooter,Major,0,1958,EV,Automatic,0,1560
Car,General,6,69525,Diesel,Automatic,7,6000
Car,Major,8,76953,Petrol,Automatic,10,17300
SUV,Repair,0,5088,Hybrid,Manual,0,16410
Car,General,7,67535,Diesel,Manual,9,4900
Car,General,13,114874,Diesel,Automatic,23,7320
SUV,Major,3,35306,Petrol,Manual,5,18940
Scooty,General,8,36110,Petrol,Automatic,12,490
Car,General,5,67001,Hybrid,Automatic,9,5300
SUV,General,9,149052,Petrol,Automatic,15,8820
Car,General,10,105405,Diesel,Automatic,12,7400
Scooty,Major,8,33799,Petrol,Automatic,13,1400
Scooty,Major,3,17263,Petrol,Automatic,3,1830
Car,General,5,80674,Petrol,Manual,6,5190
Car,General,4,59122,Petrol,Manual,5,3250
Car,General,2,23892,Diesel,Automatic,3,6710
Car,General,8,98935,Hybrid,Automatic,12,6190
Bike,Major,1,7998,Petrol,Manual,1,1900
Car,General,10,123529,Petrol,Manual,17,4640
Car,General,1,13685,Petrol,Manual,1,3670
Scooty,Repair,4,18161,Petrol,Automatic,7,1550
Car,General,12,123876,Diesel,Manual,19,7420
Electric Scooter,General,1,7052,EV,Automatic,1,740
Car,General,4,58082,Petrol,Manual,6,4110
Electric Bike,General,1,6584,EV,Automatic,1,410
SUV,General,3,53016,Diesel,Manual,5,7910
Car,Repair,4,44757,Petrol,Automatic,5,11650
SUV,General,3,40759,Petrol,Manual,5,5920
Electric Scooter,General,3,16771,EV,Automatic,4,450
Bike,Major,12,62594,Petrol,Manual,22,3190
Car,General,5,80804,Petrol,Automatic,9,6130
Electric Scooter,Major,3,21111,EV,Automatic,5,1080
Scooty,General,4,16957,Petrol,Automatic,6,670
Scooty,Major,4,18194,Petrol,Automatic,7,2320
SUV,Repair,8,114341,EV,Automatic,11,20010
Bike,General,4,27256,Petrol,Manual,6,770
SUV,General,4,64938,Hybrid,Automatic,6,9900
Car,Major,13,162057,Petrol,Manual,24,18100
Scooty,General,1,4437,Petrol,Automatic,1,610
Scooty,General,10,46561,Petrol,Automatic,18,540
Car,General,8,93552,Diesel,Manual,10,4680
Electric Scooter,General,1,4328,EV,Automatic,1,460
Car,General,1,17700,Diesel,Manual,1,4750
Car,General,0,800,Petrol,Manual,0,3650
Car,General,1,10726,Petrol,Automatic,1,4460
Bike,General,6,57529,Petrol,Manual,10,1040
Car,Repair,8,112333,EV,Automatic,10,17210
Car,General,3,31523,Petrol,Automatic,4,6090
Scooty,General,6,41387,Petrol,Automatic,10,800
Car,General,10,108393,Petrol,Automatic,18,6940
Bike,Major,4,40344,Petrol,Manual,6,2650
Scooty,General,4,23409,Petrol,Automatic,5,530
SUV,Major,14,172312,Petrol,Automatic,24,26080
Bike,General,6,51672,Petrol,Manual,9,980
Car,Repair,8,87563,Diesel,Manual,12,20900
Bike,General,6,58832,Petrol,Automatic,11,910
Bike,Major,11,92328,Petrol,Manual,13,2970
Electric Bike,Repair,0,500,EV,Automatic,0,1560
Car,General,5,60601,Petrol,Automatic,8,5580
Car,Major,1,10503,Petrol,Automatic,1,12910
Car,General,2,30582,Hybrid,Manual,3,3830
SUV,Repair,10,168022,Petrol,Manual,16,38690
Electric Scooter,General,1,7941,EV,Automatic,1,380
Bike,Major,6,59668,Petrol,Manual,10,2980
Bike,Major,2,18237,Petrol,Manual,3,2890
Scooty,General,3,21364,Petrol,Automatic,5,670
SUV,Major,5,91119,Diesel,Automatic,7,20820
Scooty,Repair,5,24019,Petrol,Automatic,7,2730
Scooty,Repair,4,27574,Petrol,Automatic,5,2440
Car,Major,6,82232,Petrol,Manual,11,14840
SUV,General,9,93839,Diesel,Automatic,15,8320
Bike,Major,2,13379,Petrol,Manual,2,2840
SUV,General,10,187885,Petrol,Automatic,14,8910
Scooty,Repair,3,14256,Petrol,Automatic,4,1230
Car,General,5,53464,Petrol,Manual,9,3730
Bike,Major,0,2931,Petrol,Manual,0,1400
Car,General,12,141961,Petrol,Manual,19,5440
Car,General,3,42177,Hybrid,Manual,3,4990
Bike,General,4,24169,Petrol,Manual,7,740
Car,Major,5,58155,Petrol,Manual,8,9180
SUV,General,9,164320,EV,Automatic,16,6970
Car,Repair,9,85089,Diesel,Manual,17,23760
Scooty,General,10,61054,Petrol,Automatic,18,530
Car,Repair,5,75391,Diesel,Manual,7,16860
Electric Bike,General,4,21285,EV,Automatic,7,730
Bike,General,6,48566,Petrol,Manual,10,820
Scooty,General,7,33485,Petrol,Automatic,13,620
Car,Repair,6,85481,Petrol,Manual,8,13890
Bike,General,11,92444,Petrol,Manual,18,1200
Electric Bike,Major,2,12366,EV,Automatic,2,1740
SUV,General,9,178276,Diesel,Automatic,15,8940
Electric Scooter,Major,2,10630,EV,Automatic,3,1070
Car,Repair,10,112726,Diesel,Manual,15,29150
Car,Major,8,113315,Petrol,Manual,10,16050
Bike,General,3,28178,Petrol,Manual,3,910
Car,General,2,15679,EV,Automatic,3,3380
Car,Repair,5,69047,Petrol,Automatic,7,16820
Car,Major,7,76622,Petrol,Manual,9,12460
Bike,General,5,35532,Petrol,Manual,9,870
Car,General,1,14292,Petrol,Manual,1,5190
SUV,General,11,197413,Diesel,Manual,16,12570
Scooty,Repair,6,24768,Petrol,Automatic,11,2190
SUV,Major,2,33038,Petrol,Automatic,3,17080
SUV,General,8,147758,Diesel,Automatic,9,9120
Bike,General,7,55644,Petrol,Manual,13,720
SUV,General,6,76524,Petrol,Manual,11,5410
Car,Major,12,168428,Diesel,Manual,21,21100
SUV,Major,7,108419,Diesel,Automatic,12,31020
SUV,General,1,18192,Diesel,Automatic,1,10150
SUV,General,11,129051,Diesel,Automatic,16,11000
Car,Major,5,65329,Petrol,Manual,7,12220
Electric Scooter,Repair,1,8920,EV,Automatic,1,1490
Car,Repair,7,86097,Diesel,Manual,10,14610
Scooty,General,4,23410,Petrol,Automatic,4,520
SUV,General,8,112215,Petrol,Automatic,14,8600
Electric Bike,General,4,32386,EV,Automatic,7,900
Car,General,5,76154,Diesel,Automatic,8,7120
Car,General,2,32310,Diesel,Automatic,2,5050
Bike,Major,8,75270,Petrol,Manual,11,3530
SUV,General,2,28428,Diesel,Manual,3,6900
SUV,General,6,104126,Diesel,Automatic,11,11020
Car,Major,10,101747,Petrol,Manual,12,12690
Car,Repair,14,123540,Hybrid,Manual,26,23160
Car,Repair,5,58367,Hybrid,Automatic,8,20390
SUV,Major,9,146973,Diesel,Automatic,17,26410
Bike,Major,4,31163,Petrol,Manual,7,1900
SUV,Repair,6,109808,Petrol,Automatic,10,28540
Scooty,Major,6,27214,Petrol,Automatic,10,2150
SUV,Major,7,116140,Petrol,Automatic,10,20520
SUV,Repair,5,86907,Diesel,Automatic,7,24280
Car,Major,4,65712,Diesel,Manual,5,16260
Scooty,Major,6,33132,Petrol,Automatic,7,2460
Scooty,Major,6,41887,Petrol,Automatic,11,1550
Scooty,General,11,75875,Petrol,Automatic,13,500
Electric Scooter,General,2,9913,EV,Automatic,2,360
Car,General,4,64341,Petrol,Automatic,5,4470
Bike,Repair,2,19538,Petrol,Manual,3,3130
Scooty,Major,1,5136,Petrol,Automatic,1,1660
SUV,Major,4,76320,Petrol,Manual,5,16920
SUV,General,2,29133,Diesel,Automatic,2,9150
SUV,General,6,66067,Diesel,Automatic,8,12470
Bike,General,10,82154,Petrol,Manual,19,720
Electric Scooter,Repair,2,15250,EV,Automatic,2,1120
SUV,Major,3,46797,Diesel,Manual,5,15940
SUV,General,9,114071,EV,Automatic,11,6170
Car,General,12,182117,Diesel,Manual,21,6140
Bike,Major,7,54447,Petrol,Manual,13,3370
Car,General,3,27134,Diesel,Manual,4,5080
SUV,Major,4,79272,Petrol,Automatic,7,19280
SUV,Major,9,142682,Hybrid,Automatic,16,30610
Bike,Major,2,14932,Petrol,Manual,3,1500
Bike,Major,3,17994,Petrol,Automatic,4,2690
Electric Bike,General,2,16198,EV,Automatic,3,520
SUV,General,11,194469,Hybrid,Manual,17,8440
Electric Bike,General,1,8044,EV,Automatic,1,580
Bike,Repair,3,22664,Petrol,Automatic,4,1590
Bike,Major,3,20732,Petrol,Manual,4,2810
Scooty,General,3,18190,Petrol,Automatic,5,770
Scooty,General,6,26968,Petrol,Automatic,7,990
Bike,General,9,65763,Petrol,Manual,17,840
Car,General,4,34774,Petrol,Manual,6,4190
SUV,General,1,14733,Petrol,Automatic,1,9230
Electric Scooter,Major,2,11051,EV,Automatic,2,1110
SUV,Major,7,118075,Diesel,Manual,11,26470
Car,Major,7,65139,Diesel,Manual,11,15780
SUV,General,7,88120,Diesel,Manual,13,11690
Electric Scooter,General,1,7371,EV,Automatic,1,510
Car,Major,3,27793,Petrol,Manual,3,7920
Bike,General,3,16525,Petrol,Manual,5,710
Car,General,7,97860,Diesel,Manual,10,4200
Car,Repair,7,77999,EV,Automatic,8,14350
Scooty,Repair,6,28497,Petrol,Automatic,11,2510
Electric Scooter,Major,4,22287,EV,Automatic,7,1120
SUV,General,3,61713,Petrol,Automatic,4,6390
SUV,General,4,75030,Diesel,Manual,5,7880
Scooty,Major,4,30632,Petrol,Automatic,5,1240
Car,Major,13,109775,Diesel,Manual,21,16210
Bike,General,6,54442,Petrol,Manual,9,700
SUV,General,4,46936,Petrol,Manual,6,5590
Car,Major,3,36038,Diesel,Manual,4,14380
Car,General,4,58667,Petrol,Automatic,5,5540
SUV,General,1,16563,Hybrid,Automatic,1,7990
SUV,Major,6,107158,Petrol,Automatic,7,16850
Electric Scooter,Repair,3,15326,EV,Automatic,5,1220
SUV,Repair,10,199951,Diesel,Automatic,13,41050
SUV,Major,6,77306,Diesel,Manual,9,29860
Scooty,General,0,500,Petrol,Automatic,0,930
Bike,Major,2,13914,Petrol,Manual,3,1360
Bike,Major,11,65746,Petrol,Manual,19,3370
Car,General,6,91903,Diesel,Manual,7,6930
Electric Scooter,Repair,3,18979,EV,Automatic,4,1740
SUV,Major,3,51451,Petrol,Automatic,4,16470
Scooty,General,7,30903,Petrol,Automatic,12,980
Scooty,General,6,35439,Petrol,Automatic,8,670
Car,General,5,67480,EV,Automatic,9,3150
Car,Repair,12,184150,Petrol,Automatic,16,21450
Scooty,Repair,6,38548,Petrol,Automatic,10,1630
Electric Bike,Repair,1,6935,EV,Automatic,1,1170
SUV,General,11,218187,Diesel,Automatic,14,9060
Car,Repair,7,64777,Petrol,Manual,13,16000
Car,Major,6,76244,Petrol,Automatic,7,16630
Scooty,General,2,11584,Petrol,Automatic,3,880
SUV,Major,12,175017,Diesel,Automatic,16,30170
SUV,General,3,31172,Diesel,Manual,3,7770
Car,General,11,134681,Petrol,Automatic,18,4960
Electric Bike,General,1,7771,EV,Automatic,1,440
Car,General,6,77135,EV,Automatic,9,4740
Bike,General,10,65504,Petrol,Manual,13,940
Electric Bike,Major,4,25150,EV,Automatic,4,2270
Car,General,5,55293,Petrol,Manual,6,4590
Car,Major,3,41090,Petrol,Manual,3,8660
Car,Major,5,45101,Petrol,Manual,7,11430
Car,Major,7,60357,Petrol,Manual,9,13330
SUV,General,7,103203,Diesel,Manual,13,10260
Electric Scooter,Major,2,14782,EV,Automatic,3,1290
Bike,General,5,32954,Petrol,Automatic,7,850
Car,General,8,101831,Diesel,Manual,9,7310
Bike,Major,7,53693,Petrol,Manual,10,3460
Scooty,General,2,14180,Petrol,Automatic,2,700
SUV,Repair,3,56197,Diesel,Manual,4,20300
Bike,Major,2,15787,Petrol,Manual,3,1360
SUV,General,7,81286,Diesel,Manual,10,9940
Scooty,Major,4,26203,Petrol,Automatic,5,1190
Scooty,Major,4,20121,Petrol,Automatic,7,1340
Car,General,8,130140,Petrol,Manual,9,3570
Scooty,General,6,41378,Petrol,Automatic,7,640
SUV,General,8,103504,EV,Automatic,12,5690
SUV,Major,11,131085,Petrol,Automatic,18,32210
Scooty,Major,4,33031,Petrol,Automatic,4,2110
Bike,Major,1,3528,Petrol,Manual,1,1780
SUV,Major,3,52454,Diesel,Manual,3,23900
Car,Repair,5,82091,Petrol,Automatic,8,13380
Electric Bike,Repair,3,26945,EV,Automatic,4,1990
Bike,Repair,11,97908,Petrol,Manual,20,3100
Car,Major,6,58752,Petrol,Manual,8,9250
Scooty,Repair,2,13051,Petrol,Automatic,3,1200
SUV,Repair,12,134269,Petrol,Manual,15,37880
Bike,Major,11,100566,Petrol,Manual,18,3910
Scooty,General,4,21745,Petrol,Automatic,7,550
SUV,Major,5,100534,Petrol,Manual,6,20120
Car,General,6,57742,Diesel,Automatic,7,7060
Bike,General,3,25338,Petrol,Manual,3,850
Bike,General,9,50376,Petrol,Manual,16,1250
Bike,Major,8,55074,Petrol,Manual,12,3140
Scooty,Repair,2,12790,Petrol,Automatic,2,1800
Car,Major,3,38536,Diesel,Manual,4,13650
Bike,Major,6,40854,Petrol,Automatic,10,2550
SUV,Major,3,58260,EV,Automatic,4,13570
Scooty,Major,7,37885,Petrol,Automatic,10,1450
Scooty,Repair,1,7144,Petrol,Automatic,1,1810
Car,General,2,18916,Petrol,Manual,2,4420
Scooty,General,4,15795,Petrol,Automatic,5,670
Car,Major,10,81968,Diesel,Manual,16,19530
Bike,Major,4,32981,Petrol,Manual,7,2950
Bike,General,1,8570,Petrol,Manual,1,770
Bike,General,3,28417,Petrol,Manual,4,1120
Car,General,14,172390,Diesel,Manual,21,7640
Car,Major,3,28875,Petrol,Automatic,5,13360
SUV,Major,7,106359,Hybrid,Manual,12,20980
SUV,Major,9,152680,Diesel,Automatic,16,34630
Car,Major,9,69939,Petrol,Automatic,13,14020
SUV,General,13,258698,Diesel,Manual,18,7670
SUV,Repair,5,60083,Diesel,Manual,6,20680
SUV,Major,3,57740,Diesel,Automatic,3,19580
Car,General,6,62258,EV,Automatic,11,3840
Car,General,9,106714,Diesel,Manual,11,6490
Car,General,10,101899,Diesel,Automatic,13,5970
Car,Major,12,130857,Diesel,Automatic,16,20090
Bike,General,8,66340,Petrol,Manual,11,1170
Car,General,6,66736,Petrol,Manual,7,5090
Car,General,2,29585,Hybrid,Automatic,3,5270
SUV,General,4,80885,Petrol,Manual,5,7280
Bike,Major,4,21503,Petrol,Manual,7,2140
Bike,Major,5,43320,Petrol,Manual,6,2680
SUV,General,7,94376,Petrol,Manual,11,9270
Bike,Major,4,24564,Petrol,Manual,5,2390
SUV,General,10,172260,Petrol,Manual,16,7120
Bike,General,4,20132,Petrol,Manual,7,1040
SUV,Repair,11,149934,Diesel,Automatic,15,38940
Car,Major,9,109975,Diesel,Automatic,13,14870
SUV,General,10,156998,Diesel,Manual,15,8390
Scooty,General,8,33308,Petrol,Automatic,13,630
SUV,General,4,53496,Diesel,Automatic,7,8320
Car,General,8,77950,Diesel,Manual,10,5300
Car,General,13,165702,Diesel,Manual,17,5790
Scooty,General,5,32055,Petrol,Automatic,6,630
Scooty,General,6,32127,Petrol,Automatic,9,790
Bike,Repair,5,43211,Petrol,Manual,6,2420
Car,General,5,65753,Petrol,Automatic,9,5770
Bike,General,9,72035,Petrol,Manual,13,910
SUV,General,4,51552,Petrol,Manual,5,7990
Bike,Major,6,52972,Petrol,Manual,10,1780
SUV,General,9,95615,Diesel,Automatic,14,9860
Car,Repair,8,107183,Petrol,Automatic,15,17160
Car,General,2,26623,EV,Automatic,3,2610
SUV,General,6,108164,Diesel,Automatic,8,10540
Scooty,Repair,7,33805,Petrol,Automatic,12,2260
Car,Major,7,65421,Hybrid,Manual,10,14680
Bike,Major,7,34276,Petrol,Manual,9,3290
SUV,General,9,175752,Diesel,Automatic,17,11860
Car,Major,4,54244,Petrol,Automatic,5,16500
Electric Scooter,Major,2,9063,EV,Automatic,2,1830
Scooty,General,5,24149,Petrol,Automatic,9,650
Electric Bike,Major,3,23634,EV,Automatic,4,1400
Bike,General,3,32624,Petrol,Manual,5,1160
Electric Scooter,Repair,2,10907,EV,Automatic,3,1090
SUV,Repair,2,38207,Petrol,Manual,2,13140
SUV,Major,9,162082,Diesel,Automatic,12,28520
Car,Major,6,96689,Petrol,Manual,10,12540
Electric Scooter,Major,3,16761,EV,Automatic,4,1100
SUV,General,1,11638,Petrol,Manual,1,7760
Car,Major,8,114510,Hybrid,Automatic,11,18200
Bike,Repair,9,72779,Petrol,Manual,11,3220
Car,General,7,66748,Diesel,Manual,13,5790
Bike,Repair,2,19723,Petrol,Manual,3,2340
Car,Major,7,80336,Hybrid,Automatic,12,13160
Car,Major,4,46603,Petrol,Manual,6,8520
Scooty,Major,2,11691,Petrol,Automatic,3,1880
Car,Repair,7,77742,Petrol,Automatic,12,17170
Scooty,Repair,2,15382,Petrol,Automatic,3,1410
SUV,General,6,80079,Petrol,Manual,11,5310
Car,General,1,11971,Diesel,Automatic,1,5280
Bike,General,5,41006,Petrol,Manual,6,1120
Scooty,General,9,40059,Petrol,Automatic,13,780
Car,General,11,103181,Petrol,Automatic,21,5690
Bike,General,7,55443,Petrol,Manual,13,680
Bike,General,5,37790,Petrol,Manual,8,880
Car,Major,8,118325,Petrol,Manual,12,11580
SUV,General,7,107402,Diesel,Manual,8,7310
Car,Major,7,94625,Petrol,Automatic,11,12390
Car,Repair,7,55725,Diesel,Manual,11,16250
Car,Major,4,67613,Petrol,Automatic,6,13250
Electric Scooter,General,1,3461,EV,Automatic,1,450
SUV,General,4,45073,Diesel,Automatic,5,10050
SUV,Major,3,51983,Diesel,Manual,4,24170
Scooty,General,8,56913,Petrol,Automatic,12,790
Car,General,9,138139,Petrol,Manual,11,4960
Car,Repair,1,18065,Petrol,Automatic,1,10050
Bike,General,6,43981,Petrol,Manual,11,880
SUV,Repair,2,26912,Petrol,Manual,3,11940
Car,General,5,45803,Petrol,Manual,9,4680
Car,Repair,4,52490,Petrol,Automatic,6,15430
SUV,Major,8,129761,Diesel,Automatic,12,22240
Bike,Repair,0,500,Petrol,Manual,0,1430
Bike,General,6,37656,Petrol,Manual,10,1210
SUV,Major,2,41453,Diesel,Manual,3,18550
Scooty,General,7,31593,Petrol,Automatic,9,880
SUV,General,8,87767,Hybrid,Manual,10,9210
Car,Major,10,155296,Diesel,Manual,18,21460
Electric Bike,Major,3,23545,EV,Automatic,4,1990
Scooty,General,8,44454,Petrol,Automatic,15,1060
Car,Major,7,62378,Petrol,Automatic,13,18970
Car,General,5,62580,Hybrid,Manual,9,5930
Car,General,5,51155,Petrol,Automatic,9,4920
Car,General,4,50516,Diesel,Automatic,5,7110
Bike,Major,7,68108,Petrol,Manual,12,2920
Car,Major,10,104741,Hybrid,Automatic,14,21120
SUV,Repair,3,29070,Petrol,Manual,3,19100
Car,General,8,88285,Petrol,Automatic,9,4640
Car,General,5,83130,Petrol,Manual,6,5350
Bike,General,7,51730,Petrol,Manual,10,930
Car,General,3,37225,Diesel,Automatic,4,6730
Scooty,General,5,20183,Petrol,Automatic,8,930
SUV,General,6,83139,Petrol,Automatic,8,6110
Electric Bike,General,1,5487,EV,Automatic,1,500
Bike,General,7,59928,Petrol,Manual,13,700
SUV,General,7,129995,Petrol,Automatic,10,6530
Bike,General,5,37143,Petrol,Manual,7,1030
Car,Repair,3,34441,Petrol,Automatic,3,11610
SUV,General,8,99563,Petrol,Manual,13,6860
Car,General,8,101440,Hybrid,Manual,13,6250
Bike,General,4,28217,Petrol,Manual,6,750
Bike,General,6,47032,Petrol,Automatic,8,650
Bike,Repair,2,13799,Petrol,Manual,3,2090
Car,Major,7,75705,Petrol,Manual,12,11860
Car,Repair,13,178314,Petrol,Manual,15,18220
Car,General,13,198328,Petrol,Manual,25,6040
Car,General,6,54125,Petrol,Automatic,10,4400
Scooty,General,2,14003,Petrol,Automatic,3,870
SUV,Repair,10,130637,Petrol,Automatic,19,39650
Bike,General,6,32822,Petrol,Manual,10,750
Car,Repair,2,19135,Hybrid,Manual,3,10980
SUV,Major,8,108788,Diesel,Automatic,10,28960
Car,General,4,42702,Petrol,Manual,7,4930
SUV,General,11,120904,Petrol,Automatic,20,9870
SUV,General,7,114906,Petrol,Automatic,13,8560
Car,General,7,116355,EV,Automatic,9,4340
SUV,Major,4,63903,Petrol,Automatic,5,17460
SUV,General,4,77209,Hybrid,Automatic,5,8220
Scooty,General,7,33940,Petrol,Automatic,9,520
Car,General,6,49468,Petrol,Automatic,8,4810
SUV,General,6,66049,Diesel,Automatic,11,10710
Scooty,General,7,38753,Petrol,Automatic,12,560
SUV,General,7,122492,Diesel,Automatic,8,8210
Bike,General,7,46566,Petrol,Automatic,9,1240
Car,Major,12,186982,Petrol,Manual,14,15780
SUV,Major,0,1000,Petrol,Manual,0,12410
Car,General,5,49581,Diesel,Manual,8,6070
Bike,General,8,74476,Petrol,Manual,13,1240
Car,Repair,10,100426,Hybrid,Automatic,16,20780
Electric Bike,General,4,28670,EV,Automatic,5,750
SUV,General,6,100635,Diesel,Automatic,11,10070
Car,General,3,32606,Diesel,Manual,5,4830
Car,Repair,6,80849,Petrol,Automatic,7,18680
SUV,General,13,212595,Diesel,Manual,19,11880
Car,General,10,151238,Hybrid,Manual,15,5120
Scooty,General,7,29299,Petrol,Automatic,12,870
Car,Repair,4,59005,Petrol,Manual,7,9430
Car,Major,11,97022,Petrol,Manual,19,10960
SUV,Major,6,58681,Diesel,Manual,7,24000
Electric Scooter,General,2,16120,EV,Automatic,3,690
Scooty,General,5,29050,Petrol,Automatic,8,480
Car,General,11,148418,Diesel,Manual,14,7260
SUV,General,4,58744,Diesel,Manual,6,8240
SUV,General,7,105577,Petrol,Manual,13,7890
Scooty,Major,5,22248,Petrol,Automatic,7,1880
Car,General,2,31414,Petrol,Manual,3,4660
Car,Major,10,87081,Diesel,Manual,18,22390
SUV,Major,4,42243,Petrol,Manual,5,20170
SUV,Major,6,85605,Diesel,Automatic,9,27920
Car,Major,4,38260,Diesel,Manual,5,11010
Bike,Major,7,44070,Petrol,Manual,9,3420
SUV,Major,2,27211,Petrol,Manual,3,15250
Electric Bike,General,3,16926,EV,Automatic,4,780
Scooty,Major,0,2325,Petrol,Automatic,0,980
SUV,General,4,61463,EV,Automatic,7,4530
Car,General,1,12978,Petrol,Manual,1,4090
Car,Major,5,41828,Petrol,Automatic,8,10900
Car,General,5,44641,Diesel,Automatic,8,7760
Car,General,4,45644,Petrol,Automatic,4,5340
SUV,Repair,3,37394,Diesel,Automatic,5,23570
SUV,Repair,2,30394,EV,Automatic,2,17160
Car,Major,3,47276,Petrol,Automatic,4,14600
Scooty,Major,13,63749,Petrol,Automatic,25,3250
Car,General,7,73235,EV,Automatic,12,4530
Car,Repair,6,57112,Petrol,Manual,10,10140
SUV,Major,3,34744,Diesel,Manual,4,24000
Electric Bike,Repair,1,10140,EV,Automatic,1,1610
Car,Repair,7,90825,Petrol,Manual,9,15340
Car,Major,4,57972,Petrol,Manual,7,11070
SUV,Major,3,51763,EV,Automatic,5,13020
Car,Repair,1,15592,Petrol,Manual,1,10100
Electric Scooter,Major,2,10696,EV,Automatic,3,1040
Electric Bike,Repair,2,11856,EV,Automatic,3,2040
Car,Repair,8,124810,Petrol,Automatic,10,18430
SUV,Repair,8,100466,EV,Automatic,12,23420
Car,Repair,6,95129,Diesel,Manual,11,15050
Scooty,Major,2,14635,Petrol,Automatic,2,2250
Bike,Major,8,54945,Petrol,Automatic,14,2850
SUV,General,3,49679,Diesel,Manual,5,10190
Car,Repair,7,54513,Diesel,Manual,9,14710
Car,General,2,28332,Diesel,Automatic,3,6190
Bike,Major,0,500,Petrol,Automatic,0,1350
Scooty,Major,10,77605,Petrol,Automatic,14,1540
Scooty,General,3,19352,Petrol,Automatic,5,920
Car,General,5,77641,Petrol,Manual,7,4260
SUV,Major,5,81500,Hybrid,Manual,6,17940
Bike,Repair,7,59533,Petrol,Manual,10,3540
Electric Scooter,Major,2,12568,EV,Automatic,3,1590
Car,General,7,107340,Petrol,Manual,13,4230
Car,General,12,180383,Petrol,Manual,21,4470
Scooty,General,6,37443,Petrol,Automatic,11,800
Car,General,7,83239,Diesel,Manual,12,7170
Electric Bike,General,2,10771,EV,Automatic,3,600
SUV,General,5,79881,Diesel,Automatic,6,9730
SUV,Repair,7,72215,Diesel,Manual,10,36540
Scooty,Repair,7,32139,Petrol,Automatic,12,2910
Bike,General,14,91137,Petrol,Manual,26,980
SUV,Major,5,76669,Petrol,Automatic,6,25980
SUV,Major,3,58770,Diesel,Automatic,4,18110
Car,Major,10,150405,Hybrid,Automatic,14,18140
Electric Bike,Major,0,1333,EV,Automatic,0,1910
SUV,General,5,78892,Diesel,Automatic,6,10540
Car,Major,6,86939,Diesel,Automatic,7,16270
SUV,General,7,123029,Diesel,Manual,8,11070
Electric Bike,General,3,21091,EV,Automatic,4,600
Car,Major,4,56554,Petrol,Automatic,7,16270
SUV,General,5,92608,Petrol,Manual,8,7440
Bike,General,3,25471,Petrol,Manual,4,1100
SUV,General,10,159896,Petrol,Automatic,16,9810
Scooty,General,10,56864,Petrol,Automatic,14,960
Car,Repair,11,117932,Diesel,Manual,17,29470
Car,Major,4,56619,Diesel,Manual,7,16530
SUV,Repair,10,121089,Hybrid,Automatic,18,41620
Car,General,1,8994,Petrol,Manual,1,4790
Electric Bike,Repair,1,7874,EV,Automatic,1,1610
Car,Repair,6,63288,Hybrid,Automatic,9,15250
Car,General,6,89163,Petrol,Manual,10,4560
SUV,General,3,50724,Petrol,Manual,4,8190
Electric Scooter,General,3,18801,EV,Automatic,5,430
Car,Major,7,105686,Diesel,Automatic,9,13660
Car,Major,7,80017,EV,Automatic,11,11600
Bike,General,3,27307,Petrol,Manual,4,850
Bike,General,3,27099,Petrol,Manual,5,800
Scooty,Major,12,62580,Petrol,Automatic,20,2010
Car,General,9,75671,EV,Automatic,11,5330
Car,General,10,153158,Diesel,Automatic,18,6950
Scooty,General,9,61118,Petrol,Automatic,16,650
Car,General,11,147345,Petrol,Automatic,18,7270
Car,Major,7,115781,Hybrid,Automatic,9,14810
Car,Repair,0,3383,EV,Automatic,0,7510
Car,General,6,95529,Petrol,Manual,8,5210
SUV,Major,3,34451,Diesel,Automatic,3,19910
Scooty,General,8,50427,Petrol,Automatic,15,870
Bike,Major,2,16264,Petrol,Automatic,2,1430
Scooty,General,11,53779,Petrol,Automatic,19,810
Bike,Repair,9,87749,Petrol,Manual,15,3700
Scooty,General,1,7652,Petrol,Automatic,1,770
Bike,General,9,56999,Petrol,Manual,12,1050
SUV,General,5,77776,Hybrid,Automatic,9,7620
Bike,Major,2,12402,Petrol,Manual,3,2780
Car,Repair,4,44996,Petrol,Manual,5,14130
Electric Scooter,General,3,14262,EV,Automatic,4,700
SUV,General,6,88369,Diesel,Manual,8,9150
Scooty,General,7,55331,Petrol,Automatic,13,800
SUV,General,1,14621,Diesel,Automatic,1,8120
Electric Scooter,General,2,11165,EV,Automatic,2,410
SUV,General,8,84566,EV,Automatic,15,6930
Electric Bike,Major,3,19618,EV,Automatic,4,1450
SUV,Major,7,114311,Diesel,Automatic,10,35210
Car,General,11,110389,Diesel,Manual,19,7590
Car,General,13,139376,Petrol,Manual,18,3930
Car,Major,3,35418,Petrol,Manual,5,10110
Scooty,Major,2,9610,Petrol,Automatic,3,1720
SUV,Repair,7,95968,Diesel,Automatic,13,39920
Car,Major,10,94792,Diesel,Automatic,15,13740
Scooty,Repair,4,27824,Petrol,Automatic,6,2420
SUV,Major,6,68182,Petrol,Automatic,11,27070
Electric Bike,Major,3,15863,EV,Automatic,4,1770
SUV,Major,3,39667,Diesel,Automatic,5,17050
Car,Repair,4,54625,Petrol,Automatic,5,13290
Car,Major,5,77102,Diesel,Automatic,6,14240
Electric Bike,General,3,15867,EV,Automatic,3,730
Car,Major,2,29992,Petrol,Automatic,2,11590
SUV,Major,4,64862,Diesel,Automatic,6,24960
Bike,General,1,7383,Petrol,Manual,1,730
SUV,General,5,83396,Hybrid,Manual,8,7960
Electric Scooter,Repair,3,20035,EV,Automatic,4,1080
Bike,General,2,18135,Petrol,Manual,3,970
Car,General,5,52296,Petrol,Automatic,7,5960
Car,Major,12,185830,Diesel,Manual,20,20640
Car,Repair,6,53750,Petrol,Manual,10,10470
Car,General,2,33064,Petrol,Manual,2,5040
Car,General,6,89303,Petrol,Manual,7,3280
Bike,Major,9,76247,Petrol,Manual,13,1990
SUV,General,3,49065,Petrol,Manual,4,8350
Bike,Major,5,40997,Petrol,Manual,6,3380
Electric Scooter,General,1,6461,EV,Automatic,1,410
Electric Bike,General,4,27124,EV,Automatic,5,710
Car,General,6,82252,Diesel,Automatic,7,7340
Car,Major,12,119498,Diesel,Manual,17,25280
Car,Repair,4,65951,EV,Automatic,6,11700
Electric Scooter,Major,1,8716,EV,Automatic,1,1160
Electric Scooter,General,0,1139,EV,Automatic,0,380
Car,Major,7,79256,Diesel,Manual,8,12790
SUV,General,0,1000,Diesel,Automatic,0,8030
Car,General,9,114838,Diesel,Manual,11,5700
SUV,Repair,10,120424,Diesel,Automatic,17,45590
SUV,Repair,10,127434,Diesel,Manual,14,43110
Scooty,General,6,40214,Petrol,Automatic,11,780
SUV,Repair,3,50457,Petrol,Automatic,5,23130
SUV,Repair,12,119785,Petrol,Manual,23,30570
Car,Major,9,121422,EV,Automatic,14,8840
SUV,General,9,165442,EV,Automatic,16,6280
SUV,Repair,7,77970,Diesel,Manual,12,32630
Car,General,11,154758,Petrol,Manual,13,4660
Scooty,General,5,41961,Petrol,Automatic,6,650
Car,General,7,59500,Hybrid,Manual,10,4050
Bike,Major,6,53944,Petrol,Automatic,9,1670
SUV,Repair,6,97953,Petrol,Automatic,7,21570
Car,General,8,96186,Petrol,Manual,11,4730
Bike,Repair,10,98581,Petrol,Automatic,13,5200
SUV,General,5,60875,Diesel,Manual,8,8690
Car,General,11,118291,Petrol,Manual,15,6440
Car,General,3,44143,Petrol,Manual,4,5550
Car,Repair,1,8254,Petrol,Manual,1,10110
Scooty,General,5,21074,Petrol,Automatic,9,840
Electric Scooter,General,0,500,EV,Automatic,0,500
Bike,Repair,7,49025,Petrol,Automatic,9,4040
SUV,General,4,83032,Diesel,Automatic,7,7960
SUV,Repair,2,37940,EV,Automatic,2,15050
Scooty,Major,9,60573,Petrol,Automatic,17,2330
Electric Bike,General,2,18098,EV,Automatic,3,790
Scooty,Repair,8,51040,Petrol,Automatic,10,2510
Scooty,General,3,22043,Petrol,Automatic,5,450
Car,Repair,2,22300,Hybrid,Manual,3,10290
SUV,General,2,34911,EV,Automatic,3,6140
Car,General,2,30772,EV,Automatic,2,3700
SUV,Major,2,18583,Diesel,Automatic,2,23130
Car,Major,4,41238,Petrol,Manual,5,9670
SUV,General,6,100168,Diesel,Automatic,9,7610
SUV,General,7,80346,Petrol,Manual,10,8180
SUV,General,4,62162,Diesel,Manual,7,7370
Scooty,General,2,9890,Petrol,Automatic,3,500
Scooty,General,4,17286,Petrol,Automatic,7,760
SUV,Major,4,68315,Petrol,Automatic,5,24320
SUV,Major,5,56410,Diesel,Automatic,8,27480
Car,General,5,62843,Diesel,Manual,8,6500
SUV,General,7,96727,Diesel,Automatic,9,11130
Car,General,7,80778,Diesel,Manual,13,6900
SUV,General,9,129859,Diesel,Manual,11,11620
Electric Bike,General,1,6219,EV,Automatic,1,740
Bike,Major,13,72456,Petrol,Manual,23,3750
Car,Major,2,34351,Diesel,Manual,2,9670
Bike,Major,8,59854,Petrol,Automatic,11,1840
Bike,Major,4,34460,Petrol,Manual,4,2870
Scooty,Repair,3,22523,Petrol,Automatic,4,1690
Car,General,6,63654,Diesel,Manual,8,6170
Electric Bike,General,1,8986,EV,Automatic,1,700
Car,General,5,74991,Hybrid,Automatic,6,5160
SUV,Major,9,139379,Diesel,Automatic,15,29250
Scooty,Major,6,26323,Petrol,Automatic,11,1440
Car,General,3,36491,Diesel,Manual,5,4320
SUV,Major,13,217392,Diesel,Automatic,16,30990
SUV,Repair,7,97561,Petrol,Automatic,11,25060
SUV,General,7,85986,Petrol,Automatic,9,7240
Bike,General,11,81794,Petrol,Manual,17,730
Car,Repair,6,78556,Diesel,Manual,7,17100
Electric Bike,Major,3,19875,EV,Automatic,5,1260
Bike,General,8,52611,Petrol,Manual,13,1020
SUV,General,9,148380,Diesel,Manual,15,10790
SUV,General,0,2805,EV,Automatic,0,5990
Bike,General,7,68009,Petrol,Manual,9,830
Car,Major,2,21827,Petrol,Manual,3,11540
Electric Scooter,General,4,31166,EV,Automatic,7,440
Car,General,5,78295,Diesel,Manual,8,4910
Electric Bike,Major,1,7470,EV,Automatic,1,1950
Bike,General,9,80347,Petrol,Manual,11,710
Scooty,General,9,41852,Petrol,Automatic,13,810
SUV,General,7,90892,Petrol,Automatic,11,8800
SUV,General,7,112053,EV,Automatic,12,5560
Car,General,7,77363,Petrol,Manual,12,5270
Car,General,9,86136,Diesel,Automatic,16,8140
SUV,Major,1,12481,Diesel,Manual,1,21020
Electric Bike,General,2,17906,EV,Automatic,2,570
Car,Major,1,16671,Petrol,Manual,1,10320
SUV,Major,4,65195,EV,Automatic,6,17450
SUV,General,1,15203,Hybrid,Manual,1,8780
Electric Bike,General,1,8147,EV,Automatic,1,530
Scooty,General,7,31866,Petrol,Automatic,10,800
Car,Major,6,62411,Diesel,Manual,11,11640
Car,General,3,30057,Diesel,Manual,4,3800
Car,General,8,124335,Diesel,Manual,14,4660
SUV,Major,10,160709,Petrol,Manual,13,24600
Electric Scooter,General,1,5775,EV,Automatic,1,610
SUV,Major,6,83602,Diesel,Automatic,10,28170
Bike,Major,12,84528,Petrol,Manual,21,2370
Scooty,General,6,27373,Petrol,Automatic,11,480
SUV,Major,1,17384,Petrol,Automatic,1,18920
Scooty,Major,10,76507,Petrol,Automatic,16,2710
Car,Major,14,178294,Diesel,Manual,27,16580
Bike,Major,1,9045,Petrol,Manual,1,2000
Bike,General,12,112379,Petrol,Manual,22,1400
Car,Repair,2,18766,Petrol,Automatic,2,9910
Electric Scooter,Major,1,9313,EV,Automatic,1,1690
Car,General,6,55929,Petrol,Manual,9,4290
SUV,Major,5,93377,Petrol,Automatic,6,25250
SUV,Major,10,160333,Diesel,Manual,14,22000
Car,Repair,9,94824,Hybrid,Manual,17,19500
SUV,General,2,27044,Petrol,Manual,2,5670
Car,Major,10,125036,Petrol,Automatic,15,16460
Car,Major,9,123186,Petrol,Manual,16,11140
SUV,Repair,6,90758,Petrol,Automatic,8,20340
Electric Scooter,Major,1,5901,EV,Automatic,1,1840
Scooty,General,3,25569,Petrol,Automatic,4,740
Car,Major,7,73410,Hybrid,Manual,10,11780
Scooty,Major,4,27736,Petrol,Automatic,6,1770
SUV,Major,5,62565,Petrol,Manual,9,19850
Car,Major,8,107683,Petrol,Manual,10,11010
Electric Scooter,General,0,500,EV,Automatic,0,540
SUV,Repair,7,128451,Petrol,Manual,9,23860
Car,Major,10,127018,Petrol,Manual,18,14360
Scooty,General,10,74125,Petrol,Automatic,18,700
Bike,Major,4,30086,Petrol,Manual,5,2080
Car,Repair,11,98057,EV,Automatic,18,16290
Car,General,6,80347,Diesel,Automatic,11,5610
Car,Major,2,17743,Petrol,Automatic,2,11980
Car,General,2,17932,Hybrid,Manual,2,5390
Car,General,2,23048,Diesel,Automatic,3,4880
Car,Major,6,47575,Diesel,Manual,8,18480
Car,Major,6,51254,Petrol,Automatic,10,14040
Car,General,13,197954,Hybrid,Manual,23,5690
Car,Repair,0,3492,Diesel,Automatic,0,13240
Bike,General,8,51639,Petrol,Manual,14,700
Electric Scooter,General,2,13641,EV,Automatic,2,450
Bike,General,4,28404,Petrol,Manual,7,940
Car,General,6,67357,Petrol,Manual,8,3660
Car,Repair,7,106653,Diesel,Manual,8,18880
Car,Repair,12,93745,Diesel,Manual,15,27160
Electric Scooter,General,2,14397,EV,Automatic,2,760
Scooty,General,2,15027,Petrol,Automatic,3,890
Car,General,6,58174,Petrol,Automatic,10,4790
Bike,Repair,7,64155,Petrol,Manual,13,3760
Car,General,8,110323,Diesel,Automatic,11,5490
Car,Repair,4,50364,Petrol,Automatic,5,12080
Car,Major,5,78958,Diesel,Manual,6,15760
Car,General,9,75340,EV,Automatic,17,4320
SUV,General,3,44258,Diesel,Manual,5,7290
Car,General,4,35984,Diesel,Automatic,6,6680
Car,General,9,97325,Diesel,Automatic,17,6050
Scooty,Repair,6,30370,Petrol,Automatic,7,2180
Electric Scooter,General,1,7092,EV,Automatic,1,850
Car,Major,7,112777,Diesel,Automatic,10,18440
SUV,General,9,128709,Hybrid,Automatic,11,9780
Bike,General,12,82180,Petrol,Manual,23,910
Car,General,5,77971,Petrol,Manual,9,2970
SUV,Major,7,82442,Diesel,Automatic,10,20020
SUV,Repair,9,100442,Diesel,Automatic,11,34780
Bike,General,2,14678,Petrol,Manual,2,920
Electric Scooter,General,1,7619,EV,Automatic,1,370
Bike,Repair,11,98487,Petrol,Manual,13,5920
Car,Repair,2,30879,EV,Automatic,3,10580
Scooty,Repair,6,33345,Petrol,Automatic,10,2750
Car,General,11,99374,Petrol,Manual,15,6090
Car,General,8,118268,Petrol,Manual,12,5670
Scooty,General,5,24119,Petrol,Automatic,9,680
Bike,Repair,6,41036,Petrol,Manual,9,2660
Car,General,5,51411,Petrol,Manual,9,4000
Electric Bike,Major,3,20608,EV,Automatic,3,2100
Electric Bike,Major,2,15729,EV,Automatic,2,1200
Scooty,General,5,36872,Petrol,Automatic,8,800
Car,Major,5,58996,Diesel,Manual,8,14000
SUV,Major,4,71514,Petrol,Manual,5,14140
Scooty,General,7,50481,Petrol,Automatic,12,650
Electric Scooter,General,2,16200,EV,Automatic,3,500
Scooty,General,8,47042,Petrol,Automatic,12,650
Car,General,8,113546,Hybrid,Automatic,14,7350
Car,General,5,37833,Diesel,Manual,6,5840
Car,General,4,32224,Diesel,Automatic,5,6160
Electric Scooter,Repair,1,5647,EV,Automatic,1,820
Car,General,5,53021,Petrol,Automatic,6,4540
Bike,Major,3,27619,Petrol,Automatic,4,1540
Electric Bike,Major,3,27481,EV,Automatic,3,1990
Bike,General,7,62171,Petrol,Manual,11,870
Bike,Repair,6,41992,Petrol,Manual,8,3780
Car,Repair,4,35406,Petrol,Manual,5,9820
Car,General,0,3578,Hybrid,Manual,0,4620
Car,General,5,77666,Petrol,Automatic,9,5870
Scooty,Repair,3,15737,Petrol,Automatic,5,1910
SUV,General,10,189714,Diesel,Automatic,17,12190
Car,General,8,118893,Diesel,Automatic,14,6560
SUV,General,10,182481,Diesel,Automatic,15,12300
Car,General,7,71282,Diesel,Manual,10,5070
Bike,General,7,46793,Petrol,Manual,11,790
Electric Bike,Repair,1,10272,EV,Automatic,1,1370
Car,Major,5,50813,Petrol,Automatic,9,11580
Car,General,13,164880,Petrol,Manual,16,6580
SUV,General,1,11809,Petrol,Manual,1,4770
Car,General,10,124599,Petrol,Manual,14,5740
Car,General,0,800,Petrol,Automatic,0,4080
Car,General,4,48768,Petrol,Manual,6,4210
Scooty,General,1,5739,Petrol,Automatic,1,480
Car,Major,4,66623,Diesel,Manual,7,19140
Electric Scooter,General,1,5413,EV,Automatic,1,660
Bike,General,1,6022,Petrol,Manual,1,1020
Car,Major,10,108416,Petrol,Automatic,16,13820
Electric Scooter,General,1,5837,EV,Automatic,1,570
Bike,Major,8,67328,Petrol,Manual,13,3530
SUV,General,4,59056,Petrol,Automatic,6,7050
Bike,Major,13,65166,Petrol,Manual,22,2630
Electric Scooter,Repair,2,9816,EV,Automatic,3,1740
Electric Scooter,General,2,14686,EV,Automatic,3,380
Car,General,15,166406,Diesel,Automatic,26,8250
Bike,Major,11,91859,Petrol,Manual,20,3880
SUV,Major,4,49354,Diesel,Automatic,5,25870
SUV,Major,3,42371,Diesel,Automatic,5,22830
SUV,General,5,67035,Diesel,Automatic,6,9480
Car,General,11,116864,Petrol,Manual,14,6350
SUV,Repair,8,99501,Diesel,Automatic,13,33960
Bike,General,2,13979,Petrol,Manual,3,600
Electric Bike,Major,2,13096,EV,Automatic,3,1910
Car,Repair,10,145486,Petrol,Manual,15,19750
Car,Major,2,25547,Diesel,Manual,2,10930
SUV,Repair,13,257415,Hybrid,Manual,20,46500
SUV,Major,3,38704,Diesel,Manual,5,22780
SUV,General,4,64429,Hybrid,Automatic,6,8120
SUV,General,1,18257,Petrol,Automatic,1,7200
Car,General,3,32274,Diesel,Automatic,3,5750
Electric Bike,General,1,5099,EV,Automatic,1,400
Scooty,Major,11,84914,Petrol,Automatic,19,3230
Scooty,Major,10,81607,Petrol,Automatic,17,1740
SUV,General,9,101544,Diesel,Automatic,14,11730
Car,General,8,112592,Petrol,Manual,15,3330
Car,Major,3,23210,Hybrid,Automatic,5,12990
Car,General,6,63976,Petrol,Automatic,8,6300
Car,Major,9,142415,Hybrid,Automatic,13,16630
Car,General,4,55754,Petrol,Automatic,7,5130
Scooty,Major,5,24711,Petrol,Automatic,7,2600
Car,General,8,92292,Petrol,Manual,12,5830
Car,General,4,50173,Diesel,Automatic,5,7070
Car,General,9,128638,Petrol,Automatic,11,6320
Electric Bike,General,3,25467,EV,Automatic,5,470
SUV,General,4,48289,Petrol,Manual,6,5560
Car,Major,5,67476,Petrol,Manual,8,11680
Electric Scooter,Major,3,15836,EV,Automatic,3,940
Car,Major,10,116485,Petrol,Automatic,13,17830
SUV,Repair,5,81538,Petrol,Automatic,6,22840
Car,General,5,57344,Petrol,Manual,7,4300
Car,Major,6,56917,EV,Automatic,10,12030
Electric Scooter,Major,3,19092,EV,Automatic,4,1430
Electric Scooter,Repair,4,22770,EV,Automatic,5,1290
Car,Repair,3,31641,Diesel,Manual,4,13200
Bike,Major,10,85137,Petrol,Manual,18,3280
Car,General,2,20853,Petrol,Automatic,3,5480
Car,General,2,26969,Petrol,Automatic,2,3980
Bike,Major,9,80706,Petrol,Automatic,16,1990
SUV,General,5,55820,Diesel,Automatic,8,11810
Scooty,Repair,3,17949,Petrol,Automatic,5,1700
Bike,Major,4,36742,Petrol,Manual,7,1980
Bike,Repair,8,65722,Petrol,Manual,15,3120
Bike,General,12,117364,Petrol,Manual,22,1410
Bike,General,2,10892,Petrol,Manual,3,740
Car,General,11,121640,Petrol,Manual,19,4200
Electric Bike,General,2,12310,EV,Automatic,2,750
Car,General,11,96320,Hybrid,Automatic,15,7500
Car,Major,13,136986,Diesel,Automatic,16,19390
Electric Scooter,General,1,5829,EV,Automatic,1,740
Bike,Major,4,36032,Petrol,Automatic,6,1590
Electric Scooter,General,1,4410,EV,Automatic,1,540
SUV,General,5,60536,Petrol,Manual,6,8180
Car,Major,6,56082,Petrol,Automatic,9,13940
SUV,Repair,3,33933,EV,Automatic,4,12210
Bike,Repair,8,44296,Petrol,Automatic,13,4460
SUV,Major,5,76006,Petrol,Manual,6,18090
Car,Major,5,71601,EV,Automatic,6,9960
Car,Repair,9,127907,EV,Automatic,14,18670
Scooty,Repair,6,44418,Petrol,Automatic,10,2820
Car,General,9,94374,Petrol,Manual,13,4610
Bike,Major,5,27803,Petrol,Manual,6,3200
Bike,Repair,4,37990,Petrol,Manual,7,1680
Bike,Repair,8,48456,Petrol,Manual,11,4650
Bike,Major,5,33692,Petrol,Automatic,8,2830
Electric Scooter,Repair,1,6782,EV,Automatic,1,1170
Car,General,5,50660,Petrol,Automatic,8,6280
Bike,General,3,24151,Petrol,Manual,4,1010
Car,General,7,94410,Diesel,Automatic,12,7320
Electric Bike,Major,3,27475,EV,Automatic,5,2200
Electric Scooter,General,3,15129,EV,Automatic,5,550
SUV,Major,2,32220,Diesel,Automatic,2,24290
Bike,Major,11,103247,Petrol,Manual,14,2510
SUV,General,9,103367,Diesel,Automatic,14,11270
Car,General,11,120872,EV,Automatic,15,4800
SUV,General,7,136887,Diesel,Automatic,11,10710
Car,General,4,44205,Petrol,Manual,7,5770
SUV,Major,10,182569,Petrol,Automatic,13,24550
SUV,Repair,1,16644,Diesel,Manual,1,18450
Electric Scooter,General,1,6842,EV,Automatic,1,510
Bike,Major,8,56936,Petrol,Manual,11,3500
Car,Major,7,85418,Petrol,Automatic,11,11870
SUV,General,6,71905,Hybrid,Manual,7,7100
Bike,General,6,41928,Petrol,Manual,8,630
Car,Major,5,47621,Petrol,Automatic,9,10540
Bike,Major,9,54459,Petrol,Manual,14,3750
Car,General,4,49820,Petrol,Manual,7,4750
Car,General,5,56158,Diesel,Manual,9,5570
Car,General,5,71576,Petrol,Manual,9,5080
SUV,Major,5,103278,Petrol,Automatic,6,23500
Electric Bike,General,1,5815,EV,Automatic,1,550
Bike,Repair,3,29283,Petrol,Automatic,4,3270
Car,Repair,9,118817,Petrol,Manual,16,13120
SUV,Major,4,55029,Diesel,Manual,7,22970
Car,Repair,10,148680,Petrol,Automatic,16,26790
Car,General,4,46974,Diesel,Automatic,7,5470
SUV,Major,9,102401,EV,Automatic,10,18950
Electric Bike,Repair,1,6145,EV,Automatic,1,1210
Electric Bike,General,2,14172,EV,Automatic,2,790
SUV,General,0,2979,Hybrid,Automatic,0,6460
Car,Repair,3,31676,Petrol,Automatic,4,12520
Car,General,1,15780,Petrol,Manual,1,3950
SUV,Major,6,71650,Diesel,Manual,9,18900
SUV,Major,3,29692,Diesel,Automatic,5,19880
Car,General,7,97417,Petrol,Manual,11,5250
Bike,General,5,34339,Petrol,Manual,7,1140
Bike,Major,2,10837,Petrol,Manual,3,2440
Bike,General,5,42747,Petrol,Manual,9,660
SUV,General,3,35073,Petrol,Manual,3,5730
Electric Bike,General,3,24334,EV,Automatic,3,520
Scooty,Major,3,16358,Petrol,Automatic,5,1200
SUV,General,6,81443,Petrol,Automatic,11,6370
SUV,General,3,38320,EV,Automatic,4,4310
Electric Scooter,General,2,10926,EV,Automatic,2,640
Car,General,14,176077,Petrol,Manual,27,5440
Car,General,4,47096,Diesel,Manual,6,6550
Car,Major,10,151180,Petrol,Manual,13,18060
Bike,General,1,7019,Petrol,Manual,1,880
Scooty,General,9,67693,Petrol,Automatic,17,820
Scooty,Repair,9,62853,Petrol,Automatic,11,3860
SUV,Major,7,113525,Petrol,Automatic,10,27780
Bike,Major,7,39609,Petrol,Automatic,12,3150
SUV,Major,6,62725,Petrol,Automatic,10,18670
SUV,General,13,199535,Petrol,Manual,19,8380
SUV,General,3,48100,Diesel,Manual,5,10440
SUV,Major,10,170853,Hybrid,Automatic,12,24070
Scooty,General,1,6547,Petrol,Automatic,1,570
SUV,General,5,79168,Petrol,Manual,6,6400
Scooty,General,4,18884,Petrol,Automatic,7,570
Car,General,7,80905,Diesel,Automatic,13,6180
Car,Major,11,117134,Diesel,Manual,16,19670
SUV,General,5,69999,Diesel,Automatic,8,8610
Bike,General,4,28005,Petrol,Manual,6,1060
Scooty,Major,9,50909,Petrol,Automatic,16,2620
Car,Repair,7,64936,Petrol,Automatic,13,17890
Car,General,5,57313,Petrol,Manual,9,4980
Scooty,General,4,19504,Petrol,Automatic,7,930
Car,General,4,59143,Petrol,Automatic,6,4700
Car,Major,13,173486,Petrol,Manual,22,20080
SUV,Major,11,129861,Petrol,Automatic,13,23720
Bike,General,12,104460,Petrol,Manual,16,760
SUV,Repair,10,200549,Diesel,Manual,15,49320
Scooty,Repair,5,22234,Petrol,Automatic,9,1390
Car,General,2,29102,Diesel,Manual,3,6100
SUV,Repair,2,37166,Petrol,Automatic,3,19530
Car,General,10,126850,Petrol,Automatic,14,5310
Scooty,Major,3,16910,Petrol,Automatic,4,1830
Car,General,7,89889,Diesel,Manual,10,6920
SUV,General,6,69154,Diesel,Automatic,10,8010
Car,General,3,37304,Diesel,Manual,4,5430
SUV,General,6,103667,Diesel,Automatic,7,10620
Bike,General,8,76837,Petrol,Manual,14,690
Bike,Major,3,17692,Petrol,Manual,3,1680
SUV,Major,5,81634,EV,Automatic,8,12440
SUV,General,4,69824,Petrol,Automatic,6,5670
Bike,Major,4,36950,Petrol,Automatic,6,1710
Scooty,General,2,9442,Petrol,Automatic,3,420
Bike,General,5,27256,Petrol,Manual,7,1110
Car,General,6,58015,Diesel,Manual,7,7090
Bike,General,8,81900,Petrol,Manual,10,1150
Car,General,7,104469,Diesel,Manual,10,6750
Bike,Major,10,91835,Petrol,Manual,15,2070
Car,General,5,59473,Petrol,Automatic,6,4890
SUV,General,4,83477,Petrol,Manual,4,5130
Electric Bike,General,1,10351,EV,Automatic,1,750
Car,Major,2,21086,Petrol,Manual,3,9960
Car,General,4,42667,Petrol,Manual,5,3640
Bike,General,3,28543,Petrol,Manual,4,500
Car,Repair,3,47975,Petrol,Manual,4,10190
Scooty,Repair,6,40217,Petrol,Automatic,8,2530
SUV,General,1,18591,Petrol,Automatic,1,5470
Scooty,General,11,72871,Petrol,Automatic,18,1000
Car,General,13,184066,Petrol,Automatic,24,6300
Bike,General,9,62879,Petrol,Manual,16,1300
Car,General,7,87589,Petrol,Manual,12,4790
SUV,General,6,90905,Petrol,Manual,8,7710
SUV,General,5,68245,EV,Automatic,6,5160
Car,Repair,11,176211,Diesel,Manual,18,24120
Bike,General,1,6469,Petrol,Manual,1,930
Bike,General,3,14969,Petrol,Manual,4,830
SUV,Major,3,36440,Petrol,Manual,4,14910
Bike,Major,5,25769,Petrol,Manual,7,2870
Electric Scooter,General,3,13466,EV,Automatic,5,400
SUV,General,4,71685,Diesel,Manual,7,10210
Car,General,12,104106,Diesel,Manual,20,5260
SUV,Major,12,164863,EV,Automatic,15,22730
Bike,General,3,23662,Petrol,Automatic,4,1090
Bike,General,10,58562,Petrol,Manual,16,1370
Car,General,12,104139,Diesel,Automatic,18,6030
Scooty,Major,6,42562,Petrol,Automatic,9,1640
Car,Repair,8,79108,Hybrid,Manual,15,20590
Electric Scooter,General,2,13152,EV,Automatic,3,470
Car,General,5,49168,Petrol,Automatic,6,4680
Electric Scooter,General,0,500,EV,Automatic,0,440
Car,General,7,66366,Diesel,Manual,9,5450
SUV,Major,9,122478,Diesel,Automatic,14,37080
Car,Repair,6,86985,Petrol,Manual,11,13230
Car,General,4,39558,Petrol,Manual,5,4910
SUV,General,3,38567,Diesel,Automatic,5,10310
SUV,General,6,123305,Diesel,Automatic,8,9540
Car,Repair,4,62314,Hybrid,Manual,6,10890
Car,General,4,60330,Petrol,Manual,5,3040
Car,Repair,10,117540,Petrol,Automatic,15,23320
Electric Scooter,Major,0,536,EV,Automatic,0,1610
Car,General,8,87806,Hybrid,Manual,15,6300
SUV,Repair,2,37156,Diesel,Manual,3,23070
Car,General,4,56091,EV,Automatic,6,3190
Car,General,4,66625,Diesel,Automatic,5,5450
Bike,General,7,64766,Petrol,Manual,9,1220
Car,General,5,52641,Diesel,Manual,9,4730
Bike,Major,11,65591,Petrol,Manual,14,3310
Bike,Repair,11,77920,Petrol,Manual,20,4580
Car,Major,6,76503,Diesel,Automatic,11,18260
SUV,Major,7,107106,Diesel,Manual,11,30620
Electric Scooter,Major,1,7004,EV,Automatic,1,1000
Car,General,6,80561,Petrol,Manual,8,4210
Bike,General,4,25793,Petrol,Automatic,4,760
SUV,General,13,173835,Diesel,Manual,20,12030
Car,Major,9,109532,Petrol,Manual,16,11660
Car,General,3,43338,Diesel,Manual,4,5850
Car,Repair,3,34083,Diesel,Automatic,4,12350
Scooty,Repair,9,43156,Petrol,Automatic,12,2020
Car,General,8,117408,Diesel,Manual,11,5940
Car,General,10,134012,Diesel,Manual,13,6710
SUV,General,6,100254,Petrol,Automatic,11,6910
Car,General,7,79026,EV,Automatic,12,3860
Bike,Major,9,57103,Petrol,Manual,17,3210
Electric Scooter,Repair,1,6881,EV,Automatic,1,1230
Scooty,General,9,64311,Petrol,Automatic,16,650
Electric Scooter,General,2,13457,EV,Automatic,3,610
SUV,General,10,118429,Diesel,Manual,13,10550
Scooty,General,5,38863,Petrol,Automatic,6,670
Car,General,10,155805,Diesel,Manual,17,5230
Car,Major,6,57861,Hybrid,Automatic,11,13500
Bike,Major,9,87230,Petrol,Manual,11,2900
Car,Major,7,95949,Diesel,Automatic,13,14820
Scooty,General,12,51753,Petrol,Automatic,23,930
Bike,Major,4,41491,Petrol,Manual,7,3490
SUV,General,8,158641,Diesel,Automatic,13,10080
SUV,General,2,31605,Diesel,Automatic,2,9240
Car,Major,1,14407,Petrol,Manual,1,7470
Scooty,Repair,6,38560,Petrol,Automatic,8,1810
Car,Repair,2,21601,EV,Automatic,3,8230
Car,General,1,13803,Petrol,Manual,1,3500
Scooty,Repair,4,27137,Petrol,Automatic,6,1730
Car,Repair,7,92067,Petrol,Manual,11,14190
Car,General,5,50902,Diesel,Automatic,8,5310
SUV,Major,7,88959,Diesel,Manual,8,23180
Scooty,Major,1,8242,Petrol,Automatic,1,2090
Bike,Repair,0,500,Petrol,Manual,0,1380
Car,General,3,38882,Petrol,Manual,5,3830
Car,Major,9,106688,EV,Automatic,17,10420
Car,General,6,61507,Petrol,Automatic,8,4580
Bike,General,4,32434,Petrol,Manual,5,810
Bike,Major,5,38941,Petrol,Automatic,6,1610
Scooty,General,4,30676,Petrol,Automatic,6,800
SUV,General,4,61744,Diesel,Manual,5,6510
Car,General,6,91161,EV,Automatic,10,4470
Car,Major,8,107025,Petrol,Manual,10,15390
Bike,General,6,32875,Petrol,Manual,8,780
Car,Major,8,70029,Petrol,Manual,15,15220
Bike,General,3,18581,Petrol,Manual,3,770
Car,General,4,55364,Diesel,Manual,7,5170
Scooty,Major,3,20155,Petrol,Automatic,3,1750
Car,General,4,59298,Diesel,Manual,5,5030
Bike,General,5,49233,Petrol,Manual,8,1160
Bike,General,7,48386,Petrol,Manual,13,830
Electric Scooter,General,1,8263,EV,Automatic,1,680
Car,General,5,78777,Petrol,Manual,7,4550
SUV,Major,6,92506,Diesel,Automatic,9,28880
Electric Scooter,Repair,1,5863,EV,Automatic,1,1660
SUV,Major,4,68789,EV,Automatic,5,17270
Car,General,5,43770,Petrol,Manual,6,4620
Car,General,5,66557,Petrol,Manual,8,5210
SUV,General,5,56744,Petrol,Manual,6,8580
Electric Scooter,Major,0,500,EV,Automatic,0,1300
Car,Repair,5,55655,Petrol,Automatic,9,12960
SUV,Major,7,137363,Hybrid,Automatic,9,26370
SUV,General,5,62719,EV,Automatic,7,5520
Electric Bike,Major,1,8326,EV,Automatic,1,1620
SUV,General,2,34003,Petrol,Automatic,3,6550
Scooty,Major,1,4063,Petrol,Automatic,1,1640
Car,Major,10,137951,Diesel,Manual,19,21060
Car,Major,9,123263,Diesel,Automatic,12,23840
Scooty,Major,9,60354,Petrol,Automatic,13,2760
SUV,Repair,6,99642,Diesel,Automatic,8,23750
SUV,General,5,59362,Diesel,Automatic,6,8510
Car,Repair,9,104429,EV,Automatic,17,15930
SUV,General,9,156499,Diesel,Manual,15,12600
Car,General,7,105440,Petrol,Automatic,11,6170
Car,Major,4,47829,Diesel,Automatic,5,16290
Car,Major,5,66173,Diesel,Automatic,8,15500
Car,General,4,54239,EV,Automatic,7,3620
Bike,Repair,5,33284,Petrol,Automatic,6,1650
Car,General,7,83030,Petrol,Automatic,10,5410
Bike,Repair,4,36979,Petrol,Manual,5,2380
Bike,General,4,36292,Petrol,Manual,7,740
Car,Major,4,38598,Petrol,Manual,4,9680
Electric Scooter,General,2,13505,EV,Automatic,3,440
Scooty,Repair,6,48576,Petrol,Automatic,10,2860
Electric Scooter,Repair,1,5187,EV,Automatic,1,1530
Car,Major,3,45900,Petrol,Manual,5,9070
SUV,Major,7,108367,Hybrid,Automatic,10,18480
Bike,General,6,60791,Petrol,Manual,11,1090
Car,General,13,156621,EV,Automatic,18,4240
SUV,Repair,2,35375,Diesel,Automatic,3,22030
Bike,Repair,4,28397,Petrol,Manual,7,2170
Car,Repair,5,46408,Petrol,Manual,9,11330
Car,General,5,75928,Petrol,Manual,9,3920
Car,General,7,92936,Petrol,Manual,11,4300
SUV,General,7,74789,Diesel,Manual,12,8760
Electric Scooter,General,2,11927,EV,Automatic,3,430
Car,Major,10,113797,Diesel,Manual,17,20420
Electric Scooter,General,2,12087,EV,Automatic,3,690
Car,Major,9,98231,Hybrid,Manual,15,13710
Car,General,4,33319,Petrol,Manual,6,3870
Car,General,5,67737,EV,Automatic,8,4100
Car,General,1,14684,Petrol,Manual,1,4220
Scooty,General,2,13680,Petrol,Automatic,3,410
Bike,Major,5,26864,Petrol,Manual,6,2460
Car,General,3,40113,EV,Automatic,5,4440
SUV,Major,4,62143,Diesel,Automatic,7,29530
Bike,General,12,105109,Petrol,Manual,20,940
SUV,General,7,70986,Diesel,Automatic,9,11410
Scooty,Repair,11,53541,Petrol,Automatic,14,3560
Scooty,General,10,67240,Petrol,Automatic,16,540
Car,Major,2,28648,Petrol,Automatic,2,15550
Car,General,5,50566,Petrol,Automatic,9,5620
Car,General,2,29031,Diesel,Automatic,2,5780
SUV,Repair,1,25257,Diesel,Manual,1,22230
Car,Major,3,30699,Diesel,Manual,5,16580
SUV,General,9,169599,Diesel,Automatic,10,8090
SUV,General,7,123293,Petrol,Manual,8,8570
Electric Scooter,General,1,7005,EV,Automatic,1,360
SUV,Major,10,167498,Diesel,Manual,13,31510
Bike,General,6,42423,Petrol,Manual,7,1000
Electric Scooter,General,4,30035,EV,Automatic,7,660
SUV,General,5,58406,Petrol,Manual,9,7500
Bike,Major,3,27438,Petrol,Manual,5,1530
Scooty,General,9,64256,Petrol,Automatic,12,630
Car,Major,7,75852,Diesel,Automatic,11,19750
Car,Repair,12,150860,Petrol,Automatic,21,26830
Car,General,10,108958,EV,Automatic,17,3420
Car,General,2,27381,Diesel,Automatic,3,6040
SUV,Major,13,171125,Diesel,Automatic,18,30360
Car,General,2,25869,Diesel,Manual,3,5710
SUV,Repair,9,98588,Diesel,Automatic,16,32430
SUV,General,8,141107,Diesel,Manual,13,10850
SUV,General,8,86951,EV,Automatic,13,7060
Bike,Repair,4,33301,Petrol,Manual,7,2340
Scooty,Repair,0,500,Petrol,Automatic,0,1800
SUV,Major,4,72706,Diesel,Automatic,4,26200
SUV,Major,2,36818,Diesel,Automatic,2,17580
SUV,Major,3,56963,Hybrid,Automatic,5,16380
Car,Major,4,47473,Diesel,Automatic,7,16300
Scooty,Major,5,23361,Petrol,Automatic,8,1670
Car,General,9,110705,Petrol,Manual,15,3360
Scooty,General,3,21584,Petrol,Automatic,5,690
SUV,Major,4,72394,EV,Automatic,6,16730
SUV,General,4,71021,Diesel,Automatic,6,7780
Car,General,7,106637,Diesel,Manual,9,6070
SUV,General,7,81599,Diesel,Manual,9,7340
Scooty,General,13,79001,Petrol,Automatic,16,900
Bike,Major,9,87655,Petrol,Manual,14,4000
SUV,General,11,183109,Diesel,Automatic,21,9670
Scooty,General,2,9527,Petrol,Automatic,3,590
SUV,General,5,72701,Diesel,Manual,9,9550
Car,Major,9,139200,Petrol,Automatic,14,12970
SUV,General,14,272772,Petrol,Manual,20,9550
Car,General,8,79845,Diesel,Manual,11,6560
Car,General,9,95887,Petrol,Automatic,11,6260
Car,General,3,38967,Diesel,Manual,4,4560
Car,General,6,93113,Petrol,Manual,11,3510
Bike,Major,14,106542,Petrol,Manual,19,4720
Scooty,Major,0,1503,Petrol,Automatic,0,1400
Electric Bike,Repair,1,7898,EV,Automatic,1,1160
Car,General,1,12344,Petrol,Automatic,1,4140
Electric Bike,General,1,7078,EV,Automatic,1,560
Scooty,General,11,51138,Petrol,Automatic,19,870
Car,Repair,4,35965,Diesel,Automatic,6,19750
Car,Major,2,23459,Diesel,Automatic,2,17970
Car,Major,11,159817,Diesel,Manual,21,15360
SUV,Major,2,23843,Petrol,Automatic,3,13880
Bike,Major,5,36850,Petrol,Manual,6,2530
Scooty,General,12,97442,Petrol,Automatic,22,1030
SUV,Major,3,43665,Diesel,Automatic,5,22420
SUV,General,3,53638,Hybrid,Automatic,5,8490
Car,General,7,79460,Petrol,Automatic,9,5910
Car,Major,6,74454,Hybrid,Automatic,10,12830
Car,Repair,10,99868,Diesel,Manual,12,18760
Bike,General,5,38414,Petrol,Manual,7,820
Car,Major,4,32915,Petrol,Manual,6,12440
SUV,General,2,24412,Diesel,Automatic,3,7540
Bike,General,10,64620,Petrol,Manual,15,940
Car,General,8,89535,Diesel,Manual,11,7770
SUV,General,1,18156,Petrol,Automatic,1,8460
SUV,Major,10,179042,Petrol,Automatic,15,31680
Bike,Major,12,94857,Petrol,Manual,21,4020
Scooty,General,8,57367,Petrol,Automatic,14,880
Car,General,10,100439,Petrol,Manual,12,3670
Car,General,7,83461,Petrol,Manual,11,6010
Car,General,3,38095,Diesel,Manual,4,5080
SUV,General,3,30431,Diesel,Manual,5,7630
Car,General,7,93737,Petrol,Manual,9,4780
SUV,General,8,140782,Diesel,Automatic,11,7540
Car,General,9,122660,Petrol,Manual,12,4120
SUV,General,4,52844,EV,Automatic,6,4960
Car,General,8,117789,Petrol,Automatic,11,5050
SUV,General,9,155888,Petrol,Manual,16,7200
Car,Repair,9,104072,Petrol,Manual,14,20310
Electric Bike,General,1,6620,EV,Automatic,1,620
Car,General,9,92033,Diesel,Manual,13,4690
Bike,General,4,29151,Petrol,Manual,5,710
Car,General,6,78576,Diesel,Automatic,7,6880
Scooty,Major,3,25770,Petrol,Automatic,3,2060
Bike,General,7,62547,Petrol,Manual,13,1010
Car,General,1,9244,Diesel,Manual,1,4980
Car,General,3,26406,Petrol,Manual,5,3420
Car,Major,9,114287,Petrol,Manual,15,13840
Bike,Major,1,11050,Petrol,Manual,1,1710
Bike,Repair,3,18729,Petrol,Manual,4,1950
Car,Major,9,97655,Diesel,Manual,16,21500
Electric Scooter,General,2,10068,EV,Automatic,2,520
SUV,General,3,62146,Petrol,Manual,5,7770
Car,General,11,129409,Petrol,Manual,21,5870
SUV,General,4,69183,Diesel,Manual,5,6290
Car,Major,7,95862,Diesel,Manual,9,14360
Scooty,Major,3,14716,Petrol,Automatic,5,2140
SUV,Major,11,165469,EV,Automatic,20,24770
Scooty,General,4,24678,Petrol,Automatic,5,470
SUV,General,2,22744,Hybrid,Manual,3,8750
Bike,Major,4,31077,Petrol,Manual,6,1570
Electric Bike,General,0,500,EV,Automatic,0,520
Car,Major,2,27700,Diesel,Automatic,3,15960
Electric Scooter,General,2,12677,EV,Automatic,2,660
SUV,General,11,171950,Diesel,Manual,17,7780
Electric Bike,Major,3,26570,EV,Automatic,5,1360
Scooty,Major,4,30400,Petrol,Automatic,6,1900
Bike,Major,5,40130,Petrol,Manual,6,1660
Car,Major,14,192551,Hybrid,Manual,23,17420
Bike,Repair,6,59022,Petrol,Manual,11,4190
Scooty,Major,2,17084,Petrol,Automatic,2,2120
Bike,Major,6,61113,Petrol,Manual,8,3310
Scooty,General,3,25178,Petrol,Automatic,4,830
Electric Bike,General,3,18356,EV,Automatic,3,520
SUV,Repair,6,107882,Petrol,Manual,10,26540
Car,Major,13,165654,EV,Automatic,22,12990
Scooty,Major,3,22887,Petrol,Automatic,3,1920
Bike,Repair,4,34529,Petrol,Manual,7,2560
SUV,Repair,11,157887,EV,Automatic,14,24850
Bike,Repair,6,50144,Petrol,Manual,11,2120
Bike,Major,4,27835,Petrol,Manual,6,1490
Scooty,General,11,76047,Petrol,Automatic,17,890
Bike,General,10,55783,Petrol,Manual,15,1270
Electric Bike,Major,2,11714,EV,Automatic,2,1800
Car,Repair,4,62935,Petrol,Automatic,5,16540
Car,General,14,222496,Petrol,Manual,17,6770
Car,General,8,76484,Diesel,Manual,13,4690
Scooty,General,4,19931,Petrol,Automatic,5,580
Car,Major,6,65957,Petrol,Automatic,9,16150
SUV,General,8,137482,Diesel,Automatic,13,12780
Car,Major,3,38007,Petrol,Automatic,4,13560
Car,Major,13,162211,Diesel,Manual,24,22860
Car,General,5,44133,Petrol,Manual,9,3520
Bike,General,4,25671,Petrol,Manual,5,830
Car,Major,7,106803,Petrol,Automatic,8,12490
Electric Scooter,Major,2,10752,EV,Automatic,3,1650
Bike,Major,3,29510,Petrol,Manual,5,1940
Scooty,General,3,23274,Petrol,Automatic,3,440
Car,Major,4,63059,Petrol,Automatic,7,12240
SUV,General,8,150438,Diesel,Automatic,12,11370
Electric Scooter,General,0,500,EV,Automatic,0,680
Electric Scooter,General,2,14015,EV,Automatic,2,430
Bike,Repair,2,18369,Petrol,Manual,3,1450
Electric Bike,General,0,1891,EV,Automatic,0,530
SUV,General,3,52326,Hybrid,Automatic,4,7890
Electric Bike,Major,0,500,EV,Automatic,0,1380
Bike,General,2,14843,Petrol,Manual,3,640
SUV,Major,5,78470,Diesel,Manual,7,20430
Bike,Major,6,33188,Petrol,Automatic,11,1710
SUV,Repair,12,221530,EV,Automatic,22,23210
SUV,Repair,8,99265,Diesel,Automatic,10,32680
Car,General,9,112786,Hybrid,Automatic,15,6900
Scooty,Major,4,28697,Petrol,Automatic,7,1340
Car,Major,4,54533,Diesel,Automatic,5,14230
Scooty,General,0,1094,Petrol,Automatic,0,670
Scooty,General,2,12210,Petrol,Automatic,3,890
Scooty,General,5,38706,Petrol,Automatic,6,720
Scooty,General,9,48432,Petrol,Automatic,13,780
Car,Major,5,44831,EV,Automatic,6,12400
Bike,General,5,37184,Petrol,Manual,8,1240
SUV,Major,4,76979,EV,Automatic,7,15590
SUV,General,10,161295,EV,Automatic,13,7120
SUV,General,3,62908,Diesel,Automatic,3,8520
Bike,General,9,61329,Petrol,Manual,12,700
SUV,General,5,75811,EV,Automatic,7,7550
Electric Scooter,General,2,11324,EV,Automatic,2,380
SUV,General,4,48478,Diesel,Automatic,5,7650
SUV,General,6,99083,Diesel,Automatic,7,11560
Electric Scooter,Major,3,18450,EV,Automatic,4,1680
Car,Major,7,97514,Petrol,Manual,9,12230
SUV,General,5,94652,Diesel,Manual,8,10880
Car,Major,5,59586,Diesel,Manual,7,17200
Car,Repair,1,18193,Petrol,Manual,1,7130
Car,Repair,2,16868,Petrol,Automatic,3,12350
Bike,General,7,42297,Petrol,Manual,11,670
Car,General,4,61316,Diesel,Manual,7,6080
Electric Scooter,Major,2,9455,EV,Automatic,2,950
Car,General,10,89886,Petrol,Manual,13,4000
Car,Major,4,60856,Diesel,Manual,5,17190
Scooty,General,7,54797,Petrol,Automatic,13,840
Scooty,General,4,26868,Petrol,Automatic,5,640
Car,Major,13,137190,Diesel,Manual,24,22160
Bike,General,5,47429,Petrol,Manual,7,1080
SUV,Major,7,108397,Petrol,Manual,9,21810
Scooty,Repair,10,79870,Petrol,Automatic,15,2520
SUV,General,4,74966,Diesel,Manual,4,10500
Scooty,General,3,19505,Petrol,Automatic,4,690
SUV,General,4,66382,Petrol,Manual,5,6900
SUV,General,9,114253,Diesel,Automatic,16,11160
Bike,General,3,20655,Petrol,Manual,3,640
Scooty,Major,8,50849,Petrol,Automatic,14,3110
Bike,General,2,10375,Petrol,Manual,2,1010
Car,General,10,140681,Diesel,Manual,18,4670
Car,General,7,102328,Petrol,Automatic,8,5580
Scooty,General,11,57986,Petrol,Automatic,17,1010
SUV,Major,8,108472,Diesel,Manual,9,21480
Bike,Repair,10,69886,Petrol,Manual,13,5200
Car,General,7,100487,Petrol,Automatic,13,5470
Car,General,2,18262,Petrol,Manual,2,3320
Scooty,General,8,46220,Petrol,Automatic,11,720
SUV,General,8,148306,EV,Automatic,10,5500
Electric Bike,General,1,7300,EV,Automatic,1,630
Car,General,12,139410,Petrol,Automatic,15,7460
SUV,General,10,118715,Petrol,Automatic,18,7930
Car,Major,10,107888,Petrol,Manual,16,10890
Car,Repair,5,67064,Diesel,Manual,6,14650
SUV,General,11,119337,Diesel,Manual,16,11840
SUV,Major,6,77823,Diesel,Manual,11,22520
SUV,Repair,4,53502,Diesel,Manual,6,27060
Car,Repair,8,115647,Petrol,Manual,15,19960
Car,General,3,27989,Hybrid,Manual,3,4070
Electric Bike,Major,1,10119,EV,Automatic,1,1540
Bike,General,9,55156,Petrol,Manual,13,820
Scooty,Major,1,5837,Petrol,Automatic,1,1460
Bike,General,10,52773,Petrol,Manual,13,840
Car,General,3,34126,Petrol,Manual,4,5550
SUV,General,5,90304,EV,Automatic,6,6980
Car,Major,7,76107,Diesel,Manual,10,18450
Bike,General,5,30207,Petrol,Manual,7,1030
Car,General,2,31002,Petrol,Manual,3,3400
Car,General,6,89288,Petrol,Automatic,10,5210
Scooty,Major,12,86842,Petrol,Automatic,20,1970
Car,General,9,79545,Diesel,Manual,15,5770
SUV,General,2,34144,Diesel,Manual,3,7340
Car,Major,6,56368,Hybrid,Automatic,10,12910
SUV,Major,7,136334,Diesel,Manual,10,33970
SUV,General,3,53665,Diesel,Automatic,5,9270
Car,Repair,8,82273,Diesel,Manual,14,17400
Scooty,General,1,7310,Petrol,Automatic,1,760
Car,General,7,64298,EV,Automatic,11,3970
Car,General,5,46837,Petrol,Automatic,7,4000
Car,General,10,83287,Petrol,Automatic,18,4880
Bike,General,2,13356,Petrol,Manual,3,890
Car,Repair,5,44684,Petrol,Automatic,7,10780
Car,Major,11,161339,Diesel,Manual,20,18080
Car,Major,8,114787,Diesel,Manual,9,15540
Car,Repair,7,104945,Diesel,Manual,13,18000
Electric Bike,General,0,500,EV,Automatic,0,570
Car,General,5,42892,Diesel,Automatic,9,8220
Car,General,5,77126,Diesel,Manual,8,5680
Car,Major,3,49313,Diesel,Automatic,5,16010
Car,General,10,125718,Petrol,Automatic,16,6760
Car,General,3,45560,Hybrid,Automatic,4,4630
Car,Major,4,42321,Hybrid,Automatic,7,14000
Scooty,Major,7,29216,Petrol,Automatic,12,2130
Car,Major,9,128451,Petrol,Automatic,15,17000
Bike,Major,1,5206,Petrol,Manual,1,1550
Car,General,6,67422,Petrol,Automatic,8,6270
Car,General,12,128043,Hybrid,Automatic,14,5180
Bike,General,5,42333,Petrol,Manual,6,1130
Scooty,Repair,2,10205,Petrol,Automatic,3,1240
SUV,General,9,106514,Diesel,Manual,12,9530
Bike,General,1,8931,Petrol,Automatic,1,500
Scooty,General,8,42944,Petrol,Automatic,11,780
Car,General,7,111528,Petrol,Automatic,9,7000
Bike,General,6,59838,Petrol,Manual,11,1300
Electric Bike,General,0,577,EV,Automatic,0,560
Bike,General,6,57126,Petrol,Manual,11,860
Bike,Major,4,25187,Petrol,Manual,4,2280
Bike,General,7,59518,Petrol,Manual,12,1200
Car,Repair,8,121127,Petrol,Manual,10,15530
Scooty,Repair,5,34291,Petrol,Automatic,6,1970
SUV,Major,7,90629,Diesel,Manual,8,24980
SUV,General,9,143097,Diesel,Automatic,16,8950
Bike,Major,12,66414,Petrol,Manual,22,3410
Bike,Repair,5,42179,Petrol,Manual,9,3340
Car,Major,7,85788,Diesel,Manual,8,15570
Electric Scooter,Repair,1,4608,EV,Automatic,1,1090
Car,General,2,25732,Petrol,Automatic,2,5390
Car,General,9,145384,Petrol,Automatic,16,5220
Scooty,Repair,6,25630,Petrol,Automatic,8,2640
Bike,General,5,42977,Petrol,Manual,9,740
Bike,General,5,29818,Petrol,Manual,8,1120
Electric Bike,Major,3,26153,EV,Automatic,4,1740
Scooty,Repair,4,23337,Petrol,Automatic,7,2270
Bike,General,2,18352,Petrol,Manual,3,640
SUV,Repair,1,20896,Hybrid,Automatic,1,16720
Car,Repair,5,52737,Petrol,Automatic,6,17730
Car,General,5,41707,Diesel,Manual,7,4930
SUV,Major,4,77591,Hybrid,Automatic,5,28600
Car,General,5,44843,Petrol,Automatic,6,5060
Scooty,General,8,44090,Petrol,Automatic,9,630
Car,General,11,131085,Diesel,Automatic,15,5820
Electric Scooter,General,3,18029,EV,Automatic,5,720
Scooty,General,6,48401,Petrol,Automatic,11,750
SUV,General,13,233258,Petrol,Automatic,21,11740
Bike,Major,5,45984,Petrol,Manual,7,2070
Car,General,11,132750,Diesel,Manual,20,5270
Electric Scooter,General,1,6387,EV,Automatic,1,560
Car,General,8,106102,Diesel,Automatic,14,5960
Bike,General,2,17625,Petrol,Manual,3,950
Scooty,General,3,19910,Petrol,Automatic,4,520
Car,General,7,75645,Petrol,Manual,12,5130
Car,General,9,129329,Petrol,Manual,12,5740
Electric Scooter,General,1,7446,EV,Automatic,1,830
SUV,General,11,168937,EV,Automatic,19,7760
Scooty,Major,0,900,Petrol,Automatic,0,1900
Car,Repair,6,65468,Petrol,Automatic,8,13110
Bike,Repair,7,64221,Petrol,Manual,12,4800
Car,General,13,137622,Petrol,Automatic,22,4770
Bike,General,8,78722,Petrol,Manual,15,1080
Car,General,5,46096,Petrol,Automatic,9,5570
Bike,General,6,38289,Petrol,Manual,9,1260
Car,Major,5,49838,Petrol,Automatic,6,13890
Car,General,14,164035,Petrol,Automatic,27,6560
Car,Major,11,132387,Petrol,Manual,16,11450
Car,General,15,133999,Diesel,Manual,29,6190
Car,Major,7,82062,Petrol,Automatic,9,13930
Car,General,5,80134,Petrol,Automatic,9,5590
SUV,Major,4,76268,Diesel,Automatic,7,25850
Electric Bike,Major,2,17156,EV,Automatic,3,1680
Car,General,3,24338,Petrol,Automatic,4,4790
Car,Repair,5,70154,Petrol,Automatic,8,17610
Car,General,13,103967,Petrol,Manual,20,4650
Car,General,10,127570,Petrol,Automatic,17,4420
Car,Major,8,78567,Diesel,Manual,15,19270
Car,Major,6,59224,Hybrid,Manual,11,11390
Car,General,3,42644,Diesel,Automatic,4,6330
Scooty,General,9,46986,Petrol,Automatic,15,720
SUV,Repair,8,106300,Diesel,Automatic,13,43700
SUV,General,5,61661,Diesel,Manual,8,9420
SUV,General,9,183025,Diesel,Manual,11,10620
Bike,General,9,55983,Petrol,Manual,17,1340
Scooty,Major,4,31665,Petrol,Automatic,5,2010
Car,Major,6,73580,Petrol,Manual,8,12310
Car,General,11,141200,Petrol,Manual,14,5720
SUV,Repair,8,144860,Hybrid,Automatic,14,31170
Bike,General,12,87016,Petrol,Manual,19,1090
SUV,Major,12,160005,Diesel,Automatic,21,36420
Car,Major,5,67076,Petrol,Automatic,6,15930
Bike,Major,3,21965,Petrol,Manual,5,1400
SUV,Repair,10,110464,Petrol,Manual,13,23120
Car,General,9,138223,Diesel,Automatic,12,5630
SUV,Major,6,80867,Diesel,Automatic,9,34020
Car,Major,5,55538,Petrol,Automatic,6,14850
Electric Bike,Repair,3,22330,EV,Automatic,5,1720
Bike,General,6,53716,Petrol,Manual,7,960
SUV,Repair,4,75307,Diesel,Automatic,7,35280
Bike,General,8,59954,Petrol,Manual,13,700
Bike,General,3,31015,Petrol,Manual,4,1100
Scooty,General,11,63757,Petrol,Automatic,21,810
SUV,Repair,8,129376,Diesel,Automatic,9,37810
Car,General,10,139113,Diesel,Manual,12,5280
SUV,Major,7,86146,Petrol,Manual,9,17190
Car,General,5,42224,EV,Automatic,7,4170
Bike,General,11,64173,Petrol,Manual,20,1310
Car,General,10,115059,Petrol,Manual,12,4600
Car,General,5,81622,Petrol,Automatic,7,4900
SUV,Major,7,134426,Hybrid,Manual,10,21420
SUV,Major,7,70301,Diesel,Automatic,10,22660
Car,Major,4,45855,Diesel,Automatic,5,15310
Scooty,Major,7,27388,Petrol,Automatic,12,1940
SUV,Major,3,50908,Diesel,Manual,3,16490
Bike,General,2,11683,Petrol,Manual,3,860
SUV,General,3,54347,Diesel,Automatic,4,9900
SUV,General,6,98591,Petrol,Manual,8,9400
Scooty,General,3,12787,Petrol,Automatic,5,610
SUV,Repair,5,74309,Hybrid,Manual,7,19310
Scooty,General,6,23035,Petrol,Automatic,7,720
Car,Repair,5,56125,Hybrid,Automatic,9,20130
Car,Major,1,8994,Diesel,Automatic,1,17850
SUV,Repair,6,107115,Petrol,Manual,8,25310
SUV,General,3,35717,Petrol,Automatic,5,8610
Car,General,11,142523,Hybrid,Manual,19,4290
Scooty,General,7,45235,Petrol,Automatic,9,900
Scooty,General,7,33115,Petrol,Automatic,10,710
Electric Bike,Repair,2,13463,EV,Automatic,2,1270
Bike,General,9,57075,Petrol,Automatic,10,610
Scooty,General,7,48550,Petrol,Automatic,11,650
Car,General,10,145927,Petrol,Manual,16,3390
SUV,General,6,101299,Petrol,Automatic,10,6740
Car,General,5,65222,Hybrid,Manual,8,4830
SUV,General,9,103664,Diesel,Automatic,16,10660
Car,Major,3,38776,Petrol,Automatic,5,13230
Scooty,Repair,7,39163,Petrol,Automatic,12,3140
SUV,Repair,6,103355,Diesel,Manual,7,34550
Scooty,General,12,77061,Petrol,Automatic,22,550
SUV,Major,10,173140,Diesel,Manual,14,26850
Car,General,11,165641,Petrol,Manual,19,4300
Car,Major,4,35007,Petrol,Manual,5,9460
Car,General,11,141497,Diesel,Automatic,20,8330
Scooty,Major,6,34096,Petrol,Automatic,8,1610
SUV,Major,4,47629,Diesel,Automatic,7,25730
SUV,Major,8,114281,Diesel,Manual,11,21270
Bike,General,4,31186,Petrol,Manual,6,610
Car,Repair,4,63258,Petrol,Manual,5,10840
SUV,Major,11,213138,Diesel,Manual,17,34580
Bike,General,4,26228,Petrol,Manual,4,660
Scooty,Major,3,12851,Petrol,Automatic,5,2410
Scooty,General,4,32190,Petrol,Automatic,4,640
SUV,Major,8,114716,Petrol,Automatic,12,22350
Bike,General,11,78037,Petrol,Manual,18,960
Scooty,General,2,10422,Petrol,Automatic,2,740
Car,General,2,25886,Petrol,Manual,3,3020
Scooty,General,6,36424,Petrol,Automatic,7,440
Scooty,General,1,7495,Petrol,Automatic,1,440
Car,Repair,4,60556,EV,Automatic,6,9650
Car,Major,14,191077,Hybrid,Automatic,24,25360
SUV,Major,9,112943,Diesel,Automatic,13,23720
Scooty,General,5,24022,Petrol,Automatic,7,760
Bike,General,6,52916,Petrol,Manual,10,800
Scooty,Repair,2,8913,Petrol,Automatic,3,1850
SUV,General,1,18952,Hybrid,Manual,1,5300
Scooty,General,12,92372,Petrol,Automatic,17,560
SUV,General,2,24701,Diesel,Manual,3,6970
Car,Repair,13,126288,Petrol,Manual,16,20120
Scooty,Major,0,1653,Petrol,Automatic,0,1360
Car,Repair,11,108651,Petrol,Automatic,13,25770
Car,General,8,75113,EV,Automatic,10,3860
Car,General,6,64698,EV,Automatic,10,4940
Car,Repair,2,29183,Diesel,Manual,2,15270
Bike,General,7,49004,Petrol,Manual,8,1040
Electric Scooter,General,2,16621,EV,Automatic,3,650
Car,Repair,12,134961,Petrol,Automatic,14,28110
SUV,Major,6,87118,Petrol,Automatic,8,19010
Car,General,11,125954,Petrol,Manual,20,4450
Car,General,1,12924,Hybrid,Automatic,1,4100
Scooty,Major,2,14552,Petrol,Automatic,3,1040
Scooty,General,3,24751,Petrol,Automatic,3,650
Car,General,5,52291,Hybrid,Manual,7,5760
Bike,Major,8,64878,Petrol,Manual,10,2840
Electric Bike,Repair,2,16318,EV,Automatic,3,1240
SUV,General,9,94931,EV,Automatic,12,5450
SUV,General,11,135824,Petrol,Manual,19,9560
Bike,General,5,28057,Petrol,Manual,8,1190
Scooty,General,2,15337,Petrol,Automatic,3,500
Car,General,3,39357,Diesel,Automatic,5,6370
Electric Bike,General,1,8609,EV,Automatic,1,680
SUV,Major,3,34974,Diesel,Automatic,4,28040
Bike,Repair,5,45754,Petrol,Manual,6,3480
Bike,Major,6,36112,Petrol,Manual,7,2030
SUV,Major,3,45560,Diesel,Manual,5,26290
Scooty,General,4,19056,Petrol,Automatic,7,770
Electric Scooter,General,1,7890,EV,Automatic,1,680
Electric Scooter,Major,1,4297,EV,Automatic,1,1050
Car,General,4,36872,EV,Automatic,7,4100
Bike,Repair,10,98042,Petrol,Manual,16,4980
Scooty,General,8,58952,Petrol,Automatic,15,1000
Electric Bike,General,3,23399,EV,Automatic,4,690
SUV,General,3,55557,Diesel,Manual,5,8530
Electric Scooter,Repair,1,3631,EV,Automatic,1,1390
Electric Bike,Repair,2,12860,EV,Automatic,2,1500
Car,General,12,104226,Petrol,Automatic,21,4760
Scooty,General,8,52619,Petrol,Automatic,13,890
Car,Major,9,128079,Diesel,Manual,11,16500
Car,General,6,76517,Petrol,Manual,10,4390
Bike,General,5,37534,Petrol,Manual,7,690
Scooty,Major,5,29772,Petrol,Automatic,8,2120
Bike,General,2,12762,Petrol,Manual,3,1000
SUV,Repair,2,26511,Diesel,Manual,3,22030
Scooty,General,10,44169,Petrol,Automatic,13,660
SUV,General,3,41397,Diesel,Automatic,3,7680
Car,General,3,29839,Petrol,Manual,4,4280
Electric Scooter,General,2,16639,EV,Automatic,3,370
Car,General,10,105777,Diesel,Automatic,17,5820
Car,General,2,23537,Hybrid,Manual,2,3700
Car,Major,13,190281,Petrol,Manual,24,13550
SUV,Major,3,61815,Diesel,Automatic,5,24070
SUV,Major,7,90214,Petrol,Automatic,13,20100
Bike,Major,10,56642,Petrol,Manual,17,3610
SUV,General,2,43551,Diesel,Manual,2,6770
SUV,Repair,0,1000,Diesel,Manual,0,20110
SUV,Repair,2,26352,Diesel,Automatic,2,19140
SUV,Major,3,52439,Diesel,Automatic,5,19120
Electric Scooter,Major,1,7753,EV,Automatic,1,1540
Car,General,1,14335,Petrol,Manual,1,3230
Bike,Repair,9,52184,Petrol,Manual,12,4480
Electric Scooter,General,2,10708,EV,Automatic,3,720
SUV,Major,3,31786,Diesel,Manual,4,27460
Car,General,12,115484,Petrol,Manual,21,4060
SUV,Major,7,107570,Diesel,Automatic,11,27880
Car,General,2,23602,Petrol,Manual,3,4870
SUV,General,12,209494,Hybrid,Manual,22,8270
Bike,Major,7,40426,Petrol,Manual,11,2560
Car,General,7,87934,Petrol,Manual,9,4740
Car,General,9,123121,Petrol,Automatic,12,4950
Bike,Major,4,19780,Petrol,Manual,5,2380
Car,General,3,31116,Diesel,Manual,4,5870
SUV,General,2,35771,Diesel,Automatic,2,7340
Bike,Major,6,44226,Petrol,Manual,10,2330
Car,Major,0,800,Petrol,Manual,0,8050
Car,Major,12,164402,Diesel,Manual,14,18840
Bike,Repair,6,54465,Petrol,Manual,11,3080
SUV,General,11,203690,Diesel,Automatic,21,8030
Scooty,General,2,16873,Petrol,Automatic,2,870
SUV,General,7,96967,Diesel,Automatic,9,9230
Car,Major,6,60588,Diesel,Manual,8,17170
Electric Scooter,General,0,1739,EV,Automatic,0,430
Electric Scooter,General,1,7654,EV,Automatic,1,420
Scooty,General,2,16531,Petrol,Automatic,3,720
SUV,Major,13,256070,Petrol,Manual,16,23400
Electric Scooter,General,2,16391,EV,Automatic,3,400
Car,Major,9,105945,EV,Automatic,15,11150
Car,General,6,55619,Petrol,Manual,11,5520
Car,Major,4,32572,Diesel,Manual,6,16410
Car,General,11,111495,Petrol,Automatic,20,6220
Car,Major,5,76687,Petrol,Automatic,8,16890
Scooty,General,7,54755,Petrol,Automatic,11,500
Car,General,7,101158,Petrol,Manual,11,5800
Car,Major,10,101609,EV,Automatic,13,12010
Car,General,12,168232,Diesel,Automatic,21,6920
Bike,Repair,2,15860,Petrol,Manual,3,2440
Bike,Major,1,8680,Petrol,Manual,1,2170
Scooty,Major,4,26394,Petrol,Automatic,6,1880
Electric Bike,Repair,2,15761,EV,Automatic,2,1860
Car,General,1,14059,Petrol,Automatic,1,5770
SUV,General,4,49047,Petrol,Manual,5,7490
Bike,Major,4,32323,Petrol,Manual,5,2030
Bike,Repair,4,35521,Petrol,Manual,6,2340
Car,Major,6,84605,Petrol,Manual,9,14740
Car,Major,6,74728,Petrol,Manual,11,9780
Scooty,General,2,12144,Petrol,Automatic,2,490
Car,Major,1,11719,Hybrid,Manual,1,12680
SUV,General,10,185805,Petrol,Manual,17,6530
Car,Major,12,139184,Petrol,Manual,18,13510
Car,Repair,7,63845,Diesel,Manual,9,22540
Bike,Major,12,73803,Petrol,Manual,22,2950
Car,Major,8,109639,Petrol,Manual,10,11010
Car,General,11,128938,Petrol,Manual,16,6000
Bike,Major,4,27497,Petrol,Manual,6,3130
Electric Scooter,General,2,9586,EV,Automatic,3,470
Scooty,Major,4,24861,Petrol,Automatic,5,2250
SUV,Major,10,108297,Petrol,Manual,17,26110
SUV,Major,12,245034,Hybrid,Automatic,18,26990
SUV,General,3,50969,Petrol,Manual,4,7140
SUV,General,3,49420,Diesel,Automatic,5,7250
Car,Major,11,165931,EV,Automatic,20,16540
Car,Major,6,75866,Diesel,Automatic,7,19490
Car,General,9,111416,Diesel,Manual,13,6800
Electric Bike,General,2,14353,EV,Automatic,3,520
Scooty,Repair,7,41810,Petrol,Automatic,10,1800
Scooty,General,3,21640,Petrol,Automatic,4,600
Scooty,General,5,28513,Petrol,Automatic,6,660
SUV,Repair,6,122310,Petrol,Manual,11,20170
Bike,General,4,31060,Petrol,Manual,7,830
Car,Repair,5,53753,Petrol,Manual,8,9240
SUV,General,6,106143,Diesel,Automatic,10,11820
Scooty,General,6,30451,Petrol,Automatic,11,520
Scooty,General,9,62859,Petrol,Automatic,11,840
Car,General,3,43182,Diesel,Automatic,5,6060
Scooty,Repair,3,15486,Petrol,Automatic,4,1560
SUV,Major,5,60481,Diesel,Manual,6,18380
Car,Major,3,33032,Petrol,Manual,5,10870
Car,Major,4,38874,Diesel,Manual,6,11560
SUV,Repair,5,53851,Hybrid,Manual,9,20480
Car,General,11,127538,Diesel,Automatic,13,7930
SUV,Major,5,79598,EV,Automatic,6,16020
Car,Repair,3,29563,Petrol,Manual,5,8820
SUV,Repair,8,130351,Diesel,Automatic,10,33840
Scooty,General,3,13682,Petrol,Automatic,4,740
Electric Scooter,General,4,31682,EV,Automatic,6,660
SUV,Repair,3,57265,Diesel,Automatic,5,27480
SUV,Major,7,134374,Petrol,Manual,9,15660
Scooty,General,7,30380,Petrol,Automatic,8,920
SUV,Major,4,71644,Diesel,Manual,7,22990
Bike,General,10,58835,Petrol,Manual,18,1060
Bike,General,3,23147,Petrol,Automatic,4,700
Car,Major,10,90687,Petrol,Automatic,18,18390
SUV,Major,2,26184,EV,Automatic,2,10930
Car,General,2,20679,Diesel,Manual,3,5760
Bike,General,6,47636,Petrol,Manual,11,570
SUV,General,11,143194,Diesel,Manual,21,9970
Scooty,Major,0,500,Petrol,Automatic,0,1560
Electric Bike,Repair,2,18941,EV,Automatic,2,1230
SUV,General,9,146013,Diesel,Automatic,17,10070
SUV,General,5,52703,Diesel,Automatic,9,9990
Electric Bike,General,2,10793,EV,Automatic,2,540
Scooty,Major,7,42736,Petrol,Automatic,10,1520
Car,General,7,89960,Diesel,Automatic,10,5620
Scooty,General,6,28548,Petrol,Automatic,7,500
Electric Scooter,General,0,500,EV,Automatic,0,660
Bike,General,7,50736,Petrol,Manual,11,1000
Electric Scooter,General,1,3517,EV,Automatic,1,510
Car,General,2,34724,EV,Automatic,3,3280
Car,Major,13,139925,Diesel,Manual,23,23560
Electric Scooter,General,0,500,EV,Automatic,0,450
Scooty,General,2,15085,Petrol,Automatic,2,670
Scooty,Major,3,16646,Petrol,Automatic,5,1450
SUV,Major,6,115594,Diesel,Manual,8,21400
SUV,Major,3,32484,Petrol,Automatic,5,14460
Electric Bike,General,1,7548,EV,Automatic,1,730
Scooty,General,3,14661,Petrol,Automatic,4,560
Bike,General,3,20996,Petrol,Manual,3,850
Scooty,Major,13,64491,Petrol,Automatic,20,2320
Car,Major,6,67634,Petrol,Automatic,8,12780
SUV,General,4,58527,Diesel,Manual,5,8850
Electric Bike,General,1,6862,EV,Automatic,1,430
Electric Bike,General,2,15640,EV,Automatic,2,590
Bike,Major,5,47146,Petrol,Manual,7,2380
Car,Major,4,54197,Diesel,Automatic,7,16950
Bike,Major,6,48251,Petrol,Manual,8,2320
Scooty,Major,2,10584,Petrol,Automatic,3,1900
SUV,Major,7,141825,Petrol,Automatic,8,23120
Bike,Major,4,32767,Petrol,Manual,5,2950
Car,Major,8,104268,Hybrid,Manual,10,13860
Electric Bike,Repair,2,16941,EV,Automatic,3,2130
SUV,General,5,54368,Diesel,Automatic,8,9930
Bike,General,8,62120,Petrol,Manual,14,660
Scooty,General,6,34863,Petrol,Automatic,10,690
Bike,General,6,37245,Petrol,Manual,8,1240
Car,General,10,152299,Petrol,Manual,17,4930
SUV,General,8,134510,Petrol,Manual,15,7310
Car,Major,3,32204,Diesel,Automatic,5,14330
SUV,Major,6,93272,Diesel,Automatic,7,29200
Car,General,12,138052,Petrol,Manual,23,3850
SUV,Major,3,57003,Petrol,Automatic,4,15650
Bike,General,4,37799,Petrol,Automatic,6,950
Electric Scooter,General,1,5435,EV,Automatic,1,620
SUV,General,3,36083,Diesel,Manual,5,8220
Electric Scooter,Major,3,21504,EV,Automatic,4,1140
Car,General,3,32378,Diesel,Manual,4,4740
Bike,Major,2,19599,Petrol,Automatic,3,1950
SUV,Major,6,65142,Diesel,Automatic,8,25000
Scooty,General,3,18117,Petrol,Automatic,4,460
Car,Repair,6,79485,EV,Automatic,8,12560
Car,Major,4,34371,Hybrid,Manual,6,9850
Car,General,7,96462,Petrol,Manual,9,5040
Car,General,13,152646,EV,Automatic,19,5380
SUV,General,4,53955,Hybrid,Manual,5,5290
SUV,General,10,162898,Diesel,Manual,19,11290
SUV,General,5,95345,Petrol,Manual,6,8310
SUV,General,4,64832,Diesel,Manual,7,10630
Bike,Repair,5,37358,Petrol,Manual,8,3740
Bike,General,2,9565,Petrol,Manual,3,1090
Bike,General,1,3505,Petrol,Manual,1,530
Scooty,General,4,27891,Petrol,Automatic,5,930
SUV,Major,4,79384,Diesel,Automatic,5,26020
Car,General,5,48442,Diesel,Manual,7,3960
Car,Major,10,96482,Petrol,Manual,14,15360
Car,General,3,42906,Diesel,Automatic,5,7200
SUV,Major,2,31998,Petrol,Manual,3,13020
Scooty,General,11,86873,Petrol,Automatic,13,840
SUV,General,4,52698,Diesel,Automatic,7,8910
Bike,Major,10,84963,Petrol,Manual,18,3780
Car,General,8,111149,Diesel,Manual,14,4600
Bike,General,5,29719,Petrol,Manual,6,1190
Car,General,3,33503,Petrol,Automatic,5,4290
Car,General,10,157850,Petrol,Automatic,14,4890
SUV,General,5,66001,Petrol,Manual,8,5100
SUV,General,4,47020,Diesel,Manual,7,7120
SUV,General,4,61182,Diesel,Manual,7,11020
Electric Bike,General,1,7611,EV,Automatic,1,800
SUV,General,7,120198,Diesel,Manual,11,10930
Car,Major,1,13135,Diesel,Automatic,1,13090
Bike,General,4,36006,Petrol,Manual,6,710
Car,General,12,128366,Petrol,Manual,23,4490
Electric Scooter,Major,1,7408,EV,Automatic,1,2010
Bike,General,7,55840,Petrol,Manual,11,1210
SUV,General,0,3480,Diesel,Manual,0,8000
Electric Scooter,General,4,26868,EV,Automatic,6,500
Bike,General,9,80543,Petrol,Manual,15,1390
Bike,General,9,89006,Petrol,Manual,12,750
Scooty,General,7,44653,Petrol,Automatic,11,690
Car,Major,7,96291,Petrol,Manual,11,10960
Car,Major,13,158181,Diesel,Manual,18,19090
SUV,General,3,45058,Petrol,Automatic,5,7400
Car,General,3,21651,Diesel,Manual,3,5590
Scooty,Major,2,13407,Petrol,Automatic,3,1170
SUV,General,5,56276,Petrol,Automatic,7,6730
Scooty,General,7,31864,Petrol,Automatic,12,860
Electric Scooter,General,2,11625,EV,Automatic,2,440
Car,Major,6,92285,Petrol,Automatic,8,17040
Electric Scooter,Major,2,14482,EV,Automatic,3,1610
Car,General,6,53154,Diesel,Manual,8,6420
Car,Repair,13,176601,Petrol,Manual,22,25380
Bike,General,3,19590,Petrol,Automatic,4,950
Bike,Major,8,42292,Petrol,Manual,10,3420
SUV,General,8,163392,Diesel,Manual,15,8080
Scooty,Repair,8,60193,Petrol,Automatic,10,3500
Car,Repair,2,29631,EV,Automatic,3,8310
SUV,General,3,48134,Diesel,Manual,4,8660
SUV,General,4,49764,Diesel,Automatic,6,8720
Car,General,5,64018,Petrol,Manual,9,3340
Scooty,Repair,4,22471,Petrol,Automatic,7,2090
SUV,Repair,3,51182,EV,Automatic,3,16290
SUV,Major,7,138803,Diesel,Automatic,11,33220
Car,Repair,4,40913,Petrol,Manual,7,11780
SUV,General,9,116482,Petrol,Automatic,16,8420
Car,Major,6,69409,Petrol,Manual,9,8570
Bike,General,9,63016,Petrol,Manual,17,1030
Scooty,Repair,9,52273,Petrol,Automatic,12,2890
Car,General,15,163204,Petrol,Manual,27,5900
SUV,General,13,206172,Diesel,Manual,16,8450
SUV,Repair,6,74829,Petrol,Automatic,10,28160
SUV,General,5,55759,Hybrid,Automatic,6,7140
Bike,General,9,52111,Petrol,Manual,13,1240
Car,General,2,18224,Diesel,Automatic,3,6580
SUV,Repair,9,148642,Diesel,Manual,17,30320
Bike,Repair,5,52174,Petrol,Automatic,9,2390
Electric Scooter,Major,2,11491,EV,Automatic,3,980
Car,Major,3,28923,Petrol,Manual,5,12330
Car,General,3,40688,Petrol,Manual,5,3200
Scooty,Major,9,54855,Petrol,Automatic,15,2420
Electric Bike,Major,2,13645,EV,Automatic,2,2090
Bike,Major,2,14038,Petrol,Automatic,3,2070
SUV,Major,1,16514,Diesel,Automatic,1,19770
Car,General,12,145952,Petrol,Automatic,20,5780
SUV,General,11,163186,Diesel,Manual,14,10810
Bike,General,6,51178,Petrol,Manual,11,1010
Bike,Major,6,42188,Petrol,Manual,11,2660
Electric Scooter,Major,0,1549,EV,Automatic,0,1190
Car,General,3,44489,Diesel,Manual,5,5310
Electric Bike,General,1,10327,EV,Automatic,1,450
Car,General,7,86760,Petrol,Automatic,11,4750
SUV,Major,5,65143,EV,Automatic,6,16290
Electric Scooter,Repair,2,13391,EV,Automatic,2,1430
SUV,General,14,162048,Diesel,Automatic,27,12650
SUV,General,11,175889,Diesel,Manual,20,8900
Electric Bike,Repair,3,17181,EV,Automatic,4,2050
Scooty,General,3,21737,Petrol,Automatic,4,870
SUV,General,5,93901,Petrol,Automatic,9,8300
Car,Major,6,68497,Petrol,Automatic,10,13350
SUV,Repair,7,139120,Diesel,Manual,8,44670
Bike,Repair,5,45721,Petrol,Manual,8,3710
Car,General,2,28093,Petrol,Manual,2,3400
Bike,Major,7,47854,Petrol,Manual,9,2860
Electric Scooter,General,1,8943,EV,Automatic,1,580
SUV,General,2,31428,Petrol,Automatic,3,5580
SUV,Major,6,73073,Diesel,Manual,9,18640
Scooty,Major,9,68459,Petrol,Automatic,15,2110
Electric Scooter,Repair,4,32295,EV,Automatic,7,1740
Bike,Major,3,18015,Petrol,Manual,5,2330
Car,General,4,48498,Petrol,Manual,4,5700
Car,Repair,6,97433,Petrol,Manual,10,15900
Electric Scooter,Major,1,6915,EV,Automatic,1,1010
SUV,Repair,5,90581,Diesel,Manual,9,27390
SUV,Major,6,86295,Hybrid,Manual,9,17180
Bike,General,5,27933,Petrol,Manual,8,920
Car,General,2,26410,Hybrid,Manual,3,4190
Car,Repair,5,69501,Diesel,Manual,8,16860
Bike,General,12,93168,Petrol,Automatic,18,1110
Car,General,6,96182,Petrol,Manual,10,4950
Car,General,13,130913,Petrol,Automatic,24,7850
Electric Bike,General,1,6982,EV,Automatic,1,810
SUV,General,10,125553,Petrol,Manual,19,9200
Electric Bike,General,2,12143,EV,Automatic,3,730
Scooty,General,3,21907,Petrol,Automatic,5,610
Car,Major,12,150645,Hybrid,Manual,21,20490
Electric Bike,General,1,5921,EV,Automatic,1,480
Car,General,5,80139,Diesel,Automatic,7,6030
Car,General,2,15009,Hybrid,Manual,3,5780
SUV,General,3,44015,Diesel,Automatic,5,9990
Car,Repair,4,52882,Hybrid,Manual,5,15800
Electric Bike,General,1,4505,EV,Automatic,1,570
Electric Scooter,General,3,20150,EV,Automatic,3,500
Electric Scooter,General,3,21793,EV,Automatic,4,420
Car,General,5,65545,Petrol,Manual,8,4330
SUV,General,6,105855,Petrol,Manual,9,7680
Electric Scooter,General,3,14243,EV,Automatic,5,520
Car,Repair,11,94894,EV,Automatic,20,15000
SUV,General,3,55489,Hybrid,Manual,5,8250
Car,Repair,4,47651,EV,Automatic,7,7490
Bike,General,7,42236,Petrol,Manual,10,690
Scooty,General,5,31849,Petrol,Automatic,6,580
Car,Major,3,34257,Hybrid,Automatic,4,13530
Bike,General,11,104622,Petrol,Manual,20,1270
Car,General,0,2820,Petrol,Manual,0,5040
Car,General,5,71621,EV,Automatic,9,3380
Car,Major,4,30548,Diesel,Manual,5,13720
Car,General,13,128498,Hybrid,Automatic,16,4940
Bike,General,3,29416,Petrol,Automatic,4,1060
Electric Scooter,General,2,15217,EV,Automatic,3,620
Bike,Major,3,27871,Petrol,Manual,4,2240
Bike,Major,7,67440,Petrol,Manual,10,1760
Car,Repair,6,45712,Hybrid,Automatic,11,14190
Car,General,13,124028,Diesel,Automatic,19,7970
Car,General,11,165613,Petrol,Automatic,21,7170
Car,Major,12,133489,EV,Automatic,14,14570
Car,Major,4,48891,Petrol,Manual,4,12890
Car,General,14,165762,Petrol,Manual,24,5720
Car,General,1,13363,Diesel,Automatic,1,5080
Car,Repair,9,128231,Petrol,Manual,17,19640
Bike,General,0,1226,Petrol,Manual,0,930
SUV,Major,5,55776,Petrol,Manual,9,15470
SUV,Major,4,48216,Hybrid,Manual,6,22030
Bike,Major,6,56211,Petrol,Manual,11,2030
Bike,General,4,33948,Petrol,Manual,6,1130
Scooty,General,6,41965,Petrol,Automatic,9,870
Bike,Major,6,47476,Petrol,Manual,8,3060
Scooty,Major,2,15548,Petrol,Automatic,2,1130
Scooty,General,11,73320,Petrol,Automatic,13,980
SUV,Repair,8,159085,Diesel,Manual,15,41790
Scooty,Repair,4,23255,Petrol,Automatic,7,2320
Scooty,Repair,5,29515,Petrol,Automatic,9,2170
Car,Major,2,20963,Diesel,Automatic,3,13360
Bike,General,12,71592,Petrol,Automatic,21,1200
Car,Repair,0,800,Petrol,Automatic,0,10230
Bike,Major,6,44996,Petrol,Manual,10,2770
Bike,Major,10,77032,Petrol,Manual,17,2380
Car,Major,5,61425,Hybrid,Manual,6,14450
SUV,General,9,133191,EV,Automatic,11,5230
SUV,General,3,55410,Diesel,Manual,5,7640
Electric Scooter,General,2,12830,EV,Automatic,3,450
SUV,General,13,203359,Diesel,Automatic,17,11280
Car,General,5,59327,Petrol,Automatic,8,5230
SUV,General,6,85410,Diesel,Manual,7,8250
SUV,General,3,48996,Diesel,Manual,3,6900
Electric Bike,Repair,2,14205,EV,Automatic,3,1190
Car,General,8,124316,Petrol,Automatic,12,5430
Electric Bike,General,0,650,EV,Automatic,0,600
SUV,General,8,88959,Diesel,Manual,14,9200
Scooty,Repair,4,25777,Petrol,Automatic,5,1490
Car,Major,7,57363,Diesel,Manual,9,15150
Car,General,10,81656,Diesel,Automatic,14,5620
SUV,General,8,164304,Petrol,Manual,12,8850
Bike,Major,13,71142,Petrol,Manual,17,2140
Scooty,Major,5,39181,Petrol,Automatic,9,1370
SUV,Major,8,152674,Diesel,Manual,14,26640
Car,Repair,4,62469,Petrol,Manual,5,9370
Car,Major,1,7512,Diesel,Automatic,1,14080
SUV,General,10,110338,Petrol,Manual,16,6410
SUV,Major,4,67289,Hybrid,Manual,6,23230
Scooty,General,10,44415,Petrol,Automatic,13,860
Car,Repair,10,123850,Hybrid,Automatic,19,26280
Scooty,Repair,12,51835,Petrol,Automatic,20,4210
SUV,General,5,59052,Diesel,Automatic,9,10940
Bike,Major,10,100949,Petrol,Automatic,18,3230
Scooty,Major,8,59884,Petrol,Automatic,13,2410
Bike,Repair,6,45455,Petrol,Manual,11,2080
Car,Major,9,113893,Petrol,Manual,12,13520
Electric Bike,Repair,2,12520,EV,Automatic,2,1810
Car,General,6,92986,Diesel,Manual,7,6120
SUV,Major,1,10342,Diesel,Automatic,1,17300
Car,Major,9,131288,Diesel,Automatic,13,16300
Car,General,3,37727,Diesel,Manual,5,6770
Scooty,Major,4,28974,Petrol,Automatic,5,2080
Scooty,General,4,27573,Petrol,Automatic,7,490
Car,General,4,55326,Diesel,Automatic,5,5030
Bike,General,8,41528,Petrol,Manual,13,1100
SUV,General,14,147211,Diesel,Automatic,27,9770
Electric Scooter,Major,2,10569,EV,Automatic,2,1880
Scooty,Repair,2,12743,Petrol,Automatic,2,1930
Car,General,4,55488,Petrol,Manual,5,4070
SUV,General,7,91358,Petrol,Automatic,8,8390
Electric Scooter,General,0,500,EV,Automatic,0,560
Bike,General,2,17161,Petrol,Manual,3,790
Bike,General,2,18387,Petrol,Automatic,3,610
SUV,General,4,64729,Diesel,Automatic,5,9200
Car,General,5,40746,Petrol,Manual,7,3180
Electric Scooter,General,2,12923,EV,Automatic,2,570
Car,Repair,4,36771,Diesel,Automatic,5,16260
Bike,Major,8,56134,Petrol,Manual,11,3680
SUV,General,5,98529,Petrol,Manual,7,6820
Car,General,5,68238,Diesel,Manual,6,5810
Car,Major,1,11424,Petrol,Manual,1,9400
Scooty,Repair,2,17441,Petrol,Automatic,3,1080
Bike,General,5,46439,Petrol,Manual,6,940
Car,Repair,8,86497,Hybrid,Manual,14,14580
Car,General,6,55500,Petrol,Manual,11,5260
Scooty,Repair,4,26490,Petrol,Automatic,5,2570
Car,General,7,90753,Petrol,Manual,10,5790
Electric Scooter,General,2,12586,EV,Automatic,3,710
Scooty,General,1,6024,Petrol,Automatic,1,540
SUV,Repair,2,21547,EV,Automatic,2,12940
Scooty,Major,7,49105,Petrol,Automatic,10,1800
Scooty,General,8,35672,Petrol,Automatic,10,650
SUV,General,4,62328,Diesel,Automatic,6,9180
SUV,Major,8,152373,Diesel,Manual,14,26650
SUV,Major,4,54919,Hybrid,Manual,7,25140
SUV,Major,11,172540,Hybrid,Automatic,17,27220
Car,General,6,66611,Diesel,Automatic,8,5260
Scooty,General,5,23448,Petrol,Automatic,8,940
SUV,General,6,69693,EV,Automatic,8,6960
Electric Scooter,General,2,12693,EV,Automatic,3,540
SUV,Repair,3,46134,Diesel,Manual,3,27430
Car,Major,9,117158,Diesel,Manual,11,19590
Car,General,5,70114,Diesel,Automatic,7,7080
Car,General,9,130652,Petrol,Manual,12,5300
Car,General,7,93900,Petrol,Automatic,9,5290
Bike,General,6,42645,Petrol,Manual,8,1180
Car,Repair,2,28037,Diesel,Automatic,3,11680
Bike,Repair,7,69129,Petrol,Manual,9,3510
Car,General,5,51080,Hybrid,Manual,7,4860
SUV,Repair,12,141916,Diesel,Manual,23,40280
Electric Scooter,General,1,5374,EV,Automatic,1,480
Bike,General,9,55024,Petrol,Manual,12,1110
SUV,General,2,18157,Hybrid,Automatic,3,8460
SUV,Repair,2,33123,Diesel,Manual,2,19500
SUV,Major,9,128579,Diesel,Automatic,14,40590
Electric Scooter,General,4,23904,EV,Automatic,6,560
Car,General,8,90460,Diesel,Automatic,13,7390
Bike,Major,5,26121,Petrol,Manual,8,2690
Car,General,8,70388,Petrol,Automatic,13,4910
Electric Scooter,General,2,15527,EV,Automatic,2,410
Car,General,14,185731,EV,Automatic,24,3900
SUV,Major,8,155359,Diesel,Automatic,12,36320
Electric Bike,Major,2,11512,EV,Automatic,2,1010
Car,General,6,79862,Petrol,Manual,10,4380
Car,General,4,51221,Petrol,Automatic,5,4380
Car,General,5,48038,Diesel,Manual,7,4070
Car,Major,8,73238,EV,Automatic,10,9550
Car,Major,3,33525,Petrol,Automatic,3,12440
Car,General,10,104185,Diesel,Manual,15,5550
Scooty,Major,3,22906,Petrol,Automatic,3,1440
Car,General,10,151557,EV,Automatic,18,3390
SUV,General,5,100051,EV,Automatic,8,4610
Scooty,Major,3,21171,Petrol,Automatic,4,1950
Scooty,General,2,13285,Petrol,Automatic,2,770
Scooty,General,7,44242,Petrol,Automatic,11,680
Car,Repair,9,112924,Petrol,Manual,12,13230
Bike,Repair,7,67864,Petrol,Manual,10,3540
SUV,General,1,16330,Diesel,Manual,1,5880
SUV,Major,3,34048,Diesel,Automatic,5,29560
Bike,General,7,60891,Petrol,Manual,12,960
SUV,General,2,18656,Petrol,Manual,3,5930
Scooty,Repair,5,20895,Petrol,Automatic,6,2290
Car,General,14,114598,Petrol,Manual,21,4050
Bike,Major,3,30225,Petrol,Manual,4,2590
Electric Scooter,General,2,12962,EV,Automatic,2,440
Scooty,Major,9,64968,Petrol,Automatic,12,2890
SUV,General,11,172913,Diesel,Manual,20,7160
Car,General,13,196655,Diesel,Automatic,20,7200
SUV,Major,3,48120,Petrol,Automatic,5,16750
SUV,Repair,12,149292,Diesel,Manual,15,42390
Car,Repair,9,140342,Petrol,Automatic,14,25230
SUV,General,7,96145,Petrol,Automatic,11,7750
Car,Major,3,40625,Petrol,Manual,5,10380
Car,Major,4,61514,Petrol,Manual,4,12280
Car,General,5,76826,Hybrid,Manual,8,4460
Scooty,General,7,47602,Petrol,Automatic,10,890
Car,Repair,1,18586,Diesel,Automatic,1,12300
Bike,General,8,70111,Petrol,Manual,15,630
Car,General,10,97285,Petrol,Manual,17,4750
SUV,General,9,136178,Diesel,Automatic,17,11220
Car,General,11,150152,Hybrid,Automatic,14,7560
Car,General,7,80087,Diesel,Manual,9,6220
Car,General,11,124672,Diesel,Automatic,16,7990
Electric Scooter,General,2,15673,EV,Automatic,2,770
Car,General,7,72067,Diesel,Manual,11,7160
SUV,Major,11,185579,Petrol,Automatic,18,23460
Electric Bike,Major,3,19626,EV,Automatic,5,1090
Car,General,1,9797,Diesel,Manual,1,4110
Bike,Major,7,35845,Petrol,Manual,13,3570
Bike,General,2,15950,Petrol,Automatic,2,740
SUV,General,9,168633,Diesel,Automatic,16,12600
Bike,Major,3,23111,Petrol,Manual,4,2470
SUV,Repair,5,53542,Petrol,Manual,9,25540
Electric Bike,General,2,17506,EV,Automatic,2,820
Bike,General,5,49045,Petrol,Manual,7,1000
SUV,Repair,5,85210,Diesel,Manual,7,23410
Car,General,10,78720,Petrol,Automatic,13,6490
SUV,General,4,78892,Diesel,Manual,5,8800
Bike,Major,5,25508,Petrol,Manual,6,3330
Car,General,5,72060,Petrol,Automatic,7,4190
SUV,General,5,82211,Diesel,Automatic,7,8970
SUV,General,2,31839,Petrol,Manual,3,7830
SUV,Major,6,106044,EV,Automatic,11,17990
SUV,General,6,92456,Petrol,Manual,7,7950
Car,Major,15,216664,Diesel,Manual,20,14890
Car,General,2,20142,Petrol,Manual,3,3790
Car,Major,7,107929,Diesel,Automatic,9,18560
Electric Scooter,General,2,16464,EV,Automatic,2,700
Scooty,General,5,28389,Petrol,Automatic,8,640
Scooty,General,2,11041,Petrol,Automatic,3,790
SUV,Major,7,127036,Diesel,Manual,11,30480
Car,General,2,20313,Petrol,Automatic,3,3900
Bike,General,1,7506,Petrol,Automatic,1,930
Car,General,8,83268,Petrol,Automatic,9,5250
Electric Scooter,General,2,10164,EV,Automatic,2,400
SUV,Major,1,17292,Diesel,Manual,1,23610
Car,General,5,72443,Diesel,Manual,6,4560
Car,General,9,81729,Diesel,Automatic,11,5380
SUV,Major,3,62386,Petrol,Manual,4,15920
Electric Scooter,Major,2,10652,EV,Automatic,2,1210
SUV,Major,9,102596,Petrol,Manual,15,23170
Car,General,11,129902,Hybrid,Manual,20,4930
SUV,Major,6,68779,Petrol,Manual,11,23660
Scooty,Major,5,39884,Petrol,Automatic,6,2080
Car,Major,4,42347,Petrol,Manual,7,10550
SUV,General,3,33843,Petrol,Manual,5,7070
Car,General,9,117040,Petrol,Automatic,14,4960
SUV,General,3,54956,EV,Automatic,5,5490
Scooty,Major,2,12349,Petrol,Automatic,3,1530
Electric Scooter,General,4,30988,EV,Automatic,7,600
Scooty,Repair,4,21876,Petrol,Automatic,7,2360
Car,General,4,36063,Diesel,Manual,7,6710
Scooty,Major,3,16276,Petrol,Automatic,4,1150
Electric Scooter,General,1,9363,EV,Automatic,1,530
Electric Bike,General,2,15498,EV,Automatic,2,620
Bike,General,5,49238,Petrol,Manual,7,930
SUV,Repair,6,104922,EV,Automatic,10,17490
Bike,Major,9,60863,Petrol,Manual,12,3310
SUV,Major,4,50229,Diesel,Manual,5,22340
Car,General,9,122226,Diesel,Manual,17,5740
Car,Repair,14,208705,Hybrid,Manual,25,25310
SUV,General,5,79777,Hybrid,Manual,7,7200
Scooty,Major,9,57257,Petrol,Automatic,16,1550
SUV,Major,6,92644,Diesel,Manual,11,26790
Car,Major,4,40358,Petrol,Automatic,7,12340
Car,General,3,32267,Diesel,Manual,5,4920
Bike,Repair,4,39993,Petrol,Manual,5,3000
Car,Major,13,158722,Petrol,Automatic,22,20700
Scooty,General,13,98190,Petrol,Automatic,16,570
Bike,Repair,5,38360,Petrol,Automatic,6,2330
Car,Major,11,158940,Petrol,Automatic,15,15230
Car,General,2,29174,Diesel,Automatic,2,5650
Bike,General,8,49422,Petrol,Manual,11,640
Car,Repair,7,107737,Petrol,Manual,9,12390
Car,General,9,142227,Petrol,Manual,17,5420
Scooty,General,11,78226,Petrol,Automatic,14,800
Bike,General,0,1351,Petrol,Manual,0,770
SUV,General,2,29545,Diesel,Automatic,3,7510
Car,Major,6,77459,Petrol,Automatic,11,14540
Car,Repair,6,56325,Diesel,Manual,9,13250
Electric Bike,General,2,15756,EV,Automatic,3,760
SUV,Major,2,30890,Hybrid,Automatic,2,22510
Car,General,10,98651,Diesel,Manual,16,7030
Bike,General,8,60990,Petrol,Manual,10,1220
Electric Scooter,Major,2,15497,EV,Automatic,3,1750
Bike,General,6,35783,Petrol,Manual,11,850
Car,General,6,57747,Petrol,Manual,10,5310
Bike,General,6,33188,Petrol,Manual,7,930
Electric Scooter,Major,3,19534,EV,Automatic,4,1470
Car,General,4,66165,EV,Automatic,7,4110
Bike,General,9,80417,Petrol,Manual,12,830
Bike,General,3,31717,Petrol,Automatic,5,760
Car,General,9,118949,Diesel,Manual,10,4910
Car,General,2,22382,Diesel,Automatic,2,6090
Car,Repair,9,124008,Hybrid,Manual,14,21800
Bike,Repair,7,54346,Petrol,Manual,10,3290
SUV,General,8,99835,Petrol,Automatic,9,6630
SUV,Repair,6,72014,Diesel,Automatic,9,27960
Car,General,10,156890,Petrol,Manual,17,4280
Scooty,General,2,15162,Petrol,Automatic,3,790
Car,General,5,55378,Petrol,Manual,6,4070
Bike,Major,9,80247,Petrol,Manual,14,3850
Bike,General,5,42833,Petrol,Manual,8,660
Car,General,11,155170,Petrol,Manual,18,3780
Car,General,5,59711,Diesel,Automatic,7,4800
SUV,Major,3,41915,Diesel,Automatic,3,22950
Scooty,General,8,59557,Petrol,Automatic,9,770
SUV,General,10,204827,Petrol,Automatic,18,8530
Car,General,2,27447,Petrol,Automatic,3,4680
SUV,Major,5,68754,Diesel,Manual,7,20770
Car,General,2,30646,Petrol,Automatic,2,4190
Bike,General,4,30004,Petrol,Manual,5,1100
Scooty,General,8,63120,Petrol,Automatic,12,490
SUV,General,4,74774,Diesel,Manual,6,9580
SUV,Repair,3,50872,Hybrid,Manual,4,16710
SUV,Repair,6,81440,EV,Automatic,7,17540
Car,General,7,105869,Petrol,Automatic,11,4940
SUV,General,3,58462,Diesel,Automatic,5,9640
SUV,Major,9,94708,EV,Automatic,13,20220
SUV,General,2,31101,Diesel,Automatic,3,7630
Electric Scooter,Major,2,15819,EV,Automatic,3,1590
Scooty,Major,9,65922,Petrol,Automatic,16,1860
Bike,General,5,46278,Petrol,Manual,6,650
Car,Repair,5,59872,Diesel,Automatic,8,17220
Scooty,Major,11,56665,Petrol,Automatic,19,2600
Electric Scooter,General,2,15094,EV,Automatic,3,570
Car,General,9,116538,Diesel,Automatic,17,6180
Car,General,3,36864,Diesel,Manual,4,4390
Scooty,Major,4,24473,Petrol,Automatic,7,2000
Car,Major,6,88478,Petrol,Automatic,11,15250
Bike,General,2,12299,Petrol,Manual,3,870
SUV,General,8,102355,Petrol,Manual,13,6870
Bike,General,3,24716,Petrol,Manual,4,850
Car,General,8,93581,Petrol,Automatic,12,6370
Bike,General,0,881,Petrol,Manual,0,520
Scooty,General,7,42134,Petrol,Automatic,13,650
Bike,Repair,8,43121,Petrol,Automatic,9,2270
SUV,Repair,12,175534,Petrol,Manual,22,37600
SUV,Repair,11,183357,Petrol,Manual,19,29810
Scooty,Major,3,15637,Petrol,Automatic,3,2290
Electric Scooter,General,2,9517,EV,Automatic,3,760
Car,General,9,135984,Diesel,Manual,12,6290
Car,Repair,2,30240,Petrol,Automatic,2,10190
Scooty,Major,10,65916,Petrol,Automatic,18,1700
Car,General,6,96185,Diesel,Automatic,11,5500
Bike,Major,3,29901,Petrol,Manual,4,2130
Car,General,5,72178,Diesel,Manual,9,6550
Bike,Major,4,22971,Petrol,Manual,5,2500
SUV,Repair,3,55624,Diesel,Manual,4,21350
Electric Bike,Major,2,13318,EV,Automatic,3,1190
Scooty,General,4,32044,Petrol,Automatic,7,580
Car,General,10,147113,EV,Automatic,17,4150
SUV,General,3,32477,Diesel,Automatic,4,9490
Electric Scooter,General,2,15489,EV,Automatic,3,460
Car,General,1,14067,Petrol,Automatic,1,5860
Car,General,10,128147,Diesel,Automatic,12,7980
Bike,General,7,61596,Petrol,Manual,13,590
Electric Bike,Major,2,15225,EV,Automatic,2,1460
Car,General,5,78826,Petrol,Manual,9,5820
Scooty,General,9,54224,Petrol,Automatic,15,500
Car,General,3,44792,Diesel,Automatic,5,5710
Car,General,8,117981,Petrol,Automatic,14,5120
Bike,General,12,78502,Petrol,Manual,19,1040
Car,General,3,26262,Petrol,Manual,5,4810
Scooty,Major,3,20464,Petrol,Automatic,5,1860
Electric Bike,Repair,1,7389,EV,Automatic,1,1040
SUV,General,10,109876,Petrol,Automatic,16,11080
SUV,Repair,4,70807,Hybrid,Automatic,5,21910
SUV,Major,5,96326,Diesel,Automatic,8,25480
SUV,Repair,2,30407,Petrol,Manual,3,17880
Scooty,General,4,23557,Petrol,Automatic,5,840
Car,Major,6,56612,Petrol,Automatic,11,11410
Electric Bike,General,1,8397,EV,Automatic,1,830
Bike,General,6,35365,Petrol,Manual,9,740
Car,Major,9,80116,Diesel,Manual,16,12710
Scooty,General,2,12845,Petrol,Automatic,3,620
Car,Major,7,104382,Petrol,Manual,10,10500
SUV,Repair,4,46324,Petrol,Automatic,5,19580
Bike,Major,7,42045,Petrol,Manual,13,3000
Bike,Major,3,21511,Petrol,Automatic,5,2830
Car,General,5,43065,Diesel,Manual,7,4530
Car,Major,11,176093,Petrol,Manual,20,12940
SUV,General,4,41763,Petrol,Automatic,7,8790
Car,Repair,14,171650,Diesel,Automatic,19,34340
Car,General,7,70347,Petrol,Automatic,11,4760
Electric Bike,General,1,7198,EV,Automatic,1,640
Car,General,5,41820,Petrol,Manual,8,3730
Bike,General,9,58880,Petrol,Manual,15,620
SUV,General,9,111565,Diesel,Manual,17,7770
Car,Major,6,85274,Hybrid,Manual,9,11870
Scooty,Major,7,55044,Petrol,Automatic,8,2610
Bike,Major,5,44095,Petrol,Automatic,7,3380
Electric Scooter,General,3,21040,EV,Automatic,5,470
Bike,General,3,25247,Petrol,Manual,5,830
SUV,General,4,61645,Diesel,Automatic,7,8330
SUV,General,3,51047,Diesel,Automatic,5,7150
Bike,General,5,34738,Petrol,Automatic,7,1000
Bike,Major,5,43447,Petrol,Automatic,7,1840
SUV,General,3,43850,Diesel,Manual,3,7530
Car,General,12,110303,EV,Automatic,17,5140
Car,Repair,8,75783,Petrol,Manual,12,12960
Car,General,5,58295,Diesel,Manual,8,6320
Car,Major,10,114091,Hybrid,Automatic,19,20580
Electric Scooter,General,1,3681,EV,Automatic,1,670
SUV,General,5,90996,Diesel,Automatic,8,10960
Car,General,9,145083,Petrol,Manual,14,4310
SUV,General,4,50830,Diesel,Automatic,6,11620
Scooty,General,13,64124,Petrol,Automatic,22,910
Scooty,Major,10,41749,Petrol,Automatic,15,2000
Electric Bike,General,1,10590,EV,Automatic,1,750
Bike,General,2,12070,Petrol,Manual,3,1170
Car,General,3,35450,Diesel,Automatic,5,5020
Bike,Repair,5,48608,Petrol,Automatic,8,2780
Bike,General,1,8346,Petrol,Manual,1,1140
SUV,General,4,78494,Petrol,Manual,6,7820
Car,Repair,9,113814,Petrol,Manual,14,17190
Car,Major,2,25567,Petrol,Automatic,2,13080
Bike,General,4,29551,Petrol,Automatic,7,620
Car,Repair,4,38359,Petrol,Manual,6,8500
SUV,Repair,6,113493,Petrol,Manual,8,31340
Car,General,5,69514,EV,Automatic,6,3480
Car,General,9,132997,EV,Automatic,13,4340
Electric Scooter,Repair,2,11347,EV,Automatic,3,920
Electric Scooter,Repair,2,13420,EV,Automatic,3,1470
SUV,General,5,53168,Petrol,Manual,8,8040
Car,Repair,9,131512,Hybrid,Manual,16,18630
Car,Major,2,21388,Petrol,Manual,3,11980
Bike,Repair,8,67439,Petrol,Manual,14,2530
Bike,General,10,75232,Petrol,Manual,12,950
SUV,Major,4,65599,Petrol,Manual,5,19940
Bike,Major,4,24758,Petrol,Manual,6,2480
Electric Bike,General,2,16389,EV,Automatic,3,580
SUV,General,12,238525,Diesel,Automatic,18,11190
Bike,Major,5,35253,Petrol,Manual,8,2280
Car,Repair,4,41459,Hybrid,Automatic,7,18590
Bike,General,12,118841,Petrol,Automatic,14,1010
Bike,General,1,8398,Petrol,Automatic,1,980
Car,General,8,75224,Diesel,Manual,13,5180
SUV,Repair,10,130272,Diesel,Automatic,17,41490
Car,General,5,59278,Diesel,Automatic,8,5810
SUV,Repair,7,74466,EV,Automatic,12,18580
Car,Major,3,48632,EV,Automatic,3,9660
Bike,General,14,107246,Petrol,Manual,21,1220
Bike,General,1,10963,Petrol,Manual,1,870
Car,General,12,137773,Petrol,Manual,15,6400
Bike,Major,7,63100,Petrol,Manual,10,2330
Bike,General,9,52566,Petrol,Manual,16,1260
Car,Repair,1,11398,Diesel,Manual,1,8990
Car,General,12,136905,Petrol,Manual,20,5780
Electric Scooter,General,3,17206,EV,Automatic,5,650
Electric Bike,Major,3,27001,EV,Automatic,4,2150
SUV,Major,4,69814,Petrol,Manual,6,14060
SUV,General,5,98435,EV,Automatic,7,4590
SUV,Major,4,73725,Diesel,Manual,6,28650
Car,Major,1,11316,Diesel,Manual,1,10890
SUV,General,11,136169,Diesel,Automatic,21,10360
SUV,General,5,92807,Diesel,Automatic,7,9090
SUV,General,7,72340,Petrol,Automatic,11,5830
Bike,General,6,39748,Petrol,Manual,9,1010
Car,Major,8,69917,Petrol,Manual,12,12530
Electric Bike,General,3,16887,EV,Automatic,3,880
Bike,Repair,13,124818,Petrol,Manual,16,5900
SUV,Repair,4,46719,Diesel,Manual,6,20470
Car,General,11,164314,Diesel,Manual,16,7870
Car,General,7,81192,Petrol,Manual,13,4680
Car,Repair,8,125658,Diesel,Manual,14,21940
SUV,General,5,66916,Hybrid,Manual,9,6270
Car,Major,8,103697,Petrol,Automatic,12,15980
SUV,General,4,67648,Diesel,Automatic,4,9500
Bike,Major,6,41131,Petrol,Manual,11,2870
Bike,Major,4,25440,Petrol,Manual,7,1450
Bike,Major,3,18606,Petrol,Automatic,3,2550
Bike,General,12,65073,Petrol,Automatic,22,690
Car,Major,8,101149,Hybrid,Manual,9,15470
Electric Scooter,General,0,1889,EV,Automatic,0,730
Bike,General,10,79542,Petrol,Manual,16,1100
Bike,General,9,71519,Petrol,Manual,11,1190
Bike,General,1,4429,Petrol,Manual,1,920
Car,General,10,132884,Diesel,Manual,12,6530
Scooty,General,5,29468,Petrol,Automatic,8,580
Bike,Major,12,101875,Petrol,Manual,20,2290
Car,Major,9,76929,Diesel,Manual,17,16140
SUV,Major,1,15411,Diesel,Manual,1,18920
Bike,Major,13,102749,Petrol,Manual,19,2510
Electric Bike,General,0,500,EV,Automatic,0,520
Bike,General,8,76263,Petrol,Manual,15,1090
Electric Scooter,General,2,8721,EV,Automatic,3,700
Car,Major,12,167764,EV,Automatic,19,14500
Bike,General,3,18039,Petrol,Manual,4,1070
Electric Scooter,Major,3,13959,EV,Automatic,5,1400
Car,General,5,43309,Petrol,Manual,7,4780
SUV,Repair,9,149820,Petrol,Automatic,17,29750
Car,Major,7,113873,Petrol,Automatic,12,14830
Car,General,7,74332,Petrol,Manual,8,3560
Bike,Repair,2,13983,Petrol,Manual,3,1990
Bike,General,4,21517,Petrol,Manual,5,850
Car,Major,10,103790,Diesel,Manual,16,21070
SUV,Repair,5,67060,Diesel,Manual,8,20020
Car,Major,5,51641,Petrol,Manual,7,11010
Car,Repair,3,42060,Diesel,Manual,4,10170
SUV,General,5,71597,Diesel,Automatic,6,9610
SUV,General,3,43630,Diesel,Manual,4,5990
Car,Repair,2,25024,EV,Automatic,2,8800
Electric Bike,Repair,2,15287,EV,Automatic,3,1230
SUV,General,3,53776,Diesel,Automatic,4,9620
Electric Scooter,General,2,14405,EV,Automatic,3,500
Car,General,12,159521,Diesel,Automatic,21,8810
Scooty,General,6,47732,Petrol,Automatic,11,670
SUV,General,3,48935,Petrol,Automatic,5,7830
SUV,Major,1,13614,Diesel,Automatic,1,22380
SUV,Major,4,57406,Petrol,Manual,7,19730
Car,Major,10,115531,Petrol,Automatic,17,17660
SUV,Repair,5,62848,Petrol,Manual,6,26410
SUV,General,7,115032,Diesel,Automatic,8,12840
Electric Bike,Repair,2,11144,EV,Automatic,3,1570
Car,Major,4,57040,Diesel,Automatic,7,18460
SUV,Major,3,55835,Diesel,Manual,4,19560
Car,Major,7,96249,Petrol,Automatic,12,14630
SUV,General,8,132902,Hybrid,Manual,15,9250
Scooty,General,7,51175,Petrol,Automatic,13,510
Car,General,6,64424,Petrol,Automatic,7,4970
Electric Scooter,Major,2,15729,EV,Automatic,3,1150
Car,Major,6,80761,Hybrid,Manual,9,11870
SUV,General,5,73343,Diesel,Manual,7,9480
SUV,General,8,143260,Diesel,Automatic,12,9190
Scooty,General,4,22190,Petrol,Automatic,7,790
Bike,Major,4,36340,Petrol,Manual,4,3020
Car,General,7,58969,Diesel,Manual,9,6930
Bike,Major,2,20577,Petrol,Manual,2,2250
Electric Bike,Major,3,19760,EV,Automatic,3,1550
Electric Scooter,Major,3,22640,EV,Automatic,4,1660
Car,Major,5,70730,Petrol,Automatic,9,14170
Bike,Major,10,55893,Petrol,Manual,15,3240
Bike,Repair,7,40897,Petrol,Manual,11,2370
Car,Major,8,113765,Petrol,Automatic,14,17390
Scooty,Major,6,42814,Petrol,Automatic,8,2650
Scooty,Major,1,5105,Petrol,Automatic,1,1220
SUV,Repair,7,143463,Petrol,Automatic,10,39150
Car,Repair,7,75941,Petrol,Manual,10,13340
Scooty,Major,2,13453,Petrol,Automatic,3,1570
Car,General,13,168114,Hybrid,Automatic,18,8590
Scooty,Major,6,29573,Petrol,Automatic,8,1750
SUV,Major,11,208374,Diesel,Manual,13,29810
Bike,General,5,46691,Petrol,Manual,7,620
Car,Repair,3,42884,Diesel,Manual,4,10660
Scooty,General,6,28079,Petrol,Automatic,8,890
SUV,General,5,76872,Diesel,Automatic,6,9160
Scooty,Repair,11,81688,Petrol,Automatic,14,2850
Bike,General,14,82001,Petrol,Manual,23,1470
Electric Scooter,General,1,5939,EV,Automatic,1,400
Car,General,8,72990,Petrol,Manual,11,4000
Bike,General,13,99847,Petrol,Manual,20,1120
Bike,Repair,3,30682,Petrol,Manual,5,1610
Car,Major,12,104135,Diesel,Manual,19,18230
SUV,General,8,98361,Hybrid,Automatic,15,9210
Bike,General,3,19585,Petrol,Manual,5,1050
Scooty,General,2,14768,Petrol,Automatic,2,770
Car,Major,13,109030,Petrol,Manual,22,13990
Bike,General,4,35632,Petrol,Manual,6,1050
Car,Major,9,120312,Hybrid,Manual,12,16510
Car,Repair,5,63157,Diesel,Manual,6,14230
SUV,General,4,45189,Petrol,Manual,7,9290
Bike,Major,6,38808,Petrol,Manual,11,2860
SUV,Major,8,125105,Diesel,Manual,13,22490
SUV,General,13,226044,Diesel,Automatic,25,13910
Bike,Major,5,48007,Petrol,Manual,9,3170
Car,General,7,84706,Petrol,Manual,12,5490
Bike,Repair,13,82313,Petrol,Automatic,24,4800
Bike,General,11,92173,Petrol,Manual,20,1290
SUV,General,6,76342,EV,Automatic,10,7150
Car,Repair,3,33827,Diesel,Manual,4,17150
SUV,General,10,137592,Diesel,Automatic,16,8800
Bike,General,5,38798,Petrol,Manual,7,810
Scooty,General,6,47984,Petrol,Automatic,10,490
SUV,General,10,182367,Diesel,Manual,18,8340
Electric Scooter,General,2,15225,EV,Automatic,3,740
Scooty,Major,7,43991,Petrol,Automatic,9,2680
SUV,Repair,2,22508,Diesel,Manual,3,21900
Electric Scooter,Major,2,15835,EV,Automatic,3,1120
Electric Bike,Major,3,15995,EV,Automatic,3,2210
Bike,Major,1,5845,Petrol,Manual,1,1890
Scooty,Repair,6,29036,Petrol,Automatic,8,2510
Bike,Repair,2,17388,Petrol,Manual,3,2770
Bike,Major,7,37636,Petrol,Manual,12,1570
SUV,Major,4,68408,Diesel,Automatic,5,27660
Bike,Repair,7,63575,Petrol,Manual,12,3110
SUV,General,3,35445,Diesel,Automatic,5,11250
SUV,Repair,8,137019,Petrol,Automatic,13,28130
Car,Major,6,77199,Diesel,Automatic,8,19670
Car,General,2,34221,Petrol,Manual,3,4100
Scooty,General,9,69756,Petrol,Automatic,11,760
Scooty,General,7,42494,Petrol,Automatic,13,560
Scooty,General,2,15883,Petrol,Automatic,3,600
SUV,Repair,9,158673,Petrol,Manual,11,26100
Electric Bike,Repair,1,6854,EV,Automatic,1,1090
Car,Major,8,93114,EV,Automatic,12,10000
Car,General,3,42169,Petrol,Manual,5,2940
Car,General,5,54042,Diesel,Manual,6,6630
Car,General,3,46634,Petrol,Automatic,5,5170
Electric Bike,Major,4,26215,EV,Automatic,4,2230
Scooty,Major,5,24374,Petrol,Automatic,6,1410
Car,General,2,30895,Petrol,Automatic,3,5050
Car,Repair,8,87422,Diesel,Manual,13,15390
SUV,General,12,203304,Diesel,Automatic,23,12060
SUV,General,5,87269,Petrol,Automatic,6,5800
Bike,General,3,20533,Petrol,Manual,5,770
Car,Major,5,62446,Diesel,Manual,6,10440
Car,Major,8,80804,Petrol,Automatic,10,14590
SUV,Repair,13,184588,Petrol,Manual,25,38680
Car,Major,4,56690,Diesel,Manual,5,10440
Car,General,3,43856,Diesel,Automatic,4,6930
Scooty,General,2,8285,Petrol,Automatic,3,860
SUV,General,11,204277,Diesel,Automatic,19,14490
Bike,Major,7,46073,Petrol,Manual,12,1780
Car,General,8,95875,Petrol,Automatic,15,6200
Electric Scooter,General,4,26251,EV,Automatic,6,740
Bike,Major,3,21444,Petrol,Manual,5,2130
Car,Major,2,31715,Petrol,Automatic,2,11380
Electric Bike,General,2,12017,EV,Automatic,2,830
Car,General,11,119297,Petrol,Manual,13,5350
SUV,General,10,202591,EV,Automatic,19,6580
Electric Bike,General,1,6626,EV,Automatic,1,640
Car,Major,9,72427,Petrol,Automatic,15,17440
Scooty,Major,6,35333,Petrol,Automatic,8,1890
Scooty,Major,7,56081,Petrol,Automatic,13,1860
Car,General,9,101939,Petrol,Automatic,15,6720
SUV,General,11,174154,Hybrid,Automatic,18,11630
Car,General,8,108906,Petrol,Automatic,14,5700
Car,General,5,69697,Petrol,Automatic,6,5160
Car,Major,11,113501,Petrol,Manual,17,11250
Car,Major,5,43876,Petrol,Automatic,6,15880
Scooty,General,1,8670,Petrol,Automatic,1,650
SUV,Repair,8,120997,Petrol,Automatic,10,21490
Electric Bike,General,2,11956,EV,Automatic,2,580
SUV,General,7,130252,Petrol,Manual,10,6440
Bike,Major,2,10372,Petrol,Manual,2,1920
Scooty,Repair,1,4720,Petrol,Automatic,1,1120
SUV,General,11,178960,Hybrid,Manual,13,8280
Car,Major,5,51909,Diesel,Automatic,7,13800
SUV,General,2,36349,Diesel,Manual,3,7700
Electric Scooter,Repair,2,11924,EV,Automatic,2,1710
Car,Major,5,60859,EV,Automatic,8,10500
Car,Repair,3,33219,Petrol,Manual,4,7680
Scooty,General,5,24780,Petrol,Automatic,6,590
SUV,General,4,54901,Petrol,Automatic,7,7200
SUV,Major,2,35869,Hybrid,Automatic,3,23230
Bike,General,5,43632,Petrol,Manual,6,1080
Car,Repair,6,64577,Diesel,Automatic,7,13610
Scooty,Major,10,39416,Petrol,Automatic,13,2610
SUV,Major,10,176527,Hybrid,Manual,13,26150
SUV,General,1,19091,Diesel,Manual,1,6460
SUV,General,5,57944,Hybrid,Manual,7,6800
SUV,General,7,87762,Diesel,Automatic,12,8480
Car,General,9,132792,Diesel,Manual,12,6090
Car,General,7,77524,Petrol,Manual,13,4010
Car,General,3,42526,Petrol,Manual,4,3630
SUV,Repair,2,22885,Diesel,Automatic,3,19840
Car,General,4,37386,Petrol,Manual,7,4100
Car,General,11,130839,Petrol,Manual,13,5200
SUV,Major,8,133724,EV,Automatic,10,18890
Car,General,1,18314,Diesel,Manual,1,5590
SUV,General,14,235502,Diesel,Manual,26,10090
Bike,General,2,16242,Petrol,Manual,3,720
Car,General,13,174167,Petrol,Manual,16,6610
Scooty,General,1,7139,Petrol,Automatic,1,450
Car,General,4,37423,Hybrid,Automatic,7,5880
SUV,General,2,27285,Hybrid,Automatic,2,9960
Car,General,5,60461,Petrol,Manual,8,4780
Bike,General,3,25190,Petrol,Manual,4,810
Bike,Repair,7,57236,Petrol,Manual,9,2310
SUV,Repair,10,125717,Petrol,Manual,17,31940
Electric Scooter,Major,3,22717,EV,Automatic,4,1810
Scooty,Major,2,14511,Petrol,Automatic,2,1670
Car,Major,8,74213,Petrol,Manual,15,12650
SUV,General,7,104188,EV,Automatic,11,4980
SUV,Major,3,46093,Hybrid,Automatic,4,19160
Car,General,8,76896,Petrol,Manual,11,4660
SUV,Major,6,88624,Diesel,Automatic,9,23650
Bike,Repair,1,9933,Petrol,Manual,1,2600
Car,General,7,109605,Petrol,Manual,11,4680
SUV,General,7,100274,Diesel,Manual,9,8950
Bike,General,9,58761,Petrol,Manual,12,1030
Scooty,Repair,7,36485,Petrol,Automatic,9,2450
Bike,General,6,38656,Petrol,Manual,11,590
SUV,Major,5,51339,Diesel,Automatic,6,23080
SUV,General,5,81511,Petrol,Automatic,9,6570
Scooty,Repair,6,30606,Petrol,Automatic,7,2280
SUV,Major,10,121842,Petrol,Manual,15,27020
Scooty,General,13,54806,Petrol,Automatic,20,740
Car,General,10,154548,Petrol,Automatic,17,6460
Bike,General,4,26509,Petrol,Manual,5,1200
SUV,General,2,31687,Diesel,Manual,3,6430
Electric Bike,General,3,23693,EV,Automatic,4,690
Scooty,General,1,5312,Petrol,Automatic,1,580
Electric Scooter,Major,1,5027,EV,Automatic,1,1400
Electric Scooter,Repair,2,13774,EV,Automatic,3,1130
Car,Major,2,21657,Petrol,Manual,3,8090
Scooty,Repair,11,77689,Petrol,Automatic,13,3870
Bike,Repair,5,37587,Petrol,Automatic,8,3110
Car,General,8,68162,Petrol,Automatic,15,4800
Car,Major,5,75192,Petrol,Manual,7,10000
Electric Bike,Major,0,1993,EV,Automatic,0,1050
Car,Major,7,72168,Petrol,Automatic,13,17230
SUV,General,3,51348,EV,Automatic,5,5730
Car,General,13,174697,Petrol,Automatic,18,6490
Car,General,7,98010,Hybrid,Manual,13,3950
Car,General,5,45039,Petrol,Manual,6,3980
SUV,Major,6,96485,Petrol,Automatic,10,26120
SUV,General,7,128434,Diesel,Automatic,12,10400
Car,General,6,49059,Petrol,Manual,10,5050
SUV,General,3,57024,Diesel,Manual,4,6850
SUV,General,3,44744,Diesel,Manual,5,7700
Car,General,2,28002,Diesel,Manual,3,5750
Car,Major,2,17018,Petrol,Automatic,2,11050
Car,Major,4,41525,Petrol,Manual,7,12140
Car,Major,14,120400,Petrol,Automatic,25,22100
Car,Major,5,40018,Diesel,Manual,7,15290
Bike,General,6,53315,Petrol,Manual,11,1190
Bike,General,3,28257,Petrol,Manual,5,1010
Car,Major,8,96985,Diesel,Manual,12,16720
Car,General,2,22320,Petrol,Manual,2,4980
Bike,General,8,55537,Petrol,Manual,10,1320
SUV,General,10,149070,Petrol,Manual,19,9290
Bike,General,2,14249,Petrol,Automatic,3,1170
Car,General,7,75602,Diesel,Manual,13,6010
Car,Repair,8,88038,Diesel,Manual,14,18350
SUV,Repair,11,198512,Diesel,Manual,14,53490
Electric Scooter,General,3,18717,EV,Automatic,4,510
SUV,General,2,41266,Petrol,Manual,2,5970
Electric Scooter,General,1,5788,EV,Automatic,1,440
Car,General,5,46156,EV,Automatic,6,3180
Car,Major,4,46464,Petrol,Automatic,7,11120
Bike,General,0,2234,Petrol,Automatic,0,630
Electric Scooter,Major,1,7693,EV,Automatic,1,840
Car,General,9,142312,Diesel,Manual,17,5740
Bike,Major,5,41482,Petrol,Automatic,9,2940
SUV,General,5,98773,Diesel,Automatic,7,9640
SUV,General,8,154647,Petrol,Automatic,10,9940
SUV,Repair,7,125698,Petrol,Manual,13,19360
Bike,General,11,99757,Petrol,Automatic,14,1280
Car,Major,4,30900,Petrol,Automatic,6,15140
Car,General,5,68626,Petrol,Manual,9,4220
SUV,General,4,39352,Diesel,Manual,7,7820
Car,Repair,6,93748,Diesel,Manual,9,20240
Car,General,4,45907,Petrol,Manual,6,4920
Car,General,5,54389,Petrol,Manual,7,4380
Electric Scooter,General,0,1189,EV,Automatic,0,560
SUV,Major,2,24537,Diesel,Automatic,2,26520
Car,Major,9,88027,Diesel,Manual,12,12920
Scooty,General,3,19754,Petrol,Automatic,5,580
Scooty,General,6,27468,Petrol,Automatic,9,660
Bike,General,2,17601,Petrol,Manual,2,970
Car,Repair,4,60257,Petrol,Manual,6,13670
SUV,Major,4,75967,Diesel,Automatic,7,30370
SUV,Major,4,83847,Diesel,Manual,6,19280
Scooty,General,2,11351,Petrol,Automatic,3,890
Car,General,6,72535,Petrol,Automatic,11,5160
Scooty,Major,3,20659,Petrol,Automatic,3,1830
Electric Scooter,Major,3,16955,EV,Automatic,5,1930
Electric Scooter,General,2,8570,EV,Automatic,3,450
Car,General,11,118373,Petrol,Automatic,16,7570
SUV,General,10,142720,EV,Automatic,17,7670
Bike,Major,6,52511,Petrol,Automatic,9,3230
SUV,General,1,18710,Diesel,Automatic,1,10710
SUV,Repair,4,63361,Petrol,Automatic,6,18660
Electric Scooter,Major,1,7684,EV,Automatic,1,1290
Electric Scooter,General,2,9262,EV,Automatic,3,590
Car,Repair,1,14221,EV,Automatic,1,7920
Car,Major,5,52885,Diesel,Automatic,6,16020
Car,Major,4,36002,Diesel,Automatic,6,16320
SUV,General,6,108551,Petrol,Automatic,7,8900
Car,Major,4,61898,Diesel,Manual,6,14600
Bike,Major,13,77940,Petrol,Manual,19,4280
Bike,Repair,11,59575,Petrol,Manual,16,5070
Bike,Repair,8,58608,Petrol,Manual,11,2710
SUV,General,10,163376,Diesel,Manual,12,12730
SUV,Repair,4,67779,Diesel,Manual,7,18100
Scooty,General,2,12990,Petrol,Automatic,3,620
SUV,General,5,78225,Diesel,Manual,9,11220
Bike,General,7,43427,Petrol,Manual,8,1200
SUV,Major,7,81457,Diesel,Manual,8,25030
SUV,General,9,135141,Diesel,Manual,13,7750
Car,General,3,22642,Diesel,Automatic,4,5290
Car,Repair,4,50797,Petrol,Manual,7,10160
Electric Scooter,General,2,9922,EV,Automatic,3,410
Scooty,Major,7,53057,Petrol,Automatic,12,2360
Car,General,3,42360,Petrol,Manual,5,3640
SUV,Repair,7,118523,Diesel,Automatic,9,44680
Car,General,6,62288,Petrol,Manual,10,4240
Bike,General,2,11408,Petrol,Manual,3,740
Scooty,Major,5,41284,Petrol,Automatic,7,2140
Bike,General,9,81763,Petrol,Manual,12,1240
Scooty,General,9,69682,Petrol,Automatic,11,970
Car,General,8,64231,EV,Automatic,15,3740
SUV,General,4,59124,EV,Automatic,4,5990
Scooty,Major,2,8446,Petrol,Automatic,2,1640
Car,General,0,3399,Diesel,Manual,0,3760
Electric Scooter,General,1,7204,EV,Automatic,1,670
Car,General,5,74127,Petrol,Manual,6,3310
SUV,Major,6,59564,EV,Automatic,7,17470
SUV,General,6,85661,Hybrid,Automatic,10,10280
Scooty,Repair,4,27849,Petrol,Automatic,6,1600
Bike,General,10,93357,Petrol,Manual,14,1030
Car,General,5,77482,Diesel,Automatic,8,5320
Car,Major,14,217752,Diesel,Automatic,22,25010
Electric Scooter,Major,1,4663,EV,Automatic,1,1590
Car,General,8,107150,Diesel,Manual,11,5780
SUV,General,4,54420,Hybrid,Manual,7,9640
SUV,Repair,10,104597,EV,Automatic,15,20570
Bike,General,8,76546,Petrol,Manual,10,700
Bike,General,11,93230,Petrol,Manual,13,1420
Scooty,General,7,33807,Petrol,Automatic,12,680
Car,General,5,81070,Diesel,Manual,6,5610
Scooty,General,12,60904,Petrol,Automatic,15,750
Bike,General,4,28653,Petrol,Manual,7,1140
Car,General,5,70036,Petrol,Automatic,8,6000
Electric Scooter,Major,2,11731,EV,Automatic,2,1750
Car,General,7,83957,Diesel,Manual,13,5790
Bike,Major,5,39358,Petrol,Manual,8,1500
Car,Major,8,79491,Petrol,Manual,13,12190
Car,General,9,115731,Diesel,Manual,12,6450
SUV,Major,3,43449,Petrol,Automatic,4,17110
Car,General,5,82390,Diesel,Automatic,8,6570
SUV,Repair,5,95138,Diesel,Automatic,7,31710
Bike,General,2,18663,Petrol,Manual,2,1070
Car,General,10,119890,Petrol,Manual,14,3560
SUV,General,6,90180,EV,Automatic,9,5130
Car,Major,6,70913,Petrol,Automatic,11,10840
Scooty,General,6,31587,Petrol,Automatic,8,620
Bike,Repair,12,115065,Petrol,Manual,23,5000
Car,Major,5,76366,Petrol,Automatic,7,13500
Scooty,General,7,49793,Petrol,Automatic,12,940
Car,General,1,15509,Petrol,Manual,1,4870
Car,Repair,5,64043,Petrol,Manual,7,11430
Scooty,Major,5,32589,Petrol,Automatic,6,2020
Electric Scooter,Repair,0,500,EV,Automatic,0,1060
Car,General,6,69362,Petrol,Automatic,7,5230
SUV,General,3,39726,Diesel,Manual,5,9060
Car,General,13,125271,Petrol,Manual,24,4470
Car,Repair,4,50954,EV,Automatic,6,9540
SUV,Major,11,167337,Diesel,Manual,14,36150
Car,General,9,126513,Petrol,Manual,13,4980
Car,Major,2,21188,Petrol,Automatic,3,13850
Car,General,6,75746,Petrol,Automatic,10,5880
Car,General,8,96554,Diesel,Automatic,9,5860
Bike,General,6,49809,Petrol,Manual,8,1290
Car,General,5,76460,Diesel,Manual,6,4510
Car,General,6,94186,Diesel,Automatic,7,5760
Bike,General,6,60892,Petrol,Manual,8,1050
Car,Major,8,73805,Diesel,Manual,11,17630
Scooty,General,2,16013,Petrol,Automatic,3,560
Car,General,9,97380,Petrol,Manual,13,3930
SUV,Major,12,168488,Diesel,Manual,23,36520
Bike,General,6,37211,Petrol,Manual,11,1190
SUV,General,6,61220,Petrol,Manual,9,8270
SUV,Major,4,79907,Hybrid,Automatic,7,23220
SUV,Major,6,93908,EV,Automatic,10,12740
Car,Major,8,129394,Diesel,Automatic,15,21360
Car,Major,7,103934,Petrol,Manual,11,12840
SUV,General,5,49725,Petrol,Automatic,7,7500
Car,General,9,118753,Petrol,Automatic,11,6450
Car,Repair,13,133266,Diesel,Manual,19,27640
Car,General,9,86403,Diesel,Manual,12,5730
SUV,Major,6,110648,Diesel,Automatic,9,28040
Car,Repair,6,71779,Hybrid,Automatic,7,13990
Bike,General,6,34235,Petrol,Manual,11,1230
SUV,General,13,142704,Diesel,Automatic,23,13080
Car,Major,12,187204,Petrol,Manual,15,14750
Scooty,General,9,53253,Petrol,Automatic,17,560
Car,Repair,3,42647,Petrol,Manual,5,9480
Scooty,Repair,10,62280,Petrol,Automatic,19,2660
SUV,Major,4,49691,Diesel,Automatic,5,26270
Bike,General,4,38373,Petrol,Automatic,6,720
SUV,Major,1,21130,Hybrid,Manual,1,15500
SUV,Repair,4,51656,Diesel,Manual,6,20510
SUV,General,11,218006,Diesel,Manual,17,10750
Car,Repair,6,70890,Petrol,Automatic,10,16870
Scooty,General,9,52493,Petrol,Automatic,13,1040
Bike,Repair,5,35298,Petrol,Automatic,8,2730
Electric Scooter,Major,2,12047,EV,Automatic,2,1000
Bike,General,8,49819,Petrol,Manual,15,750
SUV,Major,5,75587,Diesel,Automatic,9,29980
SUV,General,3,57561,Petrol,Manual,3,8790
Car,Major,8,84311,Petrol,Manual,15,15110
Car,Repair,5,42004,Diesel,Manual,9,19650
SUV,Major,3,57052,Petrol,Manual,4,19910
Scooty,General,5,30165,Petrol,Automatic,6,790
Car,Major,6,92201,Hybrid,Automatic,11,18230
Car,Repair,4,57995,Diesel,Automatic,7,16930
SUV,General,3,58127,Diesel,Automatic,5,10660
SUV,Repair,1,17223,Hybrid,Automatic,1,21250
SUV,Major,3,35353,Diesel,Manual,5,15210
SUV,General,3,47161,Diesel,Manual,3,9240
Car,General,3,40803,Diesel,Manual,5,5760
SUV,Repair,13,197082,Hybrid,Automatic,20,37120
Car,General,11,129880,Petrol,Automatic,18,4940
Car,General,5,67701,Hybrid,Manual,8,5960
Electric Bike,Major,1,6843,EV,Automatic,1,1610
SUV,Major,11,131025,Diesel,Automatic,18,35420
Car,General,4,62111,Petrol,Automatic,7,4860
Bike,Major,2,10583,Petrol,Manual,3,1710
SUV,General,1,16767,Petrol,Manual,1,4760
Car,Major,8,101378,Petrol,Manual,11,17590
Car,General,9,91265,Diesel,Automatic,12,8120
SUV,Repair,7,118192,Diesel,Manual,13,34880
Scooty,General,6,24678,Petrol,Automatic,8,500
Scooty,Repair,10,46647,Petrol,Automatic,14,2340
SUV,Repair,3,47888,Hybrid,Manual,5,14610
SUV,Repair,5,93844,Petrol,Automatic,7,20350
SUV,General,11,223178,Petrol,Manual,18,7760
Bike,General,8,54791,Petrol,Manual,13,1030
Car,General,3,36594,Diesel,Automatic,5,5740
Electric Bike,Repair,3,22687,EV,Automatic,4,1690
SUV,Repair,2,33197,Petrol,Manual,2,20670
SUV,General,0,2224,Diesel,Manual,0,7990
SUV,Major,6,118070,Diesel,Manual,9,19850
Car,General,6,82633,Petrol,Automatic,7,7030
Car,Major,10,82840,Diesel,Automatic,13,17350
Car,General,6,67427,Petrol,Automatic,8,5920
SUV,General,0,1000,Hybrid,Manual,0,6820
SUV,Major,6,109038,Diesel,Automatic,9,23040
SUV,General,7,119368,Petrol,Automatic,13,8850
Car,Major,13,194337,Petrol,Automatic,22,16070
SUV,General,7,85321,Diesel,Manual,12,8540
Bike,General,8,62909,Petrol,Manual,12,1100
SUV,Major,6,104114,Petrol,Manual,8,20980
Car,General,6,69342,Petrol,Automatic,7,5310
Bike,Major,6,45150,Petrol,Manual,8,2320
SUV,General,3,56655,Hybrid,Automatic,5,7720
Car,Major,6,59181,Diesel,Automatic,11,14080
Bike,Repair,7,64451,Petrol,Manual,10,4110
Car,General,6,86759,Petrol,Automatic,7,6250
SUV,Repair,6,68659,Diesel,Automatic,7,28440
Scooty,Major,1,3711,Petrol,Automatic,1,1830
Car,General,4,62128,EV,Automatic,6,3260
SUV,General,3,41868,Diesel,Manual,3,6600
Scooty,Major,11,85010,Petrol,Automatic,21,2500
Car,General,3,39960,Petrol,Automatic,5,5800
SUV,Major,8,153412,Hybrid,Automatic,13,21010
Bike,Repair,6,33741,Petrol,Manual,8,3820
SUV,Major,2,32752,Diesel,Automatic,2,18450
Bike,Major,6,47493,Petrol,Manual,8,3010
Bike,General,2,11378,Petrol,Manual,2,960
Bike,General,4,23600,Petrol,Manual,5,620
Bike,General,9,82104,Petrol,Automatic,12,1320
Bike,General,2,15938,Petrol,Manual,2,810
Bike,General,12,71687,Petrol,Automatic,20,1180
Car,General,9,102544,EV,Automatic,14,2980
Car,General,13,199897,Diesel,Automatic,21,8260
Bike,General,7,46796,Petrol,Manual,9,1010
Car,General,10,118239,Petrol,Automatic,16,6360
Electric Scooter,Repair,2,9520,EV,Automatic,3,1560
Bike,General,4,23120,Petrol,Manual,6,990
Scooty,Repair,9,51414,Petrol,Automatic,15,1880
Car,Major,4,56731,Petrol,Automatic,5,13460
Car,General,1,14303,Petrol,Automatic,1,4020
Car,Major,5,62608,Petrol,Manual,6,11730
Car,Repair,4,58510,Diesel,Manual,6,13610
Car,Major,5,46727,Diesel,Manual,9,11430
Car,Repair,3,42456,Petrol,Automatic,5,13630
Car,General,4,53479,Petrol,Manual,5,3920
Car,Major,4,40533,Diesel,Automatic,5,18750
Car,Major,4,36262,Hybrid,Manual,5,10180
Car,Major,9,83870,Hybrid,Automatic,11,16390
SUV,General,12,192122,Diesel,Automatic,14,12810
Electric Scooter,Major,1,6594,EV,Automatic,1,1810
Car,Major,4,54684,Petrol,Automatic,5,14210
SUV,Major,6,90463,Diesel,Manual,9,27200
Car,Repair,11,141063,Petrol,Automatic,17,27340
Car,General,4,48583,Diesel,Manual,5,6590
Car,Major,14,169025,Diesel,Manual,23,25260
SUV,Major,11,220957,Hybrid,Automatic,17,36570
SUV,General,3,63401,Diesel,Automatic,4,11360
SUV,Major,7,83558,Diesel,Manual,10,24490
Bike,Major,10,93501,Petrol,Manual,15,3410
Car,General,10,105168,Petrol,Automatic,13,4640
Electric Bike,General,4,34491,EV,Automatic,7,430
SUV,Major,9,135068,Petrol,Automatic,17,27320
Electric Bike,Major,2,10865,EV,Automatic,2,1180
Scooty,General,5,27602,Petrol,Automatic,6,600
Car,Major,8,86837,Diesel,Automatic,9,17720
Car,General,5,50327,Petrol,Automatic,8,5610
Electric Scooter,General,2,16589,EV,Automatic,3,680
Car,Major,3,42446,Diesel,Manual,5,11170
Bike,Major,1,7177,Petrol,Automatic,1,1890
SUV,Major,5,69767,Hybrid,Automatic,7,27350
Car,General,3,50244,Petrol,Automatic,4,4670
Car,General,3,48501,Diesel,Manual,5,5610
Bike,General,1,4836,Petrol,Manual,1,580
Car,Repair,8,81473,Petrol,Manual,14,12630
Car,Repair,10,84271,Petrol,Manual,12,22570
SUV,Repair,11,159473,Diesel,Manual,15,40990
SUV,General,2,39397,Diesel,Manual,2,9580
Bike,General,7,61199,Petrol,Manual,11,710
Car,Major,2,22359,Diesel,Manual,2,11720
Bike,General,9,47667,Petrol,Automatic,12,1240
SUV,Major,4,52258,Diesel,Automatic,5,25530
Bike,Major,3,23147,Petrol,Manual,5,2790
Car,General,10,144291,Petrol,Manual,14,4730
Electric Scooter,Major,2,10416,EV,Automatic,3,1270
Electric Scooter,Major,1,5053,EV,Automatic,1,1780
Scooty,General,4,20593,Petrol,Automatic,6,830
Bike,Major,2,17996,Petrol,Automatic,3,1830
Electric Scooter,Repair,3,18058,EV,Automatic,5,1550
Car,General,5,70973,Petrol,Automatic,6,5360
Bike,General,3,16642,Petrol,Automatic,5,1020
Electric Bike,General,3,27207,EV,Automatic,5,610
Bike,General,3,22457,Petrol,Manual,3,840
SUV,General,9,154211,Diesel,Manual,12,12240
Car,General,3,37386,Diesel,Manual,4,5230
Bike,Major,11,106594,Petrol,Manual,13,2790
Car,General,9,124948,Petrol,Automatic,12,4760
SUV,General,5,100386,Petrol,Manual,8,6830
Bike,General,6,43678,Petrol,Manual,7,850
Scooty,General,12,64101,Petrol,Automatic,20,860
SUV,Major,10,136770,Diesel,Automatic,15,34540
Car,Major,12,178737,EV,Automatic,16,15250
SUV,General,8,102311,Petrol,Manual,10,8620
Car,General,12,117509,Diesel,Automatic,19,6980
Scooty,General,4,20598,Petrol,Automatic,5,660
Car,General,2,23894,Petrol,Manual,2,3080
Car,Major,7,103746,EV,Automatic,9,8050
Car,General,9,99318,Hybrid,Automatic,15,5510
Electric Bike,General,1,8423,EV,Automatic,1,530
Bike,Repair,2,21291,Petrol,Manual,2,1640
Bike,General,7,46233,Petrol,Manual,12,1030
SUV,Major,3,40872,Diesel,Automatic,5,20790
Bike,General,4,30905,Petrol,Manual,6,710
Car,General,3,43015,Petrol,Manual,4,5550
Bike,Repair,4,28666,Petrol,Automatic,5,2350
Car,General,6,88288,Diesel,Manual,7,5360
SUV,General,11,187528,Diesel,Automatic,16,13020
SUV,General,9,145474,Diesel,Automatic,12,9310
Bike,Repair,5,34985,Petrol,Automatic,6,3410
Car,Major,4,39570,Diesel,Manual,6,11880
Electric Bike,Major,1,7863,EV,Automatic,1,1140
Car,General,12,180224,Petrol,Manual,20,5250
Car,Repair,6,77015,EV,Automatic,7,9870
Bike,Major,5,50108,Petrol,Manual,7,1480
Car,General,3,37630,EV,Automatic,4,3480
Car,General,8,127389,Diesel,Automatic,12,5400
Car,Repair,2,27405,Diesel,Manual,3,13320
SUV,General,0,2145,Petrol,Manual,0,5180
Car,Major,10,152408,Petrol,Manual,13,15640
Bike,Major,6,36683,Petrol,Automatic,9,1810
SUV,General,8,91822,Petrol,Automatic,13,8460
Bike,General,5,38855,Petrol,Manual,6,1000
Car,Major,2,21104,EV,Automatic,2,7990
Car,General,7,103282,Petrol,Automatic,12,6470
Car,General,7,101275,Diesel,Manual,11,5760
Electric Bike,General,2,17981,EV,Automatic,3,630
SUV,General,1,21315,Diesel,Manual,1,9490
SUV,General,5,70358,Diesel,Automatic,9,10780
SUV,Major,1,20097,Hybrid,Automatic,1,22730
Bike,General,5,39527,Petrol,Automatic,7,860
Car,Major,0,1159,Petrol,Automatic,0,10520
Bike,General,7,42998,Petrol,Manual,13,980
SUV,General,3,30342,Diesel,Manual,5,8310
Car,General,10,89682,Petrol,Manual,17,6410
SUV,General,7,136445,EV,Automatic,9,7410
Bike,Major,6,41813,Petrol,Manual,8,3400
Car,General,2,26924,Petrol,Manual,2,5160
Scooty,General,6,43373,Petrol,Automatic,11,700
Electric Scooter,Major,1,3192,EV,Automatic,1,1620
Bike,Major,5,49030,Petrol,Manual,6,2430
Bike,General,10,96142,Petrol,Manual,15,930
SUV,General,3,54835,Petrol,Automatic,4,8510
SUV,General,6,100520,EV,Automatic,11,6040
Electric Bike,Major,0,1012,EV,Automatic,0,1660
Car,General,7,109466,Petrol,Manual,10,4850
Electric Scooter,General,2,14731,EV,Automatic,2,690
Bike,General,6,55533,Petrol,Manual,7,700
Scooty,Repair,5,32062,Petrol,Automatic,7,1600
Car,Major,9,134807,Hybrid,Automatic,12,17130
Car,General,6,88251,Hybrid,Manual,7,5450
Bike,Major,3,26077,Petrol,Manual,5,2020
Bike,Major,4,22670,Petrol,Automatic,5,2340
Car,General,3,28818,Hybrid,Automatic,5,4500
SUV,Major,4,47033,Petrol,Manual,5,22920
Car,General,2,28335,Petrol,Manual,2,4640
Scooty,General,2,15380,Petrol,Automatic,3,470
SUV,Major,4,74578,Petrol,Manual,5,16860
SUV,Major,1,15115,Diesel,Manual,1,21910
Scooty,General,7,50587,Petrol,Automatic,13,890
Car,Major,3,41606,Petrol,Automatic,4,10180
Bike,Repair,4,36334,Petrol,Manual,7,3440
Electric Bike,General,1,5191,EV,Automatic,1,540
SUV,Major,5,86391,Diesel,Automatic,9,33430
SUV,General,13,196553,Diesel,Manual,17,8730
Electric Scooter,Major,4,24036,EV,Automatic,5,1330
Car,General,7,96245,Petrol,Manual,10,3680
SUV,General,4,48125,Petrol,Automatic,7,8490
Car,General,1,16038,Petrol,Manual,1,4690
Electric Bike,Major,0,1280,EV,Automatic,0,1140
Car,Major,6,91212,Diesel,Automatic,11,16520
SUV,General,3,61189,Diesel,Manual,5,8340
Car,Major,7,79510,Diesel,Automatic,12,19260
SUV,Repair,8,118031,Diesel,Manual,13,30950
Car,Repair,5,41465,Diesel,Automatic,9,13240
Car,Major,0,800,Petrol,Manual,0,7680
Car,General,8,83448,Hybrid,Automatic,13,6950
Car,General,10,123670,Petrol,Automatic,13,4830
SUV,General,11,183196,Petrol,Manual,21,8380
SUV,Repair,8,153358,Petrol,Manual,14,22980
Scooty,General,5,34015,Petrol,Automatic,9,880
Car,Major,7,74528,Petrol,Manual,12,16730
Car,General,8,114546,Diesel,Automatic,12,6240
Car,Major,7,97684,EV,Automatic,12,11510
SUV,General,7,98664,Hybrid,Automatic,12,8290
Bike,Repair,7,49692,Petrol,Manual,9,2800
Car,General,9,114144,Diesel,Automatic,16,6810
Scooty,Repair,4,19703,Petrol,Automatic,6,1520
Scooty,General,6,32073,Petrol,Automatic,7,560
Electric Scooter,General,3,15358,EV,Automatic,4,580
Bike,Repair,4,36447,Petrol,Manual,5,2080
Scooty,Major,6,35268,Petrol,Automatic,11,1800
Car,General,6,95368,Diesel,Manual,8,7460
Electric Scooter,Repair,2,15441,EV,Automatic,3,1730
Scooty,Major,2,13533,Petrol,Automatic,2,1720
Electric Bike,Repair,0,1303,EV,Automatic,0,1490
SUV,Repair,3,35586,Diesel,Manual,5,25640
Bike,General,3,28183,Petrol,Manual,5,1090
Car,General,3,46161,Diesel,Automatic,5,6830
Scooty,General,7,45996,Petrol,Automatic,11,990
Electric Scooter,Major,3,18815,EV,Automatic,5,1550
Scooty,General,3,18893,Petrol,Automatic,3,440
Car,General,7,110034,Petrol,Manual,13,4290
Bike,Major,11,87501,Petrol,Manual,17,3280
Bike,General,9,73815,Petrol,Manual,12,990
SUV,Major,9,180241,Diesel,Manual,14,21120
Scooty,Major,4,19831,Petrol,Automatic,6,1460
SUV,General,5,100091,Petrol,Automatic,8,10400
Car,Major,10,141405,EV,Automatic,15,12100
Electric Scooter,Major,0,1049,EV,Automatic,0,1210
Bike,General,13,68716,Petrol,Manual,17,1040
Car,General,0,800,Petrol,Manual,0,4520
SUV,General,4,71388,Hybrid,Automatic,7,10370
Electric Bike,Major,1,4540,EV,Automatic,1,1610
SUV,General,4,52707,Petrol,Manual,5,7590
Car,General,6,86721,Petrol,Manual,8,5100
Electric Scooter,Repair,2,7761,EV,Automatic,2,1710
Bike,General,4,33802,Petrol,Manual,5,1170
SUV,General,9,172374,Diesel,Manual,12,8960
Scooty,General,7,48889,Petrol,Automatic,11,660
Car,General,10,148669,Diesel,Manual,15,4940
SUV,Major,4,55342,Diesel,Manual,6,26130
Car,General,6,81847,Petrol,Manual,11,3130
Car,Major,6,76851,Petrol,Manual,10,11220
SUV,Repair,6,94796,Diesel,Automatic,7,26920
Bike,General,7,48942,Petrol,Manual,9,1060
Car,General,6,63495,Petrol,Manual,10,4180
Scooty,Major,5,30705,Petrol,Automatic,9,2520
Bike,General,3,23172,Petrol,Manual,5,640
SUV,Repair,5,80730,Hybrid,Automatic,6,20250
Scooty,General,6,44760,Petrol,Automatic,10,920
Car,General,6,77057,Diesel,Automatic,9,6300
SUV,Major,8,109680,Diesel,Manual,12,29170
SUV,General,3,57487,EV,Automatic,5,5470
Electric Scooter,General,4,25201,EV,Automatic,5,810
Car,Major,4,46618,Hybrid,Manual,5,12360
Scooty,Major,5,23464,Petrol,Automatic,9,2690
Electric Scooter,Repair,1,6968,EV,Automatic,1,1450
Car,Repair,4,41526,Hybrid,Automatic,5,14280
Electric Scooter,Major,2,10647,EV,Automatic,3,1290
SUV,General,7,90260,Diesel,Manual,8,9650
Car,Major,8,101751,Diesel,Automatic,14,21640
Scooty,General,9,44474,Petrol,Automatic,15,690
SUV,Major,9,103448,Petrol,Manual,16,26750
Scooty,General,7,37916,Petrol,Automatic,11,870
Car,General,5,48822,Diesel,Manual,9,6320
SUV,General,8,101655,Diesel,Automatic,15,12790
SUV,Major,4,49850,Diesel,Automatic,7,29700
Electric Bike,Repair,4,26008,EV,Automatic,5,1450
SUV,General,5,90299,Diesel,Manual,7,8660
Car,Major,14,206118,Petrol,Manual,26,17010
SUV,Repair,5,89711,Petrol,Manual,9,21410
SUV,General,4,47243,Petrol,Automatic,5,7730
Car,Major,4,63228,Petrol,Automatic,7,10100
Car,Repair,7,105527,Hybrid,Automatic,11,20780
Scooty,General,4,28298,Petrol,Automatic,5,620
Scooty,General,6,28133,Petrol,Automatic,9,710
Car,Major,9,140658,Petrol,Manual,16,16630
Car,Major,3,40022,Petrol,Automatic,5,16490
Scooty,Major,9,46320,Petrol,Automatic,12,1490
SUV,Repair,1,15339,Diesel,Manual,1,18650
Bike,General,7,48227,Petrol,Manual,10,830
Bike,Major,3,20572,Petrol,Manual,4,1500
Bike,Major,8,75220,Petrol,Manual,14,2150
SUV,Repair,5,69546,Diesel,Manual,7,20570
Car,Major,2,16384,Petrol,Automatic,3,10730
SUV,General,7,101033,Diesel,Manual,13,7600
SUV,General,6,72596,Petrol,Manual,11,5680
Electric Scooter,General,1,3337,EV,Automatic,1,520
SUV,Repair,7,142816,Petrol,Automatic,8,38000
Car,General,4,40071,Petrol,Manual,5,3320
Bike,Major,3,18393,Petrol,Manual,5,2880
Electric Bike,General,0,500,EV,Automatic,0,770
Electric Scooter,General,1,7788,EV,Automatic,1,430
SUV,General,4,54437,Diesel,Manual,5,7810
Car,Major,11,127598,Petrol,Automatic,16,15610
SUV,Repair,4,61511,Diesel,Manual,6,29060
Car,Major,11,128754,Petrol,Automatic,21,22150
Car,General,3,43111,Petrol,Manual,4,4290
Bike,General,7,45684,Petrol,Manual,13,890
Scooty,General,6,46028,Petrol,Automatic,7,1040
SUV,General,2,40447,Petrol,Automatic,2,5690
Scooty,General,1,4742,Petrol,Automatic,1,410
Car,General,10,139502,Petrol,Automatic,12,5010
Electric Scooter,Major,3,15166,EV,Automatic,5,1290
Car,General,9,123284,Petrol,Manual,14,5650
Scooty,General,4,28095,Petrol,Automatic,6,480
Car,Repair,5,69880,Petrol,Automatic,9,13520
Scooty,Major,2,14747,Petrol,Automatic,3,2280
Scooty,General,7,31553,Petrol,Automatic,9,900
Scooty,Major,1,6784,Petrol,Automatic,1,1830
SUV,Repair,12,210176,Hybrid,Automatic,21,47910
SUV,Major,5,83209,Diesel,Manual,9,21940
Car,General,14,215556,Petrol,Manual,21,4370
SUV,General,4,45601,Diesel,Automatic,5,9410
SUV,General,6,98390,Diesel,Automatic,8,10340
SUV,Repair,11,139309,Diesel,Manual,17,52520
Car,Major,3,45215,Petrol,Manual,4,12850
SUV,General,5,99064,Diesel,Automatic,6,8440
Car,Major,5,71482,Petrol,Automatic,9,10020
Scooty,Major,6,32507,Petrol,Automatic,8,2240
Scooty,General,4,17353,Petrol,Automatic,6,600
SUV,Repair,2,39235,Petrol,Manual,3,17930
Car,General,1,18410,Petrol,Automatic,1,5180
SUV,Repair,1,18864,Petrol,Manual,1,9740
Car,General,1,14486,EV,Automatic,1,4350
SUV,General,9,180787,Petrol,Automatic,14,6440
Car,General,10,96064,Petrol,Manual,13,4790
Car,Major,3,37486,Diesel,Manual,5,9500
Car,Major,1,15844,Petrol,Manual,1,8580
Electric Bike,General,1,6741,EV,Automatic,1,640
SUV,General,10,193424,Petrol,Automatic,19,10300
Bike,Repair,3,27028,Petrol,Manual,4,2890
Bike,Repair,5,33074,Petrol,Manual,7,2140
Car,Major,8,93396,Petrol,Manual,14,10030
Car,Major,2,26365,EV,Automatic,2,7670
Bike,Repair,6,50350,Petrol,Manual,7,3900
Car,General,4,32790,Petrol,Manual,7,5700
Car,General,7,105408,Petrol,Automatic,11,6240
Car,General,3,40076,Petrol,Automatic,4,4920
Bike,Major,2,9012,Petrol,Manual,3,1400
Car,Repair,5,66879,Diesel,Manual,6,20310
Bike,General,10,55966,Petrol,Manual,19,1170
SUV,General,5,52695,Petrol,Manual,6,5220
Car,General,6,59079,Petrol,Automatic,7,5950
Car,Major,4,51385,EV,Automatic,6,9590
Car,Major,7,66847,Petrol,Manual,13,11490
Car,General,4,39096,Petrol,Automatic,7,5170
Electric Bike,General,2,12178,EV,Automatic,2,680
Electric Scooter,General,2,10568,EV,Automatic,3,460
Car,General,6,81186,Petrol,Automatic,8,5140
Bike,Major,4,27571,Petrol,Manual,4,2400
Car,Major,3,38310,Petrol,Manual,5,11630
Car,General,12,149041,EV,Automatic,16,4570
Car,General,5,68484,Petrol,Manual,7,4920
Scooty,Major,3,12907,Petrol,Automatic,3,2260
SUV,General,13,252436,Petrol,Automatic,18,8430
Bike,Major,10,54392,Petrol,Manual,12,2190
Scooty,Repair,6,31255,Petrol,Automatic,7,1910
SUV,General,6,85988,Petrol,Automatic,10,7800
Electric Scooter,General,3,21662,EV,Automatic,5,710
Car,Repair,9,76943,Hybrid,Manual,11,16840
Car,General,4,43779,Petrol,Manual,6,5190
Car,General,5,81938,EV,Automatic,6,4170
Car,Repair,7,64114,Petrol,Automatic,9,14660
Car,Major,10,158575,Petrol,Automatic,16,17130
Electric Bike,General,0,500,EV,Automatic,0,550
Car,General,3,49107,Diesel,Automatic,3,6930
Car,Major,10,161495,Petrol,Manual,17,15490
SUV,General,1,10714,Petrol,Manual,1,5990
Car,General,5,54653,Petrol,Manual,7,3920
Scooty,General,5,26495,Petrol,Automatic,8,860
Car,General,5,81752,Petrol,Manual,7,4390
Bike,General,5,30907,Petrol,Manual,8,960
Scooty,Major,9,56327,Petrol,Automatic,17,2840
SUV,Repair,3,42029,Diesel,Automatic,4,20340
Scooty,General,7,34846,Petrol,Automatic,11,880
Electric Scooter,General,3,17444,EV,Automatic,4,450
Bike,Major,11,59676,Petrol,Manual,14,2230
Car,General,7,72591,Petrol,Manual,12,4820
Car,General,5,70929,Diesel,Manual,7,6820
Car,General,4,61650,EV,Automatic,4,4010
Scooty,General,10,63997,Petrol,Automatic,19,960
Scooty,General,4,27988,Petrol,Automatic,6,820
Scooty,General,2,8293,Petrol,Automatic,3,930
Car,Major,2,27621,Petrol,Automatic,2,13030
SUV,General,9,178628,Diesel,Manual,15,12120
Bike,General,4,33505,Petrol,Manual,7,730
Bike,General,2,13055,Petrol,Automatic,3,770
Car,General,5,47680,Petrol,Automatic,9,5630
Electric Bike,General,1,7778,EV,Automatic,1,750
Car,General,3,46951,Petrol,Manual,4,3050
Scooty,General,4,18459,Petrol,Automatic,7,890
Scooty,Major,7,48932,Petrol,Automatic,13,1760
Bike,Repair,5,32316,Petrol,Manual,8,2920
Car,General,11,117331,Petrol,Manual,18,3700
Scooty,General,11,60328,Petrol,Automatic,18,560
Scooty,Repair,5,25103,Petrol,Automatic,7,2150
Electric Bike,Repair,1,7545,EV,Automatic,1,1610
Car,Major,3,41260,Diesel,Manual,4,12370
Electric Scooter,General,0,500,EV,Automatic,0,730
SUV,General,11,155750,Petrol,Automatic,18,9880
Scooty,Major,5,33460,Petrol,Automatic,8,1660
Electric Bike,Major,3,18187,EV,Automatic,3,2170
SUV,General,9,125272,Diesel,Manual,10,10220
SUV,Repair,9,135055,Hybrid,Automatic,15,30090
Car,General,5,61649,Diesel,Automatic,6,5210
Car,Repair,5,67899,Petrol,Manual,8,14260
SUV,Major,4,44650,Petrol,Manual,4,19780
SUV,Major,8,102695,Diesel,Automatic,15,31520
Car,General,10,148726,Diesel,Automatic,13,8370
Scooty,Repair,9,55138,Petrol,Automatic,16,2450
SUV,General,3,36910,Hybrid,Manual,5,7040
Car,General,6,84399,Petrol,Automatic,10,4290
Car,General,5,46622,Petrol,Automatic,7,5960
Car,Major,7,81201,Petrol,Manual,12,9960
Car,General,7,59281,Diesel,Manual,8,6930
Car,General,7,110499,Diesel,Manual,11,6720
Car,General,6,87122,Hybrid,Manual,10,5370
SUV,General,10,125979,Diesel,Manual,17,7480
Car,General,6,93892,Hybrid,Manual,11,4530
Electric Bike,General,3,18113,EV,Automatic,5,450
Car,Repair,6,77060,Diesel,Automatic,8,20000
Bike,General,6,57090,Petrol,Automatic,7,1200
Bike,General,3,29974,Petrol,Manual,4,970
Car,Major,4,50661,Petrol,Automatic,6,11370
Bike,Repair,10,65222,Petrol,Automatic,14,3310
SUV,General,10,113451,Petrol,Automatic,16,10850
Car,Major,2,33881,Diesel,Manual,3,10450
Car,Major,3,45279,Petrol,Manual,5,11590
Scooty,General,9,49649,Petrol,Automatic,16,890
Scooty,Major,4,25585,Petrol,Automatic,6,2280
Bike,General,0,500,Petrol,Manual,0,1080
SUV,Repair,6,109268,Petrol,Automatic,10,33810
Car,General,11,123228,Petrol,Automatic,19,5150
Scooty,Major,11,83251,Petrol,Automatic,20,2960
Electric Scooter,General,1,3422,EV,Automatic,1,430
Car,Repair,3,43156,Petrol,Automatic,3,13400
Bike,Repair,9,63901,Petrol,Automatic,14,5230
SUV,General,2,28620,Hybrid,Automatic,2,7000
Car,Repair,1,9262,Petrol,Automatic,1,8680
Car,General,4,45467,Petrol,Manual,7,4650
SUV,General,2,25880,EV,Automatic,3,4030
Car,General,9,115332,Petrol,Manual,17,4500
Bike,General,2,18411,Petrol,Manual,3,640
Car,General,6,76280,Petrol,Manual,11,3830
Scooty,General,2,9082,Petrol,Automatic,3,500
SUV,Repair,5,61325,Petrol,Automatic,9,21970
SUV,General,3,44707,Petrol,Manual,3,8060
Bike,Major,6,52880,Petrol,Manual,10,1960
Scooty,General,2,8671,Petrol,Automatic,2,590
Bike,General,11,64303,Petrol,Manual,19,800
SUV,Major,10,182046,Diesel,Automatic,17,37340
Bike,Major,8,79498,Petrol,Manual,14,3780
SUV,General,6,61480,EV,Automatic,8,6620
Bike,Repair,10,91829,Petrol,Manual,12,4330
SUV,Major,3,33922,Diesel,Automatic,5,23940
Scooty,Repair,2,14231,Petrol,Automatic,3,1730
Electric Bike,General,2,17604,EV,Automatic,3,720
SUV,General,5,67162,Diesel,Automatic,8,8410
Electric Scooter,Major,2,13045,EV,Automatic,2,1250
SUV,General,5,101126,Petrol,Manual,6,6160
Car,Major,4,38425,Diesel,Automatic,5,11470
SUV,Major,2,35874,Diesel,Manual,3,17700
Electric Scooter,Repair,2,8998,EV,Automatic,3,1430
SUV,General,3,33500,Petrol,Automatic,4,7120
Car,General,4,43383,Petrol,Automatic,5,4810
Car,General,2,21605,Diesel,Manual,3,5270
Bike,General,10,94579,Petrol,Manual,18,860
Bike,General,4,31255,Petrol,Manual,7,740
Scooty,General,5,37696,Petrol,Automatic,6,830
Car,General,6,76716,EV,Automatic,10,3370
SUV,General,3,41377,Petrol,Automatic,5,7600
SUV,Major,7,87789,Diesel,Manual,9,28870
Bike,Major,7,56936,Petrol,Manual,8,2020
Bike,General,8,64308,Petrol,Manual,13,1070
Car,Major,5,74807,Petrol,Manual,8,12730
Car,General,7,112076,Petrol,Manual,8,3240
Car,Repair,1,12631,Petrol,Manual,1,8380
Car,General,11,134602,Petrol,Manual,18,4520
Car,Major,8,70018,Hybrid,Manual,10,10510
Electric Bike,General,2,12871,EV,Automatic,3,460
Car,General,8,68426,Petrol,Manual,13,4910
Scooty,General,4,28365,Petrol,Automatic,6,900
Scooty,General,1,7252,Petrol,Automatic,1,870
Bike,Repair,7,48352,Petrol,Manual,13,4610
Scooty,General,6,32135,Petrol,Automatic,9,800
Electric Bike,Major,3,18294,EV,Automatic,4,1450
SUV,Repair,3,47871,Diesel,Automatic,4,24840
SUV,General,5,87057,Diesel,Manual,9,9440
Bike,General,7,57962,Petrol,Manual,8,1220
Car,Repair,4,57601,Diesel,Automatic,6,20980
Car,General,6,64483,Petrol,Automatic,9,5330
Car,General,9,102333,Petrol,Manual,16,5760
Car,General,12,175516,Diesel,Automatic,16,5520
SUV,General,3,34048,Hybrid,Automatic,3,10320
Electric Scooter,General,2,14463,EV,Automatic,3,590
Car,Major,11,138442,Petrol,Manual,18,15520
Scooty,General,5,36008,Petrol,Automatic,7,790
SUV,Repair,3,34073,EV,Automatic,4,16200
Bike,General,11,74073,Petrol,Manual,18,690
Bike,Major,2,17154,Petrol,Manual,3,1950
Bike,General,11,84161,Petrol,Manual,16,950
Car,Repair,13,169596,Petrol,Manual,21,26000
Scooty,Major,3,16806,Petrol,Automatic,3,2330
Bike,General,4,39159,Petrol,Manual,5,1070
Bike,Repair,0,2031,Petrol,Manual,0,1440
Car,General,7,107832,Petrol,Manual,8,6230
Bike,General,0,500,Petrol,Manual,0,770
Electric Scooter,General,3,20044,EV,Automatic,4,730
Bike,Major,0,500,Petrol,Manual,0,1850
Bike,General,1,6371,Petrol,Manual,1,1120
Car,Major,4,36675,Petrol,Automatic,6,10820
SUV,General,7,132856,Diesel,Automatic,10,12080
SUV,General,9,138186,Petrol,Manual,16,7920
Car,General,6,52042,Petrol,Manual,10,4360
Car,Major,8,99287,Petrol,Manual,14,10540
Car,Major,12,105131,Petrol,Automatic,23,16770
Car,General,4,36684,EV,Automatic,7,3020
Car,General,11,106524,Diesel,Manual,13,5450
Car,General,9,81144,Diesel,Manual,17,6710
Bike,General,3,16865,Petrol,Manual,4,680
Bike,General,10,55995,Petrol,Manual,18,890
Electric Scooter,Repair,1,6371,EV,Automatic,1,1250
SUV,General,1,13543,Diesel,Manual,1,6940
Car,Major,1,10915,Petrol,Automatic,1,10660
SUV,General,4,67870,Petrol,Automatic,6,7250
Car,General,2,22307,Petrol,Manual,3,3610
Bike,General,8,73875,Petrol,Manual,15,1330
SUV,Major,9,182142,Diesel,Manual,10,23630
Car,General,2,21698,Hybrid,Manual,3,3590
SUV,General,5,59464,Diesel,Automatic,8,9720
Bike,General,4,36894,Petrol,Manual,6,1140
Electric Scooter,Major,3,14566,EV,Automatic,5,1650
SUV,General,4,69019,Diesel,Manual,6,7130
Car,General,6,55449,EV,Automatic,7,3460
Scooty,General,8,50436,Petrol,Automatic,15,810
Scooty,Major,9,50991,Petrol,Automatic,12,1400
Bike,General,2,15461,Petrol,Manual,3,1090
Car,General,7,71279,Petrol,Manual,8,3330
Scooty,General,2,11160,Petrol,Automatic,3,560
Car,Repair,3,42714,Petrol,Automatic,4,12830
Car,General,5,48686,Petrol,Manual,6,4100
Bike,General,10,66556,Petrol,Manual,15,1130
Car,Repair,5,65923,Petrol,Manual,6,14190
Car,General,12,155071,Petrol,Manual,14,4280
Bike,Repair,7,37423,Petrol,Manual,13,2050
SUV,General,7,80608,Hybrid,Automatic,13,9400
Car,General,4,47913,Diesel,Automatic,7,6940
SUV,Major,5,70792,Diesel,Manual,9,19840
Electric Bike,General,4,24139,EV,Automatic,7,620
SUV,General,4,46693,Diesel,Manual,6,7810
Car,Repair,0,4176,Petrol,Manual,0,8450
Scooty,General,5,34850,Petrol,Automatic,6,700
Bike,Repair,0,500,Petrol,Manual,0,1090
Car,Major,7,64896,Petrol,Manual,12,9570
Electric Scooter,General,1,9692,EV,Automatic,1,410
Bike,General,6,42106,Petrol,Manual,8,1120
Bike,Repair,9,88758,Petrol,Automatic,13,2830
Electric Bike,General,2,15894,EV,Automatic,2,700
Electric Bike,Major,3,19423,EV,Automatic,4,1490
SUV,General,6,76928,Diesel,Manual,10,8330
Scooty,General,0,1834,Petrol,Automatic,0,710
Car,Repair,11,87890,Petrol,Automatic,21,17750
SUV,General,1,13380,EV,Automatic,1,4790
Scooty,General,1,6708,Petrol,Automatic,1,830
Scooty,General,10,43208,Petrol,Automatic,18,1050
Scooty,Major,3,15521,Petrol,Automatic,5,1190
SUV,General,3,42640,Petrol,Manual,5,8280
Electric Scooter,General,1,7999,EV,Automatic,1,620
SUV,General,4,50660,EV,Automatic,7,5440
Electric Bike,General,1,5891,EV,Automatic,1,390
Car,General,6,59583,Diesel,Automatic,8,5920
Car,General,4,40472,Petrol,Manual,7,3560
SUV,Major,6,85854,Diesel,Automatic,9,30990
Car,Repair,6,80610,Diesel,Automatic,8,20380
Electric Scooter,General,3,17176,EV,Automatic,3,640
Car,Major,11,168652,Petrol,Manual,16,15260
Bike,General,1,7868,Petrol,Manual,1,790
SUV,General,10,188499,Diesel,Automatic,14,10410
Bike,General,7,48959,Petrol,Manual,9,620
Scooty,Major,3,20197,Petrol,Automatic,5,1290
SUV,General,4,47147,Petrol,Automatic,5,6160
Car,General,3,39375,Diesel,Automatic,4,5740
Scooty,General,6,23064,Petrol,Automatic,8,590
Bike,Repair,6,33596,Petrol,Manual,8,2460
Car,Major,8,123332,Petrol,Automatic,13,14570
SUV,General,3,51987,Diesel,Manual,5,8470
Car,Major,4,36180,Diesel,Automatic,5,14940
Scooty,General,7,38014,Petrol,Automatic,13,730
Bike,Major,2,13475,Petrol,Manual,2,1480
SUV,Major,9,164755,EV,Automatic,11,21870
Car,Major,7,73063,Petrol,Manual,9,13140
Bike,Major,7,46810,Petrol,Manual,11,2210
Car,General,1,9067,Diesel,Automatic,1,5660
Car,General,6,59907,Diesel,Manual,10,4690
Car,Repair,4,33978,Diesel,Manual,5,12560
Car,Major,5,44203,Petrol,Manual,6,12220
Car,Repair,11,118015,Petrol,Manual,13,21800
SUV,General,6,72636,Diesel,Manual,9,8610
Bike,General,5,29392,Petrol,Manual,7,560
Car,Repair,5,74499,Diesel,Automatic,9,22750
Bike,Repair,3,16384,Petrol,Manual,5,1860
Car,Repair,7,73954,Petrol,Manual,13,15090
Bike,Major,5,34073,Petrol,Manual,6,3350
Car,Repair,2,22395,Petrol,Automatic,3,12670
Car,Major,4,47844,Petrol,Manual,6,10240
Electric Scooter,Repair,3,13332,EV,Automatic,5,1790
Car,Repair,2,27443,Petrol,Automatic,2,15810
Car,Major,4,32612,Petrol,Automatic,6,12950
SUV,Major,10,105499,Diesel,Automatic,17,21930
Car,General,4,43792,Petrol,Manual,7,4870
Car,General,8,116618,Diesel,Automatic,13,5240
Car,General,6,53676,Petrol,Automatic,10,5460
Bike,Major,2,20876,Petrol,Manual,2,2390
Bike,General,1,10674,Petrol,Manual,1,920
Scooty,General,7,43467,Petrol,Automatic,9,620
Bike,General,1,8069,Petrol,Automatic,1,700
Electric Scooter,Major,1,8836,EV,Automatic,1,1070
Bike,Repair,3,29014,Petrol,Manual,5,1710
Electric Scooter,Repair,3,22020,EV,Automatic,5,1500
Car,Major,11,119909,Hybrid,Automatic,18,21350
Car,General,9,136488,Petrol,Manual,12,5900
Car,General,2,19072,Diesel,Manual,3,3840
SUV,General,4,64342,Diesel,Automatic,5,10890
Scooty,Repair,3,16552,Petrol,Automatic,5,1600
Car,General,6,56919,Diesel,Manual,8,5880
SUV,General,8,153408,Diesel,Automatic,10,12440
Car,General,13,135075,Hybrid,Manual,18,6410
Car,General,9,77942,Diesel,Automatic,12,5180
Bike,General,8,62679,Petrol,Manual,11,1150
Bike,General,4,26188,Petrol,Manual,6,1020
Car,General,8,65630,Diesel,Manual,9,5910
SUV,General,6,105683,Diesel,Automatic,8,9380
SUV,General,2,32349,Petrol,Automatic,3,8430
Car,Repair,9,77184,Petrol,Automatic,16,24010
SUV,General,5,61079,EV,Automatic,9,5270
SUV,General,8,94980,Petrol,Automatic,14,7980
SUV,Major,3,51570,Diesel,Manual,4,17790
Car,General,7,97941,Petrol,Automatic,10,5940
SUV,General,7,133804,Diesel,Automatic,10,11660
SUV,Repair,3,42701,Petrol,Manual,4,20500
Electric Bike,Major,2,17737,EV,Automatic,3,1170
Scooty,General,6,39487,Petrol,Automatic,10,700
Electric Bike,General,2,17240,EV,Automatic,2,560
Electric Scooter,Major,1,4148,EV,Automatic,1,1320
Car,Major,10,159347,Diesel,Automatic,17,19380
SUV,Major,3,48086,Petrol,Manual,4,13960
Electric Scooter,Repair,2,15201,EV,Automatic,2,1090
Bike,General,2,15313,Petrol,Manual,3,740
Electric Bike,Major,0,1427,EV,Automatic,0,1400
Scooty,General,10,43006,Petrol,Automatic,15,1010
Bike,Major,5,49299,Petrol,Manual,9,2460
SUV,Major,11,173718,Diesel,Automatic,16,40940
SUV,General,4,72146,Diesel,Automatic,7,10520
Car,Major,8,74410,Petrol,Manual,14,12790
Scooty,Major,1,7364,Petrol,Automatic,1,1730
Car,Major,6,82612,EV,Automatic,7,9320
Bike,Major,7,33788,Petrol,Manual,12,2470
Bike,General,4,40734,Petrol,Manual,5,780
Car,Major,9,126681,Diesel,Manual,12,20870
Car,General,8,75356,Diesel,Manual,14,6890
Bike,General,7,70584,Petrol,Automatic,12,870
Bike,Major,5,43648,Petrol,Manual,9,2170
Car,Repair,4,42102,Petrol,Manual,6,15590
SUV,Major,2,35925,Petrol,Manual,3,17700
SUV,General,9,136567,Diesel,Automatic,13,11060
Car,General,13,150476,Diesel,Manual,22,5400
Car,General,11,162642,Diesel,Manual,20,7630
SUV,General,3,38637,Petrol,Automatic,5,10180
Scooty,Major,7,31897,Petrol,Automatic,11,1370
SUV,General,7,96434,Hybrid,Manual,9,10050
SUV,General,12,226515,Diesel,Manual,14,9080
Scooty,General,3,19382,Petrol,Automatic,5,460
SUV,General,5,87238,Petrol,Automatic,9,9070
Bike,Major,2,17835,Petrol,Automatic,3,3000
Car,Major,8,99825,Hybrid,Automatic,13,19840
Bike,General,5,42861,Petrol,Manual,9,1090
SUV,General,5,100431,Diesel,Manual,6,9230
Car,Major,11,163188,Hybrid,Automatic,15,16370
Car,General,6,85426,Diesel,Manual,10,4250
Car,Major,12,183968,Petrol,Manual,16,13710
Car,Major,3,29487,Petrol,Manual,4,9470
Car,General,4,55974,Diesel,Manual,7,5790
SUV,General,3,34257,Hybrid,Manual,3,7040
Electric Scooter,Major,2,13719,EV,Automatic,2,1120
Scooty,Major,12,52970,Petrol,Automatic,17,1770
Bike,General,2,12586,Petrol,Automatic,2,1100
Car,Major,8,101274,Petrol,Manual,12,12790
SUV,General,7,135071,Petrol,Manual,11,6960
Car,General,4,34118,Petrol,Manual,7,5530
Car,General,12,103686,Petrol,Automatic,17,4560
Car,General,7,90824,Diesel,Manual,12,4660
SUV,General,2,31081,Diesel,Manual,3,11230
SUV,General,3,58909,Diesel,Manual,4,10160
SUV,General,4,75650,Diesel,Automatic,6,9880
Car,Major,4,37919,Petrol,Automatic,6,11830
Scooty,General,3,14570,Petrol,Automatic,3,820
Car,Major,4,64718,Petrol,Manual,7,9400
Car,Major,1,10469,EV,Automatic,1,9010
SUV,General,8,118436,Diesel,Automatic,12,7660
SUV,Repair,7,92682,Diesel,Automatic,13,37720
Bike,General,4,41279,Petrol,Automatic,7,850
SUV,General,8,109254,Diesel,Automatic,12,10570
Bike,Major,8,62243,Petrol,Automatic,13,1890
Scooty,General,2,14588,Petrol,Automatic,2,730
Car,General,11,151680,Diesel,Automatic,21,7570
Bike,Repair,8,45677,Petrol,Automatic,12,4080
Scooty,General,11,88408,Petrol,Automatic,14,710
Electric Bike,General,1,6596,EV,Automatic,1,800
Bike,General,2,22490,Petrol,Manual,3,1150
SUV,Repair,2,39283,Diesel,Automatic,2,27870
Car,Major,7,112475,Petrol,Manual,10,12820
Car,General,4,42691,Petrol,Automatic,5,4610
Car,Major,0,4825,Diesel,Automatic,0,12930
SUV,General,7,117862,Diesel,Automatic,9,9550
Scooty,Major,10,66121,Petrol,Automatic,15,2680
Car,Major,4,45332,Diesel,Manual,5,13290
Bike,Major,4,30428,Petrol,Manual,6,2150
Scooty,Major,8,48941,Petrol,Automatic,9,2320
Scooty,General,4,24798,Petrol,Automatic,6,610
SUV,Major,6,67813,Diesel,Manual,9,29630
SUV,General,9,146199,Diesel,Automatic,13,11650
SUV,Repair,3,31316,Petrol,Manual,5,19880
Electric Bike,General,1,7579,EV,Automatic,1,720
Car,Repair,10,92169,Petrol,Automatic,15,19530
SUV,General,4,78209,Hybrid,Manual,6,7770
SUV,General,2,28220,EV,Automatic,3,4110
Car,General,10,145766,Diesel,Automatic,15,7950
SUV,General,3,60966,Petrol,Manual,3,5710
Scooty,General,3,16671,Petrol,Automatic,3,740
SUV,General,9,118449,Diesel,Manual,14,11030
Bike,General,1,7263,Petrol,Automatic,1,970
Car,Major,9,93895,Diesel,Manual,12,23270
Car,Major,6,53449,Diesel,Manual,9,12600
Car,General,3,30611,Hybrid,Manual,3,4410
Car,General,8,116924,Diesel,Manual,15,6540
Electric Scooter,General,2,10608,EV,Automatic,3,650
Car,General,5,76325,Hybrid,Automatic,8,4440
SUV,Repair,5,71896,Petrol,Manual,8,26680
Car,General,8,95914,Diesel,Automatic,10,5250
SUV,General,8,83016,EV,Automatic,14,8250
Bike,Major,4,24276,Petrol,Manual,5,2040
Electric Bike,Major,1,6128,EV,Automatic,1,1120
Bike,General,6,52637,Petrol,Manual,10,1100
SUV,General,3,31108,Diesel,Automatic,4,9290
Scooty,General,5,32177,Petrol,Automatic,8,770
Bike,Major,9,47608,Petrol,Manual,14,2550
Car,General,6,57755,Petrol,Manual,9,3860
Car,Repair,5,50248,Petrol,Manual,8,9810
Car,Major,3,33931,Diesel,Automatic,4,17640
SUV,Major,8,136712,Petrol,Automatic,11,19850
Car,General,5,47066,Petrol,Manual,9,3810
Car,General,6,94648,Diesel,Manual,9,6850
Bike,General,6,55335,Petrol,Manual,10,870
Car,Repair,10,161045,Petrol,Automatic,18,19720
Bike,Major,3,25563,Petrol,Manual,3,2530
SUV,Repair,6,92316,Hybrid,Automatic,11,22220
Car,General,4,39703,Petrol,Automatic,5,5950
Car,General,9,89395,Petrol,Automatic,16,6130
Scooty,General,4,27216,Petrol,Automatic,5,610
Car,General,8,73327,Petrol,Manual,14,4260
SUV,General,3,37089,Petrol,Automatic,3,7040
SUV,Repair,8,84158,EV,Automatic,13,21290
Bike,General,4,40188,Petrol,Manual,5,940
Car,General,4,43081,Petrol,Automatic,7,4290
Car,Major,8,80141,Diesel,Manual,10,13460
Car,General,8,99740,Petrol,Manual,10,3710
Car,Major,4,55334,Petrol,Automatic,5,13390
SUV,Repair,11,134319,Diesel,Automatic,13,47210
Bike,General,9,50560,Petrol,Manual,16,1200
SUV,Major,3,52006,Petrol,Automatic,5,22470
Bike,General,4,36575,Petrol,Manual,7,590
Car,General,12,113136,Diesel,Manual,20,7930
Car,Repair,5,47724,Petrol,Automatic,8,16980
Bike,Major,9,74442,Petrol,Manual,11,3640
Car,General,10,87332,Petrol,Manual,19,4260
SUV,General,4,74240,Petrol,Automatic,4,9450
Electric Scooter,Major,1,7540,EV,Automatic,1,1720
Bike,Major,7,56264,Petrol,Manual,10,1820
Car,Repair,7,92787,Diesel,Manual,10,23880
SUV,General,4,45975,Diesel,Automatic,6,9910
Car,General,3,44822,Petrol,Manual,5,4990
Electric Scooter,General,2,10939,EV,Automatic,2,400
SUV,General,7,102599,Diesel,Manual,9,12110
Scooty,General,4,20789,Petrol,Automatic,6,590
Car,General,5,58595,Petrol,Manual,6,4180
Scooty,General,12,77835,Petrol,Automatic,21,810
Car,Major,4,67439,Petrol,Manual,5,10780
SUV,General,5,77981,Petrol,Manual,8,6120
Scooty,Major,7,29209,Petrol,Automatic,11,1770
Bike,General,5,36041,Petrol,Manual,6,800
Scooty,Major,11,43429,Petrol,Automatic,14,2830
Car,Repair,1,11986,Petrol,Automatic,1,11560
SUV,Major,3,44742,Hybrid,Manual,4,19720
Car,General,8,63496,Hybrid,Automatic,11,4430
Car,General,2,28228,Hybrid,Manual,2,4960
Scooty,General,11,56751,Petrol,Automatic,18,650
Scooty,General,4,21137,Petrol,Automatic,6,920
Scooty,General,4,29093,Petrol,Automatic,7,520
Car,General,10,151776,Petrol,Manual,19,5480
Car,Major,8,81411,EV,Automatic,12,12150
Bike,General,8,60325,Petrol,Manual,14,710
Scooty,Major,1,5236,Petrol,Automatic,1,1340
SUV,General,7,113338,Diesel,Automatic,12,11770
Car,General,4,46100,Petrol,Automatic,4,5270
Bike,Major,5,34819,Petrol,Automatic,8,2770
Electric Scooter,General,3,24644,EV,Automatic,3,550
SUV,Repair,9,114206,Diesel,Automatic,13,43700
Car,General,6,70896,Hybrid,Automatic,8,6480
Scooty,Repair,12,71081,Petrol,Automatic,19,4060
Car,General,8,77836,Petrol,Manual,15,4370
SUV,Major,4,67828,Petrol,Automatic,6,16710
Scooty,Major,3,22276,Petrol,Automatic,5,2260
Car,Major,10,128206,Petrol,Manual,12,15640
SUV,General,2,36121,Petrol,Automatic,3,9170
SUV,Major,13,195563,Petrol,Manual,18,28270
Car,Major,4,61962,EV,Automatic,6,11640
Bike,General,8,65924,Petrol,Manual,10,970
SUV,General,11,208646,Hybrid,Manual,15,8310
SUV,General,3,44284,Diesel,Manual,4,9140
Electric Scooter,General,1,8641,EV,Automatic,1,470
Bike,Major,2,11481,Petrol,Manual,3,2320
Electric Scooter,Major,2,13898,EV,Automatic,3,1500
Scooty,Major,9,37293,Petrol,Automatic,12,2030
Car,General,12,102933,Diesel,Automatic,15,7120
SUV,Major,13,187090,Petrol,Manual,16,30400
SUV,General,11,192801,Petrol,Manual,13,9130
SUV,General,1,16932,Hybrid,Manual,1,6770
Scooty,General,9,51652,Petrol,Automatic,14,520
Bike,General,5,32323,Petrol,Manual,9,770
Car,Major,4,42588,Hybrid,Automatic,6,15220
Electric Scooter,General,0,500,EV,Automatic,0,500
Bike,General,12,80578,Petrol,Manual,20,930
SUV,Repair,6,70766,Petrol,Automatic,7,17860
Car,General,3,27378,Diesel,Automatic,4,6990
Scooty,Major,4,28008,Petrol,Automatic,6,1860
Car,General,8,85643,EV,Automatic,13,4900
Electric Scooter,General,1,8158,EV,Automatic,1,540
Bike,Major,10,93559,Petrol,Manual,12,4010
Car,Major,5,78435,Hybrid,Manual,6,15400
Car,General,7,98867,Diesel,Manual,10,7530
Car,General,5,56664,Petrol,Manual,9,5300
Bike,General,11,65342,Petrol,Manual,21,710
Bike,Major,1,7037,Petrol,Automatic,1,2150
Car,Major,3,43250,Petrol,Automatic,3,13600
Scooty,General,11,50253,Petrol,Automatic,14,900
SUV,Repair,5,98568,Petrol,Automatic,7,25950
Bike,General,9,66044,Petrol,Manual,14,650
Car,Major,5,42468,Diesel,Manual,7,10710
Electric Scooter,General,3,21825,EV,Automatic,5,580
Electric Scooter,General,3,23986,EV,Automatic,4,810
Bike,Major,9,86387,Petrol,Automatic,17,3720
SUV,General,4,75846,EV,Automatic,5,6570
Car,Major,7,99347,Petrol,Manual,11,12290
Bike,Repair,7,53851,Petrol,Manual,11,2610
SUV,Major,7,94951,EV,Automatic,9,16750
Electric Scooter,Major,2,11650,EV,Automatic,3,1510
Bike,General,6,56618,Petrol,Automatic,11,880
Car,Major,4,35687,Petrol,Automatic,6,13000
Scooty,Major,8,52796,Petrol,Automatic,10,2040
Car,General,13,170969,Diesel,Automatic,15,6680
SUV,General,5,65093,Diesel,Manual,7,9910
Car,General,4,64104,Petrol,Manual,7,4480
SUV,General,6,68582,Diesel,Automatic,10,9590
Bike,General,2,15488,Petrol,Manual,2,910
Bike,General,10,50116,Petrol,Manual,19,970
Car,General,11,95062,Petrol,Automatic,19,6600
Car,General,1,19784,Petrol,Manual,1,4550
Car,Major,9,132706,Petrol,Automatic,15,15410
SUV,Repair,8,150519,Petrol,Manual,9,26390
SUV,General,4,45521,Diesel,Manual,6,6650
Bike,Major,4,36246,Petrol,Manual,4,1820
SUV,General,3,45926,Diesel,Manual,4,6750
Car,Repair,14,215971,Petrol,Manual,22,30410
Bike,Major,4,34109,Petrol,Manual,5,1760
Scooty,Major,7,40966,Petrol,Automatic,12,1540
SUV,Major,10,139007,Diesel,Automatic,14,39580
SUV,General,6,104944,Diesel,Manual,9,9170
Car,Major,10,146282,Petrol,Manual,14,13800
Scooty,Major,5,23468,Petrol,Automatic,7,1390
Bike,General,5,32568,Petrol,Manual,7,1160
Car,Major,2,34679,Diesel,Manual,3,9430
Car,General,7,71677,Diesel,Automatic,12,7530
SUV,Major,12,119214,Petrol,Manual,21,22830
Car,Repair,3,36480,Hybrid,Manual,4,13760
Car,General,3,32435,Petrol,Automatic,4,5140
SUV,General,2,21202,Diesel,Manual,2,8870
SUV,General,8,139537,Petrol,Manual,13,6870
Bike,General,4,30506,Petrol,Automatic,6,1000
Bike,Major,12,89868,Petrol,Automatic,18,2860
Car,General,2,28648,EV,Automatic,2,3660
Bike,Repair,5,44749,Petrol,Manual,7,2190
SUV,Major,12,190928,Hybrid,Automatic,15,34690
Scooty,Repair,4,20368,Petrol,Automatic,7,2290
Car,General,9,134581,Petrol,Manual,15,5800
Car,Repair,4,47290,Petrol,Manual,6,11890
Car,General,5,73147,Diesel,Manual,7,6810
SUV,General,9,126398,Petrol,Automatic,10,8510
Scooty,Major,7,37575,Petrol,Automatic,11,2600
Bike,Major,2,18171,Petrol,Manual,3,1510
Car,Repair,12,109732,Diesel,Manual,18,17940
Car,General,8,83286,Petrol,Manual,13,5080
Car,General,14,153360,Diesel,Manual,18,6980
SUV,General,8,154353,Diesel,Automatic,15,10010
Bike,Major,2,10619,Petrol,Manual,2,2070
SUV,General,9,95575,Diesel,Automatic,12,11920
Bike,Major,12,75928,Petrol,Manual,18,3320
SUV,Repair,4,76127,Petrol,Automatic,5,19720
Bike,Major,2,16253,Petrol,Manual,2,2600
SUV,Major,1,21032,Petrol,Automatic,1,14110
Car,Repair,4,39535,Petrol,Manual,7,13020
Bike,General,11,99177,Petrol,Manual,14,1200
Bike,Major,5,34366,Petrol,Manual,6,1690
Scooty,General,2,12401,Petrol,Automatic,3,690
Scooty,General,1,3341,Petrol,Automatic,1,930
Electric Scooter,General,4,19193,EV,Automatic,6,690
Scooty,General,3,22724,Petrol,Automatic,4,420
Scooty,Major,5,34894,Petrol,Automatic,9,2140
Bike,Major,4,35558,Petrol,Manual,6,2810
Scooty,General,4,16798,Petrol,Automatic,7,670
Bike,General,3,26158,Petrol,Manual,5,840
Car,General,4,62617,Diesel,Manual,6,4980
Scooty,Major,3,17398,Petrol,Automatic,3,1220
Car,General,3,48811,Diesel,Manual,4,4180
Car,General,2,20680,Hybrid,Manual,2,5460
SUV,General,3,39570,Diesel,Manual,4,5760
Bike,General,4,24907,Petrol,Manual,7,670
SUV,General,5,78476,Diesel,Manual,8,9480
Electric Scooter,Major,2,10854,EV,Automatic,3,1490
Car,Major,6,48590,Petrol,Automatic,11,11100
SUV,Major,3,39743,Petrol,Automatic,5,23830
Car,Repair,8,81955,Petrol,Automatic,14,15010
Electric Bike,Repair,3,21506,EV,Automatic,4,1190
SUV,Repair,2,20094,Diesel,Manual,2,15530
Car,General,10,113163,Diesel,Manual,16,5300
SUV,General,1,13500,Petrol,Manual,1,4920
SUV,Major,10,175187,Petrol,Automatic,14,28360
Electric Bike,General,1,8616,EV,Automatic,1,860
SUV,Major,7,68681,Petrol,Automatic,9,24980
Car,General,7,92388,Petrol,Manual,10,4510
SUV,General,7,136166,Diesel,Automatic,9,13360
Car,General,5,67120,Diesel,Manual,7,5600
SUV,General,4,69197,Diesel,Manual,6,7190
Car,General,10,111376,Petrol,Manual,19,5910
Car,General,11,168877,EV,Automatic,15,3940
SUV,General,4,74837,Diesel,Automatic,5,10970
Scooty,Major,5,37842,Petrol,Automatic,8,1830
Car,General,2,34405,Diesel,Manual,2,6140
Bike,Repair,3,19224,Petrol,Manual,5,2260
SUV,General,9,134005,Diesel,Automatic,13,10380
Bike,General,11,92097,Petrol,Manual,20,1310
Car,General,7,82548,Petrol,Manual,12,4770
Bike,Major,1,8758,Petrol,Manual,1,2010
Scooty,Repair,2,12334,Petrol,Automatic,2,1830
Electric Scooter,Major,1,8214,EV,Automatic,1,1260
Scooty,General,4,28009,Petrol,Automatic,7,640
Car,General,6,95668,Petrol,Manual,10,5340
Bike,Repair,9,55879,Petrol,Manual,10,3360
SUV,Repair,2,33109,Petrol,Automatic,2,19560
Car,Major,5,78404,Petrol,Automatic,6,14090
SUV,General,3,36318,EV,Automatic,5,5890
Scooty,General,3,23169,Petrol,Automatic,5,570
Bike,Repair,9,80304,Petrol,Manual,13,2910
Car,General,5,44109,Hybrid,Manual,7,3900
Car,General,6,87870,Diesel,Manual,10,4790
Electric Bike,Major,0,1963,EV,Automatic,0,1770
Scooty,General,7,48749,Petrol,Automatic,11,850
Scooty,Major,5,41755,Petrol,Automatic,8,1200
Car,General,5,52424,Diesel,Automatic,7,5830
Bike,Major,4,28527,Petrol,Manual,7,2120
Electric Scooter,General,3,18376,EV,Automatic,5,500
Car,General,6,69866,Petrol,Manual,8,3760
Bike,Major,1,7465,Petrol,Manual,1,1780
Car,Repair,12,154070,Petrol,Automatic,15,21010
Bike,Repair,12,63507,Petrol,Manual,21,4090
Car,General,8,106407,Petrol,Manual,15,3490
Car,Major,5,60506,Petrol,Automatic,8,15770
Bike,General,5,24162,Petrol,Manual,6,640
Car,General,7,75591,Petrol,Automatic,10,4630
Scooty,General,4,15404,Petrol,Automatic,5,840
SUV,Major,0,1017,Diesel,Automatic,0,20050
Scooty,Major,2,10191,Petrol,Automatic,2,1790
Car,Major,7,89885,Petrol,Automatic,10,13770
SUV,Repair,13,251563,Diesel,Automatic,20,49340
SUV,Major,2,25176,Petrol,Manual,3,18280
SUV,General,7,109087,EV,Automatic,9,5940
SUV,General,10,168697,Diesel,Automatic,18,8850
Car,Repair,5,43561,Hybrid,Manual,8,12780
Car,General,9,118088,Petrol,Manual,12,4000
Electric Bike,General,2,13256,EV,Automatic,3,680
Scooty,General,3,17753,Petrol,Automatic,4,990
Car,General,7,108359,Petrol,Manual,9,4520
SUV,Repair,3,37513,EV,Automatic,3,15410
Bike,Repair,11,67985,Petrol,Manual,15,2970
Scooty,Major,8,62200,Petrol,Automatic,15,2500
SUV,Major,3,42482,EV,Automatic,5,16360
SUV,General,6,82234,Diesel,Automatic,11,8530
Bike,General,2,16703,Petrol,Manual,3,840
Electric Scooter,Major,1,6575,EV,Automatic,1,1590
Bike,Major,6,47538,Petrol,Manual,8,3280
Bike,Repair,4,38230,Petrol,Manual,6,2180
Bike,General,8,51507,Petrol,Manual,14,950
Bike,Major,5,37134,Petrol,Manual,6,3140
SUV,General,3,43145,EV,Automatic,5,6900
Car,General,12,109425,EV,Automatic,15,4170
Bike,General,7,69973,Petrol,Manual,13,1230
Car,General,7,90289,Diesel,Manual,13,4800
Car,General,8,92456,Diesel,Manual,9,4960
Electric Bike,Major,1,7835,EV,Automatic,1,1420
Car,General,11,113246,Diesel,Manual,20,8090
Car,General,5,64879,EV,Automatic,9,3270
Bike,General,7,58824,Petrol,Manual,10,780
SUV,Major,12,237274,Diesel,Automatic,16,45620
Car,Major,5,78954,Petrol,Manual,9,13210
Scooty,Repair,6,32169,Petrol,Automatic,9,2680
Car,General,5,54588,Petrol,Automatic,6,4880
Bike,General,11,104498,Petrol,Manual,19,850
Bike,General,6,43916,Petrol,Manual,10,1150
Electric Bike,General,3,24600,EV,Automatic,4,630
Scooty,Major,5,24712,Petrol,Automatic,6,1480
Bike,General,2,13736,Petrol,Manual,2,1080
Car,Major,3,26877,Diesel,Automatic,5,11950
Car,General,2,26668,Diesel,Automatic,3,5000
Electric Scooter,General,0,500,EV,Automatic,0,750
SUV,Major,4,50062,Petrol,Manual,7,17710
Car,Major,6,88307,Petrol,Automatic,8,10360
Car,Repair,8,79499,Petrol,Manual,10,18580
SUV,General,6,68038,Diesel,Automatic,7,8150
SUV,General,5,92405,Petrol,Manual,7,5300
Car,General,5,67144,Diesel,Manual,9,4650
SUV,Repair,4,52263,Diesel,Automatic,7,21710
Electric Bike,Major,1,7635,EV,Automatic,1,1390
Car,Major,7,61471,Diesel,Automatic,12,17970
Electric Scooter,General,1,7290,EV,Automatic,1,690
Car,General,2,27604,Diesel,Manual,3,4140
Electric Bike,General,1,8120,EV,Automatic,1,850
Electric Bike,Major,1,8642,EV,Automatic,1,1070
Electric Scooter,Repair,4,25324,EV,Automatic,5,2210
Bike,General,11,97148,Petrol,Manual,17,1240
Bike,Major,7,38257,Petrol,Manual,11,3050
Electric Scooter,Major,2,13607,EV,Automatic,3,1700
Bike,Major,3,21766,Petrol,Manual,4,1870
Car,Repair,11,153241,Petrol,Manual,18,23870
SUV,General,7,136304,Petrol,Automatic,9,9610
Car,General,10,119652,Diesel,Automatic,16,7590
Car,Repair,5,49281,Hybrid,Manual,8,11430
SUV,Repair,11,175266,Petrol,Automatic,21,35020
SUV,General,7,104502,Diesel,Automatic,12,9570
Car,General,4,57777,Petrol,Automatic,5,5900
Car,Repair,3,42379,Petrol,Automatic,4,11090
Bike,General,8,69737,Petrol,Manual,13,1340
Car,Major,3,26319,Petrol,Automatic,5,11380
Bike,General,7,67743,Petrol,Manual,8,1030
Car,General,8,111220,Diesel,Automatic,13,6140
SUV,Repair,3,64434,Diesel,Manual,4,24800
Scooty,General,3,24676,Petrol,Automatic,4,790
SUV,Major,7,97357,Hybrid,Automatic,11,21390
Car,Repair,13,136860,Petrol,Automatic,22,21010
Bike,Repair,6,52210,Petrol,Manual,9,2010
SUV,General,1,14799,EV,Automatic,1,5100
Bike,General,5,45368,Petrol,Manual,9,740
Electric Scooter,Repair,2,12820,EV,Automatic,2,1700
Electric Scooter,General,2,12595,EV,Automatic,3,600
SUV,General,7,90334,Diesel,Manual,8,7320
Car,Repair,5,60563,Petrol,Manual,9,14330
Car,Major,7,57843,Petrol,Manual,11,15240
SUV,General,0,1211,Diesel,Automatic,0,6090
SUV,Repair,3,55412,Diesel,Automatic,4,20230
Car,Major,11,152146,Diesel,Manual,18,16360
Bike,General,4,41949,Petrol,Automatic,7,940
Car,Major,7,75322,Petrol,Manual,13,13930
Car,Major,9,102966,Diesel,Manual,13,13820
Bike,General,3,27350,Petrol,Automatic,5,900
Car,General,15,139696,Petrol,Manual,26,6990
Bike,Major,6,46223,Petrol,Manual,7,3060
SUV,General,2,37792,Petrol,Manual,3,4850
Car,Major,5,70288,Petrol,Manual,9,9080
Car,Repair,3,30007,Petrol,Automatic,3,13060
SUV,General,3,48836,Petrol,Manual,4,6720
Car,General,15,194610,EV,Automatic,27,4340
Bike,Repair,7,72520,Petrol,Automatic,11,3030
Electric Bike,General,0,1880,EV,Automatic,0,560
SUV,General,5,62805,Diesel,Manual,7,8910
Electric Bike,Repair,0,1619,EV,Automatic,0,1050
SUV,General,7,108960,Petrol,Manual,12,8870
Car,General,9,119873,Diesel,Automatic,12,5760
SUV,Major,6,99159,Diesel,Automatic,8,23100
Bike,General,6,57852,Petrol,Automatic,8,750
SUV,General,9,160675,Petrol,Automatic,13,9050
Scooty,General,3,16232,Petrol,Automatic,4,600
Car,Major,12,177055,Petrol,Manual,19,20030
Car,General,5,53984,Petrol,Automatic,7,5720
SUV,General,5,81376,Diesel,Automatic,7,11660
Bike,Repair,6,45957,Petrol,Manual,9,3450
Car,General,5,56389,Diesel,Manual,9,5120
Bike,General,2,14202,Petrol,Manual,3,550
Car,Major,11,99617,Petrol,Manual,16,11850
Electric Scooter,General,2,14098,EV,Automatic,2,380
SUV,General,5,92898,Diesel,Manual,6,9780
Electric Bike,General,3,22952,EV,Automatic,4,720
Car,General,11,108036,EV,Automatic,16,3640
SUV,Repair,3,33225,Diesel,Automatic,4,23530
SUV,General,1,16559,Diesel,Automatic,1,6730
Bike,Repair,4,35003,Petrol,Manual,6,2670
Car,Major,2,31470,Diesel,Automatic,3,14480
Electric Scooter,General,2,16573,EV,Automatic,3,380
Car,General,4,50154,Petrol,Automatic,7,5730
Electric Scooter,Repair,1,6262,EV,Automatic,1,1000
Electric Bike,General,2,11998,EV,Automatic,2,750
Bike,General,2,20606,Petrol,Manual,2,970
SUV,General,4,79110,Diesel,Manual,6,7030
Car,General,11,113281,Diesel,Automatic,18,8590
Electric Scooter,Repair,1,4267,EV,Automatic,1,990
Car,Repair,11,137090,Petrol,Automatic,18,26170
Car,Major,6,73354,Diesel,Automatic,9,19120
SUV,General,4,61466,Hybrid,Automatic,7,8610
Bike,Major,5,32539,Petrol,Manual,8,2250
Bike,Major,7,38051,Petrol,Manual,8,2040
Car,General,4,42362,Petrol,Manual,6,3860
Car,Repair,5,62772,Petrol,Automatic,9,12450
Bike,General,5,31277,Petrol,Manual,7,520
Bike,General,12,84775,Petrol,Manual,18,910
Car,General,4,37547,EV,Automatic,5,3210
Car,General,13,202483,Diesel,Automatic,15,6620
Car,General,4,32735,Diesel,Manual,6,5860
SUV,General,4,62978,Petrol,Manual,5,5840
SUV,Major,6,90275,Petrol,Automatic,8,24720
Bike,General,2,20006,Petrol,Manual,2,1160
Bike,Repair,6,51664,Petrol,Manual,9,3720
Bike,Repair,7,42510,Petrol,Manual,13,2500
Car,Major,12,101963,EV,Automatic,18,14130
Bike,Major,5,40130,Petrol,Manual,8,2200
Bike,Major,3,22001,Petrol,Manual,4,2740
SUV,Major,5,102299,Diesel,Manual,9,26310
Bike,Repair,14,105795,Petrol,Manual,23,3610
Bike,General,10,91750,Petrol,Manual,18,1130
Scooty,Major,6,46337,Petrol,Automatic,11,1740
Car,General,11,116229,Petrol,Automatic,17,6230
SUV,General,11,163810,Petrol,Manual,16,10210
Scooty,General,8,34020,Petrol,Automatic,10,940
SUV,General,9,164348,Diesel,Automatic,11,11200
Bike,Major,8,60498,Petrol,Manual,14,3140
SUV,Repair,0,4911,Petrol,Automatic,0,14410
Electric Scooter,Repair,2,13494,EV,Automatic,3,1070
Car,Repair,4,42835,Petrol,Manual,5,8340
Scooty,General,6,47837,Petrol,Automatic,7,710
Scooty,General,9,62352,Petrol,Automatic,17,1010
Car,Major,10,104955,Diesel,Automatic,13,26120
Bike,Major,6,42307,Petrol,Automatic,9,3500
SUV,General,3,35279,EV,Automatic,5,5180
Car,Repair,10,131278,Petrol,Manual,12,22460
Bike,Major,1,11183,Petrol,Manual,1,2680
Bike,General,6,49856,Petrol,Automatic,10,1290
Bike,General,2,19607,Petrol,Manual,3,920
Bike,General,7,50281,Petrol,Manual,10,650
Car,General,5,70779,Diesel,Manual,8,5680
Bike,General,2,16931,Petrol,Automatic,3,890
SUV,Major,4,45076,Hybrid,Automatic,7,26430
Bike,General,6,58563,Petrol,Manual,8,570
Car,General,3,31603,Petrol,Manual,5,4250
Car,General,5,64081,Petrol,Manual,7,3800
Scooty,Repair,4,30867,Petrol,Automatic,6,1440
SUV,Repair,8,97230,Diesel,Automatic,12,32560
Car,General,3,32810,Petrol,Manual,5,3920
Bike,Repair,3,24319,Petrol,Manual,5,3010
SUV,General,6,108400,Diesel,Manual,10,8830
Electric Bike,Repair,2,12018,EV,Automatic,2,1600
Scooty,General,6,37861,Petrol,Automatic,11,540
Bike,General,2,16695,Petrol,Manual,3,570
Car,General,1,14322,Hybrid,Manual,1,4810
Car,Major,2,21357,Diesel,Manual,2,12660
Car,General,2,17605,Petrol,Manual,2,4480
Car,Major,5,50911,Diesel,Automatic,7,16740
SUV,Major,7,104744,Diesel,Automatic,11,22240
Scooty,Repair,3,22357,Petrol,Automatic,4,1850
Bike,General,7,39352,Petrol,Manual,13,990
Electric Scooter,General,3,14630,EV,Automatic,5,600
Car,General,4,41201,Petrol,Automatic,6,5320
SUV,Major,8,149181,Petrol,Manual,15,22700
SUV,General,5,90981,Diesel,Manual,7,9050
SUV,General,6,117246,Diesel,Manual,7,7640
Car,General,5,51527,Diesel,Manual,9,6460
Car,General,7,56362,Petrol,Manual,12,4490
Car,Repair,7,93638,Diesel,Manual,9,18850
SUV,Major,3,57594,Diesel,Manual,4,23040
Electric Bike,Major,1,7719,EV,Automatic,1,1270
Bike,Major,2,15752,Petrol,Manual,2,2050
SUV,General,5,80790,Diesel,Manual,9,8500
Bike,General,4,24847,Petrol,Automatic,6,790
SUV,General,8,94334,Hybrid,Automatic,10,9110
Bike,Major,8,63373,Petrol,Manual,10,1820
Car,Major,7,103383,Petrol,Automatic,9,15690
SUV,Major,9,117695,EV,Automatic,17,20030
Electric Bike,Repair,2,13355,EV,Automatic,3,1160
Bike,General,2,12520,Petrol,Manual,2,900
Bike,Major,5,24232,Petrol,Manual,7,2420
Car,General,5,69473,Hybrid,Manual,8,5680
SUV,Repair,10,157648,Petrol,Manual,19,35580
SUV,General,11,201528,Diesel,Automatic,19,12180
Scooty,Repair,9,55269,Petrol,Automatic,17,3620
Scooty,Major,5,32161,Petrol,Automatic,8,2670
Bike,General,8,59661,Petrol,Manual,11,960
SUV,Major,11,183856,Petrol,Automatic,18,22060
Car,Major,3,44641,Petrol,Manual,5,12920
Car,General,3,30479,Diesel,Automatic,4,6870
Car,Repair,7,93679,Petrol,Manual,11,12240
SUV,General,4,42536,Petrol,Automatic,6,7980
Bike,Repair,7,64495,Petrol,Manual,9,2370
Bike,General,6,55956,Petrol,Manual,7,1060
Bike,Major,10,71422,Petrol,Manual,13,3450
SUV,General,1,18674,Petrol,Manual,1,4960
Car,Major,7,69513,Petrol,Automatic,12,13470
Car,General,11,89922,Hybrid,Automatic,16,5980
Car,General,9,104655,Diesel,Automatic,15,5710
SUV,General,10,153495,Petrol,Automatic,17,7850
Car,General,4,34474,Petrol,Manual,6,3880
Electric Scooter,Major,3,16275,EV,Automatic,4,2050
SUV,General,5,91796,Diesel,Automatic,9,9940
Car,General,10,99612,Petrol,Manual,17,4600
Car,Repair,6,82705,Petrol,Automatic,9,16070
Bike,General,1,7786,Petrol,Automatic,1,630
Bike,General,2,16923,Petrol,Manual,2,1090
Scooty,General,5,20490,Petrol,Automatic,7,900
Car,General,11,121476,Petrol,Manual,13,3660
Scooty,Major,4,27900,Petrol,Automatic,7,2190
Bike,Repair,4,37432,Petrol,Manual,5,3840
Car,Major,9,91523,Petrol,Automatic,12,17860
Car,General,9,78747,Petrol,Manual,13,4970
SUV,General,10,171584,Diesel,Manual,19,11550
Car,Major,11,165835,Petrol,Manual,17,13510
Scooty,Repair,8,33056,Petrol,Automatic,12,2040
Car,General,2,24512,Petrol,Manual,3,5050
Electric Bike,General,1,9388,EV,Automatic,1,410
Car,General,6,76974,Hybrid,Manual,10,5400
Scooty,Major,3,14284,Petrol,Automatic,3,1930
Scooty,General,5,25909,Petrol,Automatic,8,690
SUV,General,3,48969,Petrol,Automatic,5,6890
Car,General,6,58436,Petrol,Manual,7,4360
Scooty,General,1,8321,Petrol,Automatic,1,550
Scooty,Major,2,13604,Petrol,Automatic,3,1790
Bike,General,5,45056,Petrol,Manual,9,1170
Car,Major,2,22884,Petrol,Manual,2,7110
SUV,Repair,3,48284,Diesel,Automatic,3,28540
SUV,Major,2,25730,Diesel,Manual,2,22740
SUV,General,9,131333,Diesel,Automatic,11,9830
SUV,Major,4,78143,Diesel,Automatic,7,28250
Car,Major,2,25059,Diesel,Automatic,2,13200
Car,General,12,170758,Diesel,Manual,18,7630
Car,Repair,3,39177,Petrol,Manual,4,10960
SUV,General,9,119875,Diesel,Manual,13,9810
Car,Major,5,51631,Petrol,Automatic,9,14060
SUV,Repair,6,80272,Hybrid,Automatic,10,25650
Car,Major,8,75548,Petrol,Automatic,14,15390
Car,General,6,53947,Diesel,Manual,11,5030
Car,Major,5,59317,Hybrid,Manual,7,13580
Car,Major,3,31353,Diesel,Manual,4,9640
SUV,General,3,60634,EV,Automatic,5,6800
SUV,Major,4,69383,Diesel,Automatic,5,25260
Car,General,1,14587,Petrol,Automatic,1,5460
SUV,General,4,40560,Petrol,Manual,6,8720
SUV,General,2,28910,Diesel,Automatic,3,10930
Electric Bike,Repair,2,12536,EV,Automatic,2,1280
Car,General,5,59211,Diesel,Manual,9,5920
Car,Major,3,34488,Petrol,Manual,3,9570
Electric Bike,General,2,12312,EV,Automatic,3,550
Bike,Repair,2,14141,Petrol,Manual,3,2430
Scooty,General,7,33001,Petrol,Automatic,12,460
Car,Repair,4,54694,Diesel,Automatic,5,15190
Car,Major,6,87252,Petrol,Manual,9,13860
SUV,Repair,3,40373,Petrol,Automatic,4,23040
Bike,General,8,50301,Petrol,Manual,15,660
SUV,General,3,46019,Diesel,Automatic,5,9080
Bike,General,8,62085,Petrol,Manual,10,1190
Bike,General,5,38585,Petrol,Manual,7,1080
Car,General,8,100757,Petrol,Manual,15,3990
SUV,General,4,52472,Diesel,Automatic,5,10490
Bike,General,11,96292,Petrol,Manual,15,750
Car,General,5,68325,Petrol,Manual,6,4120
Bike,General,0,1069,Petrol,Manual,0,500
Car,General,5,50172,Petrol,Manual,8,3940
Scooty,General,11,59939,Petrol,Automatic,16,1020
Electric Bike,General,1,7002,EV,Automatic,1,610
Car,Major,4,45569,Petrol,Manual,6,12640
Car,Major,8,73212,Diesel,Manual,15,12740
Bike,Repair,4,25482,Petrol,Manual,7,3160
Car,Major,13,193173,Petrol,Automatic,25,17660
Car,General,3,48965,Diesel,Manual,4,4310
Car,General,8,69765,Diesel,Automatic,12,5770
SUV,General,10,141678,Diesel,Manual,18,12250
SUV,General,9,165185,Diesel,Automatic,11,12090
Car,Major,6,84752,Diesel,Automatic,10,20810
Car,Major,9,138986,Petrol,Manual,16,14380
Electric Scooter,General,2,14633,EV,Automatic,3,710
Car,General,1,11119,Diesel,Manual,1,6070
Scooty,General,3,19080,Petrol,Automatic,5,810
SUV,General,8,148825,Petrol,Manual,14,9200
Car,Major,5,57452,Petrol,Automatic,6,14340
SUV,General,4,64004,EV,Automatic,5,5840
Electric Bike,Major,1,7847,EV,Automatic,1,1690
Bike,Repair,7,33777,Petrol,Manual,10,3340
Bike,Major,8,65450,Petrol,Manual,10,2860
SUV,General,4,54894,Diesel,Manual,6,9520
SUV,General,8,140268,Diesel,Manual,15,7870
Scooty,General,4,28473,Petrol,Automatic,7,460
Car,Major,4,40011,Diesel,Automatic,5,19190
Car,General,7,83909,Hybrid,Automatic,11,6000
Bike,Major,6,37753,Petrol,Manual,7,3110
Electric Scooter,Major,1,7418,EV,Automatic,1,1790
SUV,Repair,4,65762,Petrol,Automatic,6,25970
Car,Major,8,99143,Petrol,Manual,10,13990
Electric Bike,Repair,2,18808,EV,Automatic,3,1300
Bike,General,1,9475,Petrol,Automatic,1,680
Car,General,5,68194,Petrol,Automatic,6,3690
SUV,General,2,25028,Petrol,Manual,3,5470
Bike,General,5,43509,Petrol,Automatic,8,980
Bike,General,6,32577,Petrol,Automatic,8,620
Car,Major,6,55296,Petrol,Manual,11,8900
Scooty,Major,0,500,Petrol,Automatic,0,1340
Bike,General,9,62867,Petrol,Manual,16,1160
Car,General,2,23737,Diesel,Automatic,2,5450
Bike,Major,8,74855,Petrol,Manual,13,3390
Scooty,General,6,36069,Petrol,Automatic,10,760
Car,General,8,113224,Diesel,Automatic,13,6600
SUV,Major,10,106895,Diesel,Manual,17,32030
Bike,Major,10,101076,Petrol,Automatic,19,3120
Car,Major,11,144862,Diesel,Manual,13,21960
Bike,Repair,4,31683,Petrol,Manual,5,2470
Bike,General,13,65581,Petrol,Manual,17,1030
Bike,General,2,17229,Petrol,Manual,2,780
Car,General,8,107212,Hybrid,Automatic,11,7680
Car,Repair,13,122947,Diesel,Manual,22,28080
SUV,General,6,107330,Hybrid,Manual,9,8470
SUV,General,0,2499,Petrol,Manual,0,5000
Car,General,6,48245,Diesel,Automatic,10,7990
Car,General,11,170484,Diesel,Manual,17,7320
Scooty,Major,9,38849,Petrol,Automatic,15,1750
Electric Bike,Major,1,7535,EV,Automatic,1,990
SUV,Major,4,66759,Petrol,Automatic,6,19960
Car,Major,3,33632,Hybrid,Automatic,5,11450
Car,General,4,63454,Petrol,Manual,7,3570
Car,Repair,4,43352,Diesel,Automatic,4,12470
SUV,General,4,58737,Diesel,Automatic,5,8420
Car,General,4,36928,Diesel,Manual,5,6030
Car,Major,3,47450,EV,Automatic,4,7470
Scooty,Major,10,69878,Petrol,Automatic,14,1590
Electric Bike,General,3,20397,EV,Automatic,3,750
Electric Bike,Major,3,23704,EV,Automatic,5,2190
SUV,General,9,135563,Petrol,Manual,17,7140
SUV,Major,10,143811,Diesel,Manual,12,23400
Scooty,General,1,8949,Petrol,Automatic,1,710
Car,Repair,3,32799,Petrol,Manual,4,11110
SUV,General,2,40748,EV,Automatic,2,4040
Bike,General,6,42186,Petrol,Manual,8,630
Electric Bike,Major,0,500,EV,Automatic,0,1620
Electric Scooter,General,4,27253,EV,Automatic,5,760
Scooty,General,1,9980,Petrol,Automatic,1,460
SUV,General,4,63161,Hybrid,Automatic,7,10020
Car,General,3,30404,Diesel,Automatic,4,6490
SUV,General,5,55976,Diesel,Manual,8,10360
SUV,Repair,4,67693,Petrol,Manual,6,22070
Scooty,General,5,25773,Petrol,Automatic,7,650
Electric Scooter,Major,1,6261,EV,Automatic,1,1420
Bike,Major,9,77221,Petrol,Automatic,17,2620
Electric Bike,Major,1,9242,EV,Automatic,1,1230
Car,General,1,9026,Petrol,Manual,1,4910
Electric Scooter,General,0,500,EV,Automatic,0,500
SUV,General,4,46277,Hybrid,Automatic,5,8100
Scooty,Major,6,32605,Petrol,Automatic,9,1470
Car,Repair,7,102981,Diesel,Automatic,11,25000
Bike,Repair,1,8331,Petrol,Manual,1,2480
SUV,Repair,6,117301,Petrol,Automatic,8,24330
SUV,General,7,121424,Diesel,Automatic,12,13360
Car,General,6,55180,Petrol,Automatic,10,5540
Bike,General,6,30451,Petrol,Automatic,9,1060
Scooty,Major,3,13365,Petrol,Automatic,4,2000
Scooty,Major,4,31725,Petrol,Automatic,7,2030
SUV,General,5,98271,Diesel,Manual,7,8640
SUV,Major,6,59726,Hybrid,Automatic,7,25620
Bike,General,3,23342,Petrol,Manual,5,770
Electric Scooter,General,1,8531,EV,Automatic,1,600
SUV,General,3,58619,Diesel,Manual,5,7580
Bike,Repair,5,38256,Petrol,Manual,7,3790
Car,General,4,36575,Diesel,Automatic,6,6110
Scooty,Repair,4,23929,Petrol,Automatic,7,2550
Bike,Major,4,34547,Petrol,Manual,6,1910
SUV,Repair,8,147880,Diesel,Manual,12,35820
Bike,Major,5,38279,Petrol,Manual,9,2640
SUV,Major,5,74841,Hybrid,Manual,7,16820
SUV,General,12,209314,Diesel,Manual,17,10750
SUV,General,8,123652,Diesel,Manual,13,9770
SUV,Major,7,130927,Diesel,Manual,8,20270
SUV,Repair,7,106336,Petrol,Manual,10,31790
Car,General,8,85029,Hybrid,Manual,10,5720
SUV,Major,10,128341,Diesel,Automatic,17,25660
Car,Repair,4,37221,Diesel,Manual,7,14530
Bike,General,8,42903,Petrol,Manual,11,830
Scooty,General,5,32269,Petrol,Automatic,6,530
Car,General,11,90971,Petrol,Automatic,19,5890
SUV,Major,7,116272,Diesel,Automatic,12,29730
Bike,General,8,43081,Petrol,Automatic,10,1060
SUV,General,11,193868,Diesel,Automatic,20,12710
Scooty,Repair,4,18037,Petrol,Automatic,5,2180
SUV,General,11,141995,Diesel,Manual,18,9090
Car,Major,5,57527,Diesel,Manual,9,13710
SUV,General,13,225427,Diesel,Manual,19,11910
SUV,General,11,133066,Petrol,Manual,16,10540
Bike,General,7,63376,Petrol,Manual,8,1210
Scooty,General,9,58454,Petrol,Automatic,11,1080
Bike,Repair,10,99199,Petrol,Automatic,18,5050
Electric Scooter,Repair,2,13872,EV,Automatic,2,960
Scooty,Major,4,19743,Petrol,Automatic,7,1550
SUV,General,2,38393,Petrol,Manual,2,6560
Bike,Major,7,65164,Petrol,Manual,10,3310
Bike,General,3,25779,Petrol,Manual,5,1080
Car,General,2,23459,Petrol,Automatic,3,4370
SUV,General,1,14288,Diesel,Manual,1,9240
SUV,General,2,31369,Diesel,Automatic,2,9630
Car,Major,13,159292,Diesel,Automatic,20,25310
Car,General,4,51488,Petrol,Manual,5,3670
Electric Scooter,General,3,19399,EV,Automatic,4,730
Car,Major,4,44567,Diesel,Automatic,6,18030
Car,Major,7,67886,Diesel,Manual,10,17760
Scooty,General,3,14313,Petrol,Automatic,5,1000
Scooty,Repair,7,46813,Petrol,Automatic,9,3730
SUV,General,5,89697,Petrol,Manual,8,6420
Bike,Major,3,16064,Petrol,Manual,5,1820
Car,General,8,76574,Petrol,Automatic,13,6170
Scooty,General,4,17947,Petrol,Automatic,5,470
Car,General,7,114357,EV,Automatic,11,3770
Car,General,10,135952,Hybrid,Automatic,19,7870
SUV,General,5,87394,Hybrid,Manual,6,9170
Car,Major,3,47825,Hybrid,Manual,5,9260
Scooty,General,1,6870,Petrol,Automatic,1,610
SUV,General,4,43731,Diesel,Manual,5,8620
SUV,Major,5,63453,Diesel,Manual,8,28970
SUV,General,3,48330,Diesel,Manual,5,8110
Car,Repair,1,11882,Diesel,Automatic,1,11220
Electric Scooter,General,1,7215,EV,Automatic,1,540
Car,Repair,2,29266,Petrol,Manual,3,10340
SUV,Major,1,13446,Petrol,Automatic,1,15030
Car,General,7,92043,Hybrid,Manual,10,4990
Car,Repair,4,57667,Petrol,Manual,5,11290
Car,Major,6,53786,Petrol,Manual,9,11020
SUV,General,2,34120,Diesel,Automatic,3,10830
Scooty,Repair,11,78708,Petrol,Automatic,16,4360
Bike,Major,8,62960,Petrol,Manual,13,2970
Car,Major,6,47050,Petrol,Automatic,9,12580
Bike,Major,11,86961,Petrol,Manual,13,3920
Electric Bike,Major,1,7274,EV,Automatic,1,1190
Electric Scooter,Major,2,8697,EV,Automatic,3,1150
Car,General,6,57674,Petrol,Manual,8,5250
SUV,General,3,56298,Diesel,Manual,3,10530
SUV,Major,7,96648,Diesel,Automatic,11,22290
Bike,General,14,117537,Petrol,Manual,18,1180
Scooty,Repair,9,44697,Petrol,Automatic,12,3280
Electric Scooter,General,3,19816,EV,Automatic,5,590
Car,General,3,49498,Diesel,Manual,5,5900
Electric Scooter,Repair,2,12276,EV,Automatic,3,1770
Car,General,5,47585,Petrol,Automatic,9,5820
SUV,General,5,84655,Diesel,Manual,6,9480
SUV,Major,4,62052,Diesel,Manual,7,21450
Car,General,9,124197,Diesel,Manual,13,5920
SUV,Major,8,79171,Diesel,Manual,12,24910
Car,Repair,2,35054,Petrol,Manual,3,9810
SUV,General,9,99810,Diesel,Automatic,12,8740
Car,General,10,104563,Petrol,Manual,16,4380
Bike,General,8,64366,Petrol,Manual,11,920
Car,General,9,142673,Petrol,Automatic,12,6050
Electric Scooter,Major,2,9465,EV,Automatic,3,1830
SUV,Major,3,42987,Petrol,Automatic,3,20080
SUV,Repair,10,106955,Diesel,Manual,17,36140
Bike,Major,12,72363,Petrol,Manual,22,3660
SUV,General,11,172568,Petrol,Manual,19,7440
SUV,General,5,76220,Diesel,Manual,7,6570
Scooty,General,7,40833,Petrol,Automatic,8,690
Car,Major,0,988,Diesel,Automatic,0,10610
SUV,General,7,73381,Diesel,Automatic,8,8530
SUV,General,12,236615,Diesel,Manual,17,11630
SUV,General,5,50832,EV,Automatic,8,6790
Bike,General,13,80767,Petrol,Automatic,18,990
Car,Repair,8,124974,Hybrid,Manual,15,20820
SUV,Major,11,180906,EV,Automatic,20,18170
SUV,General,4,51720,Diesel,Automatic,5,8670
Scooty,General,3,22100,Petrol,Automatic,4,690
SUV,General,12,145170,Diesel,Automatic,17,13630
Bike,General,6,40691,Petrol,Manual,8,1060
Car,General,7,89402,EV,Automatic,11,4360
Scooty,General,4,23489,Petrol,Automatic,5,640
Car,General,1,6025,Petrol,Manual,1,3060
Car,General,4,38200,Diesel,Manual,7,4430
Car,Major,6,54486,Diesel,Manual,10,10920
Scooty,Major,8,51174,Petrol,Automatic,10,1970
Electric Scooter,General,1,5890,EV,Automatic,1,570
SUV,General,10,195794,Petrol,Manual,15,9300
Car,General,3,34110,Petrol,Manual,5,3980
Bike,General,5,48947,Petrol,Automatic,6,1220
Car,General,6,62530,Diesel,Manual,8,7080
SUV,General,4,77109,Diesel,Manual,6,10240
SUV,Major,10,194370,Petrol,Manual,19,25210
Scooty,General,1,8310,Petrol,Automatic,1,600
Electric Bike,General,1,9475,EV,Automatic,1,620
SUV,General,7,94967,Petrol,Manual,11,5820
Bike,Major,5,34715,Petrol,Automatic,8,2190
SUV,Repair,3,51172,Petrol,Manual,4,18380
Bike,General,8,73887,Petrol,Manual,13,750
SUV,General,6,93884,Diesel,Manual,11,7230
Car,General,8,122808,Diesel,Manual,12,7290
Electric Bike,Major,2,10624,EV,Automatic,3,1580
Car,Major,14,213172,Diesel,Manual,22,27190
SUV,General,1,17487,Diesel,Automatic,1,9300
SUV,General,4,76634,Diesel,Automatic,7,8650
Bike,Major,2,16652,Petrol,Automatic,3,2360
Scooty,Major,1,6864,Petrol,Automatic,1,1690
Car,Major,6,49366,Diesel,Manual,7,15200
Electric Scooter,Repair,2,10227,EV,Automatic,3,1710
Bike,General,5,29398,Petrol,Manual,8,770
Car,Major,11,122193,Diesel,Manual,14,15860
SUV,General,5,76211,Diesel,Manual,8,10230
Scooty,Major,10,73975,Petrol,Automatic,12,3130
SUV,Major,6,93467,Petrol,Manual,7,20630
SUV,Repair,10,167658,Hybrid,Automatic,13,40410
Car,Repair,11,103366,Diesel,Automatic,19,20520
SUV,General,7,96613,Diesel,Manual,10,10330
Car,General,9,124364,Diesel,Automatic,11,5610
Car,General,8,95758,Petrol,Manual,10,4070
Car,Major,8,126467,Petrol,Automatic,11,14850
Car,General,10,130199,Petrol,Manual,12,3890
Car,Major,5,46341,Petrol,Manual,7,12380
SUV,Major,4,68913,Diesel,Manual,6,22430
SUV,General,6,74186,EV,Automatic,9,4700
SUV,General,3,60851,Hybrid,Manual,5,5980
Electric Scooter,General,1,5618,EV,Automatic,1,530
Car,General,8,123529,Petrol,Manual,14,4560
Car,General,5,38539,Petrol,Manual,9,5470
Scooty,Major,2,14514,Petrol,Automatic,3,1570
Car,General,10,106843,Petrol,Manual,18,5830
Scooty,General,3,20649,Petrol,Automatic,4,520
SUV,General,2,29876,Petrol,Manual,2,6580
Electric Bike,Major,1,6484,EV,Automatic,1,1500
Scooty,General,3,23407,Petrol,Automatic,5,510
Bike,General,9,83588,Petrol,Manual,11,1160
SUV,General,11,184574,EV,Automatic,20,5490
SUV,General,6,116927,Diesel,Automatic,8,9820
Car,General,5,56218,Petrol,Automatic,6,4340
SUV,Major,5,50675,Diesel,Manual,7,19970
Car,Repair,13,206193,Petrol,Automatic,15,26080
Electric Scooter,General,0,1854,EV,Automatic,0,520
SUV,Major,8,105105,Hybrid,Automatic,12,32210
Car,General,7,111890,Petrol,Automatic,12,6350
Scooty,General,3,17451,Petrol,Automatic,3,730
Bike,General,5,29474,Petrol,Automatic,8,680
Car,Repair,4,55325,Petrol,Manual,7,13790
Car,General,2,34697,Petrol,Automatic,3,5020
Car,General,11,98238,Petrol,Manual,14,5030
SUV,Major,3,38738,EV,Automatic,3,12250
Electric Scooter,General,2,11151,EV,Automatic,3,480
Scooty,Major,5,40132,Petrol,Automatic,7,2410
SUV,General,3,44281,Petrol,Automatic,5,5800
Electric Scooter,Major,1,8499,EV,Automatic,1,1530
Scooty,General,6,39234,Petrol,Automatic,11,490
Bike,General,8,81587,Petrol,Manual,10,670
Car,General,4,56298,Petrol,Automatic,5,5890
SUV,Major,8,112399,Diesel,Manual,14,21910
Bike,General,4,29357,Petrol,Manual,7,920
Car,General,8,123334,Petrol,Manual,10,5590
SUV,General,13,225132,Diesel,Automatic,20,13510
SUV,Major,2,34171,Petrol,Automatic,2,16060
Scooty,Major,6,31597,Petrol,Automatic,8,2520
Electric Scooter,General,4,24503,EV,Automatic,7,500
SUV,General,7,80521,Diesel,Automatic,9,11900
Car,Major,12,141546,EV,Automatic,18,15380
SUV,Major,2,38332,Diesel,Automatic,3,25360
Car,Major,8,88470,Petrol,Manual,13,11010
Car,General,5,56786,Petrol,Manual,6,3300
Bike,Major,4,37382,Petrol,Manual,7,3080
Car,General,4,38425,Diesel,Manual,4,5620
Car,Repair,5,52310,Diesel,Manual,9,13450
Car,Major,12,150332,Petrol,Automatic,23,18090
Car,Major,6,56629,Petrol,Automatic,9,17670
Bike,General,9,63624,Petrol,Manual,16,1180
Bike,General,9,86879,Petrol,Manual,17,890
Car,General,3,43485,Diesel,Automatic,5,4530
Car,Major,6,51654,Diesel,Automatic,9,14940
Scooty,General,6,27474,Petrol,Automatic,10,820
Scooty,Repair,5,35967,Petrol,Automatic,8,3100
Bike,Repair,9,52952,Petrol,Manual,10,3820
Bike,Major,10,64705,Petrol,Manual,17,2430
SUV,General,3,37307,Hybrid,Manual,4,5950
SUV,Major,0,1520,Diesel,Automatic,0,20950
Car,Major,5,49403,Diesel,Manual,8,13980
SUV,Major,3,41954,Diesel,Manual,5,19320
Scooty,General,0,795,Petrol,Automatic,0,410
Bike,General,8,53251,Petrol,Manual,11,960
Bike,General,5,50520,Petrol,Manual,9,830
Car,General,9,109360,Petrol,Manual,17,3520
Car,General,3,45851,Petrol,Automatic,5,4130
Scooty,General,7,34531,Petrol,Automatic,8,870
SUV,General,4,46740,Diesel,Automatic,5,9180
SUV,General,6,70550,Petrol,Manual,9,6000
Bike,Repair,1,8751,Petrol,Manual,1,2410
Electric Bike,General,2,14172,EV,Automatic,3,750
SUV,General,12,180070,Petrol,Manual,22,9850
Car,General,6,85451,Petrol,Manual,10,5640
Car,Major,3,34962,Petrol,Manual,3,10370
Electric Scooter,General,1,6127,EV,Automatic,1,580
Scooty,Major,11,60030,Petrol,Automatic,18,1710
Car,General,3,25391,Petrol,Automatic,3,3830
Scooty,General,3,23857,Petrol,Automatic,5,410
SUV,General,4,40594,Petrol,Manual,5,4940
Car,General,13,136522,Diesel,Manual,17,6430
SUV,Major,6,116360,Diesel,Manual,11,26660
SUV,General,9,162681,Petrol,Automatic,14,10090
Electric Scooter,Repair,0,822,EV,Automatic,0,930
SUV,General,9,114483,Diesel,Automatic,17,9850
SUV,Major,3,37667,Diesel,Manual,3,23330
Electric Scooter,Repair,3,17396,EV,Automatic,3,1660
Car,General,8,71769,Diesel,Automatic,15,6620
Car,Major,7,115001,Hybrid,Automatic,12,17080
Car,Major,5,56360,Petrol,Manual,6,10270
Bike,Major,4,28082,Petrol,Manual,6,1680
Car,General,9,130370,Petrol,Manual,14,5650
SUV,General,3,32897,EV,Automatic,4,6270
SUV,General,6,80211,Diesel,Automatic,8,12770
Bike,General,5,44893,Petrol,Manual,9,700
Bike,Major,3,16810,Petrol,Manual,5,2050
Car,Major,8,76500,EV,Automatic,13,14830
SUV,Major,6,77496,Diesel,Manual,7,20590
Bike,Major,3,19235,Petrol,Manual,3,2420
Car,General,6,86581,Petrol,Manual,7,3750
Car,General,8,97303,Petrol,Automatic,15,5270
SUV,General,4,57687,Diesel,Automatic,5,8470
Car,General,4,36422,Diesel,Automatic,6,6500
Electric Bike,Repair,2,12383,EV,Automatic,2,1820
SUV,General,10,106967,Petrol,Manual,15,8130
Car,General,4,42516,Petrol,Manual,5,4710
SUV,General,7,97437,Diesel,Manual,13,10550
Electric Bike,Major,3,25937,EV,Automatic,5,2060
Scooty,General,7,45988,Petrol,Automatic,10,860
SUV,Major,4,68004,Diesel,Manual,7,19960
SUV,Repair,4,62452,Diesel,Automatic,5,19310
Bike,General,6,49231,Petrol,Manual,8,1120
Electric Bike,General,3,20850,EV,Automatic,5,840
Bike,General,7,64780,Petrol,Automatic,10,1070
SUV,General,12,159758,EV,Automatic,19,5580
Car,Major,2,29590,Diesel,Automatic,3,14420
Bike,General,1,7275,Petrol,Manual,1,920
SUV,General,3,35186,Petrol,Manual,4,6430
SUV,Major,6,117094,Diesel,Automatic,9,24190
Bike,General,7,40997,Petrol,Manual,9,930
Car,Major,4,40616,Diesel,Automatic,6,17230
Car,Major,5,70191,Petrol,Manual,6,13270
Car,General,6,53690,Hybrid,Manual,8,6280
Scooty,General,5,26053,Petrol,Automatic,6,520
Car,Major,11,127994,Petrol,Manual,18,11100
Scooty,Repair,6,33523,Petrol,Automatic,9,2240
Scooty,Major,6,44008,Petrol,Automatic,8,2240
Car,General,7,104867,Petrol,Manual,13,3210
Scooty,Repair,12,62030,Petrol,Automatic,14,3740
SUV,Major,5,54120,Petrol,Manual,9,17940
SUV,Major,2,35677,Diesel,Manual,2,18290
Car,Major,3,35376,Petrol,Manual,5,12530
SUV,Repair,11,196380,Petrol,Automatic,18,27980
Car,Major,4,56292,Hybrid,Automatic,5,17900
SUV,General,10,112172,Diesel,Manual,16,11350
Scooty,Repair,7,34389,Petrol,Automatic,10,1670
Car,General,3,26680,Diesel,Automatic,3,6300
SUV,General,4,70086,Diesel,Manual,6,8810
Scooty,Repair,3,16221,Petrol,Automatic,3,1400
Electric Bike,General,0,847,EV,Automatic,0,430
Bike,Major,3,20818,Petrol,Automatic,4,2940
Car,Major,5,53950,Petrol,Manual,9,13110
SUV,General,10,163972,Hybrid,Automatic,19,7540
Car,General,8,75534,Diesel,Automatic,10,6090
SUV,General,6,89212,Diesel,Manual,9,8860
Car,Repair,3,29606,Petrol,Manual,3,10120
Bike,General,6,29141,Petrol,Manual,8,1130
SUV,Repair,6,93027,Diesel,Manual,10,22960
Scooty,General,3,18729,Petrol,Automatic,4,600
Bike,General,6,44158,Petrol,Manual,11,580
Car,Major,8,92851,Diesel,Manual,11,12020
Bike,Repair,6,43407,Petrol,Manual,11,1980
Bike,Major,0,744,Petrol,Manual,0,1990
SUV,General,6,111182,Diesel,Automatic,11,10190
Bike,Repair,4,19527,Petrol,Automatic,6,2520
Bike,General,5,40607,Petrol,Manual,6,750
Bike,General,3,20025,Petrol,Manual,4,710
Bike,Major,4,22714,Petrol,Manual,6,1590
Electric Scooter,Major,2,15378,EV,Automatic,3,1220
SUV,General,7,113070,Petrol,Manual,13,7930
Car,Repair,5,45455,EV,Automatic,7,8980
Scooty,Repair,6,29742,Petrol,Automatic,7,1930
Car,General,7,82222,Petrol,Manual,8,3910
Bike,Repair,5,41404,Petrol,Manual,9,2830
SUV,General,0,1000,Hybrid,Manual,0,7690
Scooty,Major,6,45741,Petrol,Automatic,8,1460
Car,General,10,97804,Diesel,Automatic,18,7320
Bike,Major,2,9366,Petrol,Manual,3,1780
Car,General,8,82890,Diesel,Manual,10,4450
Car,Repair,8,65112,Petrol,Manual,11,13440
Car,General,4,55568,Diesel,Manual,6,4570
SUV,General,0,1000,Diesel,Automatic,0,10340
Car,General,6,78170,Petrol,Manual,10,3380
Car,General,5,60534,Petrol,Automatic,8,5650
Car,General,3,29831,Petrol,Manual,5,3560
Car,General,8,114832,Diesel,Manual,10,5590
Car,Repair,6,62922,Petrol,Automatic,8,16620
Scooty,Major,10,76144,Petrol,Automatic,13,3080
Car,General,10,103080,Diesel,Automatic,16,6700
SUV,Major,5,47307,Petrol,Manual,9,14180
Scooty,Repair,5,27070,Petrol,Automatic,9,1470
Car,Major,4,67132,Petrol,Manual,7,9610
Electric Scooter,Major,3,15403,EV,Automatic,3,1160
Scooty,Major,6,30543,Petrol,Automatic,9,1910
SUV,General,11,201682,Petrol,Manual,14,8120
Bike,General,6,45518,Petrol,Automatic,7,610
Bike,General,9,90945,Petrol,Manual,11,1070
Car,Major,10,130246,Petrol,Automatic,17,13620
Bike,Major,5,35146,Petrol,Manual,8,2020
Car,Major,13,138967,Diesel,Automatic,21,25370
Bike,General,4,32374,Petrol,Manual,5,980
Car,Major,4,33380,Petrol,Automatic,6,16730
Car,Major,10,132099,Diesel,Manual,12,21190
Car,General,5,67679,Petrol,Automatic,8,5780
Car,General,9,92234,Petrol,Manual,11,5340
Car,General,4,48981,Diesel,Manual,6,4910
Scooty,Major,10,57823,Petrol,Automatic,14,1570
Bike,General,5,31882,Petrol,Manual,6,1100
Car,General,12,165985,Diesel,Automatic,20,8120
SUV,Major,10,115107,Diesel,Manual,12,26660
Bike,General,8,73622,Petrol,Automatic,10,1010
Bike,General,7,54188,Petrol,Automatic,11,960
Bike,Major,3,28276,Petrol,Manual,5,1630
Bike,General,5,33763,Petrol,Automatic,7,790
SUV,Major,8,139547,Diesel,Automatic,10,29030
Car,General,2,23238,Petrol,Manual,3,4820
Car,Major,4,59680,Petrol,Manual,6,13340
Electric Scooter,General,1,6992,EV,Automatic,1,600
Car,Major,12,180743,Hybrid,Manual,22,14950
Car,Repair,7,88985,Petrol,Manual,9,12330
SUV,Repair,3,48228,Diesel,Automatic,4,30480
Electric Bike,General,3,23005,EV,Automatic,4,770
Car,Major,7,84371,Diesel,Manual,8,14780
Car,General,6,61178,Petrol,Automatic,7,6610
SUV,General,8,111266,Diesel,Automatic,13,8880
Bike,Repair,3,24700,Petrol,Manual,4,2420
Car,Major,8,108517,Hybrid,Manual,10,18130
Car,Major,6,76027,Petrol,Manual,7,12940
SUV,Major,1,9427,EV,Automatic,1,15400
Car,Repair,11,129426,Petrol,Manual,14,19280
Bike,General,9,65652,Petrol,Manual,17,1340
Car,Repair,1,15048,Petrol,Manual,1,8180
Car,General,5,52709,Petrol,Automatic,9,5930
SUV,General,3,29679,Petrol,Manual,5,5460
Bike,General,3,21262,Petrol,Manual,5,1220
Bike,Repair,10,60807,Petrol,Manual,18,4500
Bike,General,7,56009,Petrol,Manual,9,780
Car,Major,12,97733,Petrol,Manual,18,13480
SUV,General,5,99361,Petrol,Manual,9,7310
Scooty,Major,11,83315,Petrol,Automatic,16,1880
Scooty,General,12,61991,Petrol,Automatic,15,960
Bike,Repair,4,39141,Petrol,Manual,6,1880
Scooty,Major,10,41855,Petrol,Automatic,12,2160
Electric Bike,Repair,3,25443,EV,Automatic,4,2420
Car,General,6,94747,Petrol,Manual,7,5000
Car,Repair,7,90930,Petrol,Manual,10,16420
Car,General,6,91553,Diesel,Manual,8,4890
Bike,Major,3,17267,Petrol,Manual,5,1910
Scooty,General,6,31223,Petrol,Automatic,11,690
Bike,General,11,76246,Petrol,Manual,16,970
Car,General,7,65972,Diesel,Automatic,11,6050
Electric Scooter,General,2,10002,EV,Automatic,2,730
SUV,General,12,216039,Petrol,Manual,23,7380
Scooty,Repair,3,23522,Petrol,Automatic,3,1120
SUV,General,4,50686,Petrol,Manual,7,5900
Car,Repair,7,88934,EV,Automatic,11,12030
Car,Major,13,195762,Petrol,Manual,23,15900
Bike,General,7,60387,Petrol,Manual,13,720
Scooty,General,8,55205,Petrol,Automatic,10,1000
SUV,General,10,125455,Hybrid,Automatic,12,8400
Car,General,5,65119,Diesel,Manual,8,5610
Bike,General,6,38182,Petrol,Manual,10,650
Scooty,General,7,32365,Petrol,Automatic,10,690
Car,General,5,61878,Diesel,Automatic,8,7380
SUV,Major,10,196001,Diesel,Manual,12,28960
Bike,General,5,41833,Petrol,Manual,6,680
Car,General,0,800,Petrol,Manual,0,4330
Car,General,10,85488,Hybrid,Manual,15,5430
Car,General,6,75250,Diesel,Manual,10,4360
SUV,General,4,51989,Hybrid,Automatic,6,6920
SUV,Major,6,119489,Diesel,Automatic,7,32540
SUV,General,2,36536,Diesel,Manual,3,6540
Car,Major,1,11330,Diesel,Manual,1,12100
Car,Repair,1,11368,Diesel,Manual,1,12660
Car,General,4,48466,Diesel,Automatic,6,6110
SUV,Repair,4,68645,Diesel,Manual,6,28810
SUV,Major,7,91638,EV,Automatic,9,17910
Bike,General,1,10357,Petrol,Manual,1,900
Car,Major,9,111181,Petrol,Automatic,14,18470
Scooty,General,5,23372,Petrol,Automatic,9,610
Bike,Major,2,10760,Petrol,Manual,2,2210
Electric Scooter,General,1,3914,EV,Automatic,1,540
SUV,General,7,104721,Petrol,Manual,13,6230
Car,General,5,63298,Petrol,Automatic,9,4590
Car,Repair,5,77595,Petrol,Automatic,6,13990
Car,General,1,15812,Petrol,Automatic,1,4730
Scooty,General,12,79639,Petrol,Automatic,20,1040
Electric Scooter,Major,2,9337,EV,Automatic,3,1860
Electric Scooter,General,0,1346,EV,Automatic,0,350
Car,General,11,137615,Petrol,Manual,17,5040
SUV,General,1,17611,EV,Automatic,1,5430
Car,Major,5,73927,Petrol,Manual,6,11240
Scooty,Major,5,19587,Petrol,Automatic,9,1730
Scooty,Repair,12,79735,Petrol,Automatic,22,3500
SUV,Repair,4,58232,Diesel,Automatic,5,24270
SUV,General,11,139433,Diesel,Automatic,18,9550
SUV,General,3,45208,Diesel,Automatic,4,8560
SUV,Repair,2,39023,Hybrid,Automatic,3,16050
SUV,Repair,5,98919,Diesel,Automatic,6,38300
Car,General,6,86975,Diesel,Manual,8,6620
Electric Bike,Repair,0,500,EV,Automatic,0,1060
SUV,General,1,9035,Petrol,Automatic,1,7330
SUV,General,11,125164,Petrol,Automatic,19,9170
SUV,General,6,97027,Diesel,Manual,7,10980
Car,Major,9,115579,Petrol,Manual,15,11100
Car,Repair,0,3188,Diesel,Manual,0,8230
Car,General,3,30461,Petrol,Manual,5,3320
SUV,General,8,123610,Diesel,Manual,12,8060
Scooty,General,3,24812,Petrol,Automatic,4,840
Car,Major,10,114226,Petrol,Manual,19,15680
SUV,General,6,73033,Petrol,Automatic,9,8010
Car,General,6,80267,EV,Automatic,11,3770
Bike,General,5,31236,Petrol,Automatic,9,1070
Electric Scooter,General,1,7816,EV,Automatic,1,740
Car,Major,8,113028,Petrol,Manual,13,10900
Scooty,Major,7,27816,Petrol,Automatic,12,2000
Car,General,1,13519,EV,Automatic,1,3130
Car,Major,4,43788,Diesel,Manual,4,11650
Bike,General,1,5661,Petrol,Automatic,1,540
Car,General,13,191344,Petrol,Automatic,17,6570
SUV,Major,2,40355,Petrol,Automatic,2,20650
Electric Scooter,General,2,10929,EV,Automatic,3,570
SUV,General,8,154370,Diesel,Automatic,10,12280
Bike,Repair,5,35413,Petrol,Manual,8,2890
SUV,Repair,5,96146,Diesel,Automatic,7,35470
Scooty,General,2,8080,Petrol,Automatic,2,640
Bike,General,10,96856,Petrol,Manual,18,930
SUV,Major,3,42480,Diesel,Manual,3,17140
SUV,General,4,77793,Diesel,Manual,4,10140
Car,Repair,14,165969,Petrol,Manual,17,27860
Electric Bike,Major,2,12432,EV,Automatic,3,1440
Electric Scooter,Repair,1,7124,EV,Automatic,1,940
SUV,General,12,175481,Petrol,Automatic,22,7210
SUV,General,10,121434,Petrol,Automatic,14,9820
Car,Major,12,117745,Diesel,Manual,21,14290
Car,Repair,1,14264,EV,Automatic,1,6960
SUV,Major,9,162908,Diesel,Manual,13,26210
Car,General,9,124567,Diesel,Automatic,17,8610
Car,Major,4,38162,EV,Automatic,5,9520
Scooty,General,5,31389,Petrol,Automatic,7,780
Electric Scooter,General,4,28948,EV,Automatic,4,550
SUV,General,5,57240,Diesel,Automatic,8,8880
Bike,Major,6,59789,Petrol,Manual,8,3170
Bike,Repair,6,33416,Petrol,Automatic,10,2240
Bike,Repair,6,42497,Petrol,Manual,11,3560
Bike,Major,5,26246,Petrol,Manual,8,2770
Scooty,General,10,44777,Petrol,Automatic,14,890
Bike,Major,13,118829,Petrol,Manual,23,4160
Scooty,General,2,13760,Petrol,Automatic,2,710
SUV,Major,4,51572,Diesel,Automatic,6,24020
Car,Major,5,72993,Petrol,Manual,9,10910
SUV,Major,2,41509,Hybrid,Automatic,2,20310
Car,Major,10,151900,Diesel,Manual,14,21200
Car,General,3,25101,EV,Automatic,3,3450
Scooty,General,3,13273,Petrol,Automatic,5,530
Car,Repair,1,15001,Hybrid,Manual,1,8520
Electric Scooter,General,1,5411,EV,Automatic,1,780
SUV,Major,10,174689,Petrol,Manual,12,20980
Bike,Major,5,36016,Petrol,Manual,6,1930
SUV,General,6,119495,Diesel,Manual,8,10570
Bike,General,4,34321,Petrol,Manual,5,610
Car,Major,0,800,Diesel,Automatic,0,10400
Car,Repair,7,73270,Petrol,Automatic,10,16770
Car,Major,4,62244,Petrol,Automatic,5,10300
Car,General,6,85214,Diesel,Manual,10,4370
Bike,Repair,4,26058,Petrol,Manual,7,2630
SUV,General,9,163991,Diesel,Automatic,17,9830
Car,General,2,22756,EV,Automatic,2,4140
Scooty,Major,1,8199,Petrol,Automatic,1,1230
Car,Repair,2,22960,Petrol,Manual,2,11000
Bike,General,5,40891,Petrol,Manual,6,700
Electric Scooter,General,2,10171,EV,Automatic,3,430
Car,General,13,166577,Diesel,Automatic,17,7840
Bike,General,4,35855,Petrol,Manual,5,810
SUV,Repair,9,114349,Hybrid,Manual,15,24420
SUV,General,3,37337,Diesel,Manual,5,6980
Car,Major,8,99315,Hybrid,Manual,9,11890
Car,Major,1,10969,Diesel,Manual,1,14270
Scooty,Repair,2,8894,Petrol,Automatic,2,1970
SUV,General,11,206103,Diesel,Manual,18,7580
SUV,Major,6,105017,Diesel,Automatic,11,32900
Bike,General,1,10808,Petrol,Automatic,1,540
SUV,General,7,88042,Diesel,Manual,12,10370
SUV,General,3,42994,Petrol,Automatic,4,8490
SUV,General,11,158202,Diesel,Manual,17,9780
Car,General,6,58502,Petrol,Manual,7,3300
SUV,General,10,145912,Diesel,Automatic,19,10210
Scooty,Repair,8,36757,Petrol,Automatic,13,2100
Bike,Major,4,31227,Petrol,Manual,4,3060
Bike,Major,4,32810,Petrol,Manual,6,1980
Electric Bike,General,1,7252,EV,Automatic,1,620
Bike,Repair,4,22682,Petrol,Manual,6,3110
SUV,Major,8,117973,Petrol,Automatic,13,23310
Car,Major,9,141797,EV,Automatic,16,12370
Car,General,6,66631,Hybrid,Automatic,10,5630
Scooty,General,5,26733,Petrol,Automatic,6,810
Car,Major,6,78640,Diesel,Automatic,10,17430
Car,General,7,59526,Hybrid,Manual,8,5050
Car,General,11,111263,Hybrid,Manual,13,6070
Car,General,5,70797,EV,Automatic,6,3990
Bike,General,9,45962,Petrol,Manual,14,810
SUV,Major,1,16309,Hybrid,Manual,1,19280
Car,Repair,4,56897,EV,Automatic,5,11050
SUV,General,6,64816,Petrol,Automatic,10,7300
Car,General,8,67134,Diesel,Manual,12,6360
Car,General,4,49672,Diesel,Automatic,7,6680
Electric Scooter,General,2,11878,EV,Automatic,2,680
Car,Repair,5,80171,Diesel,Manual,7,14170
Car,Major,8,103612,Petrol,Manual,13,14630
Car,Major,0,2516,Petrol,Manual,0,11300
Bike,General,6,33212,Petrol,Manual,8,1050
Car,Major,11,146004,Petrol,Automatic,20,15900
SUV,General,6,85702,Diesel,Manual,8,12060
Electric Scooter,General,1,9337,EV,Automatic,1,390
Car,General,6,87908,Diesel,Manual,7,4230
Car,General,8,75834,Diesel,Manual,10,6040
Bike,Repair,0,2609,Petrol,Manual,0,1340
Car,General,6,93035,Diesel,Manual,8,6210
Bike,General,6,45332,Petrol,Manual,7,1250
Electric Scooter,General,3,12502,EV,Automatic,4,710
Bike,General,5,49990,Petrol,Manual,6,640
Scooty,General,10,60115,Petrol,Automatic,15,630
SUV,General,11,169030,Hybrid,Automatic,16,8900
Car,General,9,145949,Diesel,Automatic,13,7730
Bike,General,9,47342,Petrol,Manual,11,1220
Car,Major,11,118006,Petrol,Manual,19,11940
Scooty,Major,5,24604,Petrol,Automatic,6,1670
Car,Major,4,37287,Diesel,Manual,6,16240
Car,General,2,23232,Hybrid,Manual,2,4440
Electric Scooter,Repair,2,14434,EV,Automatic,3,1010
Car,Repair,8,75397,EV,Automatic,11,12400
Car,General,2,24676,Petrol,Automatic,2,5150
Car,Repair,11,104471,Diesel,Manual,18,28290
SUV,General,6,104684,Petrol,Automatic,7,8960
Car,General,7,102348,EV,Automatic,12,4760
Car,Major,3,28951,Petrol,Manual,3,8890
SUV,Major,6,105043,Petrol,Manual,9,19520
Car,Major,8,87555,EV,Automatic,10,12360
Bike,Major,5,26817,Petrol,Manual,7,2430
Scooty,General,7,30502,Petrol,Automatic,8,590
Scooty,Major,3,18447,Petrol,Automatic,4,1180
Electric Scooter,Major,1,7660,EV,Automatic,1,1280
SUV,Major,8,148697,EV,Automatic,9,17120
Bike,Major,3,28072,Petrol,Manual,3,1620
Bike,Major,1,7690,Petrol,Automatic,1,2410
Bike,Repair,11,105328,Petrol,Manual,20,5600
Bike,Major,9,48336,Petrol,Manual,11,1980
Electric Scooter,Major,2,12910,EV,Automatic,2,1210
Scooty,General,11,51009,Petrol,Automatic,13,500
SUV,General,1,20548,Diesel,Automatic,1,10190
SUV,Repair,5,87810,Petrol,Automatic,7,23260
SUV,Major,6,85959,Diesel,Manual,10,23150
SUV,Repair,7,116334,Diesel,Automatic,10,36760
Scooty,Repair,7,40395,Petrol,Automatic,8,3120
SUV,Major,10,160857,Diesel,Automatic,12,34060
Car,General,6,94820,Hybrid,Manual,10,5330
Bike,General,7,62408,Petrol,Manual,11,830
Bike,Major,10,56267,Petrol,Manual,18,3060
Car,General,12,122103,Petrol,Automatic,18,6700
Bike,Major,2,19790,Petrol,Manual,2,1610
SUV,General,10,160600,Petrol,Automatic,19,8600
Car,Major,0,800,Petrol,Manual,0,11510
Car,Repair,6,50651,Petrol,Automatic,11,17950
Car,General,2,14514,Petrol,Automatic,3,4310
Scooty,Repair,7,43427,Petrol,Automatic,10,2660
Scooty,Repair,3,22085,Petrol,Automatic,5,1650
SUV,Repair,13,142977,Diesel,Automatic,16,45180
Car,Major,5,70509,Petrol,Automatic,9,12660
SUV,General,8,110675,Petrol,Automatic,14,6440
Bike,Repair,13,102950,Petrol,Automatic,18,5940
Car,General,10,153628,Petrol,Manual,12,6030
SUV,Major,2,36058,Petrol,Automatic,3,23970
Electric Scooter,General,1,6068,EV,Automatic,1,570
Scooty,General,6,25173,Petrol,Automatic,11,840
Electric Scooter,Major,2,16508,EV,Automatic,3,1770
Car,General,7,74922,Petrol,Manual,12,3530
SUV,Major,11,112884,Petrol,Manual,16,17040
Car,General,7,56937,Petrol,Automatic,12,6230
Car,Repair,1,8388,Petrol,Automatic,1,11810
Car,General,8,123829,Diesel,Manual,11,6640
SUV,Major,3,33901,Diesel,Manual,5,23730
Car,Repair,4,65469,Petrol,Automatic,5,10740
SUV,Major,12,220947,Diesel,Manual,22,38260
Electric Scooter,Major,2,11091,EV,Automatic,3,1100
Car,General,5,65283,Petrol,Automatic,6,4960
Bike,General,10,62728,Petrol,Manual,12,1010
Electric Bike,General,2,17429,EV,Automatic,3,460
SUV,General,3,64510,Diesel,Manual,5,11290
Car,Major,10,85933,Petrol,Manual,16,10840
Bike,General,4,30350,Petrol,Manual,4,800
Car,General,3,45001,EV,Automatic,4,4830
Car,General,4,42351,Petrol,Manual,6,3430
Car,General,5,41438,Petrol,Manual,7,5310
Scooty,General,1,7766,Petrol,Automatic,1,830
Car,General,2,17104,Diesel,Automatic,3,5380
Car,General,10,130638,Diesel,Manual,12,7460
Bike,Major,9,71732,Petrol,Manual,14,2190
SUV,General,8,107578,Hybrid,Manual,11,8500
Car,Major,2,24249,Petrol,Manual,3,7370
Car,General,8,84237,Petrol,Automatic,12,3800
Car,General,9,109299,EV,Automatic,15,3860
Car,Major,2,31026,Petrol,Manual,3,9900
Car,General,12,147263,Diesel,Automatic,15,8850
Bike,General,7,50231,Petrol,Automatic,8,750
Car,Major,10,118728,Petrol,Automatic,14,17870
SUV,General,0,2109,Diesel,Automatic,0,7730
Bike,General,11,89284,Petrol,Manual,21,1170
Car,Major,1,11107,Petrol,Manual,1,8090
Car,General,0,800,Petrol,Manual,0,4570
Scooty,Major,7,48973,Petrol,Automatic,8,2690
Bike,General,9,78814,Petrol,Manual,11,650
Car,Repair,5,41550,Petrol,Automatic,9,12220
Car,Major,5,73813,Diesel,Manual,9,15590
Scooty,General,2,13927,Petrol,Automatic,3,770
Car,Repair,5,60587,Petrol,Automatic,7,12530
Bike,Major,8,50302,Petrol,Manual,13,3680
Electric Scooter,General,0,1861,EV,Automatic,0,370
Car,General,7,96421,Petrol,Manual,13,4460
SUV,Major,4,48149,Petrol,Manual,5,15520
Car,General,6,92976,Petrol,Manual,10,3480
Bike,General,5,45845,Petrol,Manual,7,1050
Scooty,Major,8,43801,Petrol,Automatic,11,1930
Electric Scooter,Repair,2,14776,EV,Automatic,3,1840
Car,Major,7,87609,Diesel,Manual,10,18050
Car,Repair,7,79440,Diesel,Manual,9,17120
Bike,General,5,28974,Petrol,Manual,6,1130
Car,General,5,59429,EV,Automatic,8,4320
Car,Repair,13,137509,Diesel,Automatic,18,35520
SUV,General,9,181855,Petrol,Manual,11,9110
Car,Repair,8,93252,Petrol,Automatic,11,22290
Bike,Major,2,19698,Petrol,Automatic,2,2730
Electric Scooter,Major,2,14552,EV,Automatic,3,1050
Bike,Major,3,28039,Petrol,Manual,4,2070
Car,General,8,111275,EV,Automatic,14,4040
Car,General,9,117442,Diesel,Automatic,12,8900
Car,General,8,97862,Petrol,Manual,11,5010
Bike,General,2,20648,Petrol,Automatic,2,1090
Car,Repair,3,39573,Diesel,Automatic,3,11080
Bike,General,8,42053,Petrol,Manual,13,880
Electric Scooter,Repair,0,500,EV,Automatic,0,1430
Car,Major,6,85372,Petrol,Automatic,8,16440
Car,General,2,22499,Petrol,Manual,3,4430
Scooty,Major,6,31459,Petrol,Automatic,8,1840
SUV,General,7,82907,Diesel,Automatic,12,10190
Electric Bike,Major,2,17058,EV,Automatic,3,1740
Bike,General,10,89235,Petrol,Manual,19,770
SUV,Major,7,106067,Diesel,Manual,13,29150
SUV,Major,12,142541,Diesel,Manual,16,21950
Car,Major,10,84836,Petrol,Manual,16,15830
Bike,Major,3,23263,Petrol,Manual,4,2450
SUV,Major,5,97909,Petrol,Manual,9,23060
Car,General,3,32889,Diesel,Automatic,5,5470
Car,General,2,35267,Petrol,Automatic,2,4780
Car,Major,2,18892,Diesel,Automatic,3,15300
Car,Repair,9,99452,Petrol,Manual,13,16070
SUV,Repair,0,4633,Petrol,Automatic,0,13490
Car,Repair,1,13073,Diesel,Automatic,1,9130
SUV,General,4,63678,Diesel,Manual,5,7580
SUV,General,13,181832,EV,Automatic,18,7620
SUV,Repair,12,188887,Petrol,Manual,17,26210
SUV,Major,5,54855,Petrol,Automatic,9,15920
SUV,General,5,56965,Petrol,Manual,7,5780
Bike,General,5,35610,Petrol,Manual,9,1210
Bike,General,5,40749,Petrol,Manual,8,590
Car,Major,12,102984,Petrol,Automatic,17,20650
Scooty,General,6,23921,Petrol,Automatic,11,620
Scooty,Major,5,21419,Petrol,Automatic,8,2200
Car,General,5,69718,Petrol,Automatic,6,5590
SUV,General,11,129693,Petrol,Manual,15,8640
SUV,General,8,100622,Petrol,Manual,11,8090
Scooty,General,3,20897,Petrol,Automatic,5,670
Car,Major,2,26435,Petrol,Manual,2,9240
SUV,General,2,31820,Petrol,Automatic,3,6270
Bike,Repair,4,36179,Petrol,Manual,6,2660
Scooty,Major,8,56820,Petrol,Automatic,14,2160
Car,Repair,5,79708,Petrol,Automatic,9,18700
SUV,Major,5,83120,Petrol,Automatic,7,25330
SUV,General,5,92654,Petrol,Manual,8,7410
Scooty,Repair,3,11827,Petrol,Automatic,5,1870
Car,General,14,176546,Petrol,Automatic,18,7860
Car,Repair,12,103578,Petrol,Automatic,16,21240
SUV,Repair,3,42296,Petrol,Automatic,3,18580
Car,Major,5,66115,Diesel,Manual,8,13220
Car,General,5,37285,Petrol,Manual,8,5190
Electric Scooter,Repair,2,11012,EV,Automatic,3,990
Scooty,General,9,40869,Petrol,Automatic,11,680
Bike,General,4,32004,Petrol,Manual,4,560
Car,Major,7,102793,Petrol,Automatic,13,16650
Car,Major,6,89158,Petrol,Automatic,7,13800
Bike,General,0,500,Petrol,Manual,0,540
Car,General,8,98139,Hybrid,Manual,9,4920
SUV,General,1,13395,Diesel,Manual,1,7140
Scooty,General,10,59971,Petrol,Automatic,19,680
Car,Repair,6,76665,Diesel,Automatic,8,22190
SUV,General,13,129343,EV,Automatic,23,8270
Scooty,General,12,59642,Petrol,Automatic,17,820
Car,General,6,67419,Diesel,Manual,8,4700
Electric Scooter,General,4,23187,EV,Automatic,7,880
Electric Scooter,Repair,2,13395,EV,Automatic,2,1650
Car,General,11,130496,Petrol,Automatic,16,5610
SUV,General,13,245760,Diesel,Manual,23,9170
Scooty,Major,7,37618,Petrol,Automatic,13,2000
Car,General,6,74936,Hybrid,Manual,11,4510
Scooty,Major,6,26872,Petrol,Automatic,10,1910
SUV,General,8,151971,Diesel,Automatic,14,9440
Car,Major,6,75672,Diesel,Manual,7,17290
Scooty,General,1,6235,Petrol,Automatic,1,510
Car,General,8,84342,Petrol,Manual,11,4950
Car,Major,4,36682,Petrol,Automatic,5,10240
Scooty,General,4,20458,Petrol,Automatic,6,500
Car,Major,7,78003,Petrol,Automatic,12,13750
SUV,General,2,36542,Petrol,Manual,3,8510
SUV,Major,2,24167,Petrol,Automatic,2,18280
Car,General,2,24075,Petrol,Manual,3,3940
Bike,General,0,2052,Petrol,Manual,0,800
Car,General,9,80007,Petrol,Manual,15,4880
SUV,General,12,169683,Diesel,Automatic,23,9170
Scooty,Major,2,8114,Petrol,Automatic,2,1650
SUV,Major,3,34553,Diesel,Automatic,5,18160
Bike,General,1,8987,Petrol,Automatic,1,720
Electric Scooter,General,2,15337,EV,Automatic,2,510
Bike,General,3,21809,Petrol,Manual,4,590
Electric Bike,Major,3,25274,EV,Automatic,5,1430
SUV,General,6,112201,Diesel,Manual,10,9620
Scooty,Repair,4,27335,Petrol,Automatic,5,2290
Car,General,13,151130,EV,Automatic,17,5250
SUV,Major,9,113139,Diesel,Automatic,13,32760
Bike,Major,4,22967,Petrol,Manual,5,1720
Electric Scooter,General,1,8813,EV,Automatic,1,470
Car,General,3,46898,Petrol,Manual,4,4220
SUV,General,8,136712,Diesel,Automatic,15,7600
Bike,General,3,26512,Petrol,Automatic,5,830
Bike,General,9,86044,Petrol,Manual,10,760
Car,General,6,55329,Petrol,Manual,9,4000
SUV,General,6,73575,Diesel,Manual,7,6970
SUV,General,1,14167,Petrol,Automatic,1,6920
Electric Bike,Major,0,568,EV,Automatic,0,1490
Car,Major,2,25189,Diesel,Manual,3,12170
Bike,Repair,4,31384,Petrol,Manual,7,2450
Electric Bike,General,4,33663,EV,Automatic,6,980
Car,General,6,95081,Hybrid,Manual,7,5360
Car,Major,5,56008,Petrol,Manual,8,9580
SUV,General,2,42977,Diesel,Manual,2,8340
Electric Bike,General,1,9990,EV,Automatic,1,500
Car,General,4,64835,Petrol,Manual,7,4110
Car,Repair,5,82853,EV,Automatic,6,12980
Bike,Major,8,61248,Petrol,Manual,13,2840
Scooty,General,7,50352,Petrol,Automatic,12,520
SUV,Repair,2,32915,EV,Automatic,3,13340
Scooty,General,4,22172,Petrol,Automatic,5,500
Bike,Major,4,38101,Petrol,Automatic,5,1470
SUV,Major,3,51215,Petrol,Manual,5,16400
Bike,General,13,90248,Petrol,Manual,24,950
SUV,General,2,26977,Diesel,Automatic,2,9260
SUV,General,4,53390,Hybrid,Automatic,7,7350
Bike,Repair,13,67831,Petrol,Manual,16,4020
Bike,Major,5,33489,Petrol,Manual,6,3150
Car,General,4,53297,Petrol,Manual,6,4780
Bike,General,12,110854,Petrol,Manual,17,1430
Car,General,5,63660,Petrol,Automatic,8,4720
Car,Major,5,78765,Petrol,Manual,6,12870
Car,General,6,58862,Petrol,Manual,9,3610
Bike,Repair,3,31594,Petrol,Automatic,5,3340
Scooty,General,3,12665,Petrol,Automatic,4,580
Scooty,General,9,56899,Petrol,Automatic,13,840
Car,Repair,6,74172,Petrol,Manual,7,14630
Car,General,11,102272,Petrol,Manual,19,4260
Car,General,2,22419,Diesel,Manual,2,5970
Electric Scooter,Major,3,15544,EV,Automatic,4,1020
Car,Major,10,80995,Petrol,Manual,14,16430
Electric Bike,General,0,1440,EV,Automatic,0,810
Car,Repair,5,79505,Petrol,Automatic,6,15680
Bike,General,4,31591,Petrol,Manual,5,1080
Bike,General,3,22518,Petrol,Manual,5,1110
SUV,Major,10,138538,Diesel,Manual,17,30110
Bike,General,5,31706,Petrol,Manual,7,820
SUV,General,9,170533,Petrol,Manual,16,6460
Car,Major,4,35315,Petrol,Automatic,5,12760
Scooty,Major,3,17613,Petrol,Automatic,4,1260
Car,Repair,11,152146,Petrol,Manual,19,20920
Bike,General,5,39494,Petrol,Automatic,7,1030
Bike,General,4,33518,Petrol,Manual,6,820
Car,Major,11,109982,Diesel,Manual,16,19160
Electric Scooter,General,1,7669,EV,Automatic,1,630
Car,General,9,140030,Diesel,Manual,17,6660
Bike,General,1,8807,Petrol,Manual,1,580
Car,Major,7,69435,Petrol,Manual,12,10590
SUV,General,4,69126,EV,Automatic,6,4780
SUV,General,2,25275,Diesel,Manual,2,7500
Car,Repair,6,60335,Diesel,Automatic,9,22470
Car,General,5,61180,Petrol,Automatic,7,4470
Bike,Repair,5,24437,Petrol,Manual,9,2540
SUV,Major,3,54943,Petrol,Automatic,5,18170
Car,Major,7,74515,Diesel,Automatic,10,18600
Scooty,General,10,57391,Petrol,Automatic,19,870
SUV,Major,3,34828,Diesel,Automatic,4,21270
Car,General,2,22083,Diesel,Automatic,3,5330
SUV,General,4,63369,Diesel,Automatic,5,8040
Car,General,7,91192,EV,Automatic,9,3090
Electric Scooter,Major,1,4652,EV,Automatic,1,1480
Car,General,6,69703,Diesel,Automatic,10,6720
Electric Bike,Repair,2,15924,EV,Automatic,3,1780
SUV,General,8,145748,EV,Automatic,14,7310
Bike,Repair,1,10392,Petrol,Manual,1,1250
SUV,General,14,275772,Diesel,Manual,22,8600
SUV,General,6,103219,EV,Automatic,7,6440
Car,General,6,61750,Petrol,Manual,8,5300
Car,General,7,82303,Hybrid,Automatic,11,5100
Bike,General,5,34496,Petrol,Manual,7,1160
Bike,Repair,2,11427,Petrol,Manual,2,2540
Car,Major,1,11366,Petrol,Automatic,1,12530
SUV,General,6,113112,Diesel,Manual,7,10410
Bike,Major,3,23497,Petrol,Automatic,4,1710
SUV,General,10,137671,Diesel,Manual,12,8020
Bike,General,7,66842,Petrol,Manual,12,1050
Electric Bike,General,1,7450,EV,Automatic,1,630
SUV,Major,10,155664,Petrol,Manual,12,27220
SUV,Major,5,93125,Petrol,Automatic,9,24980
Bike,Repair,7,45670,Petrol,Manual,11,3450
SUV,General,3,46973,Hybrid,Manual,5,7440
Car,General,5,54902,Petrol,Automatic,8,5690
Car,General,6,48871,Diesel,Manual,8,6910
SUV,Major,7,99038,Diesel,Automatic,9,29740
Car,General,4,45053,Petrol,Automatic,6,4760
Car,Major,3,37073,Diesel,Manual,5,11350
SUV,General,8,143178,Petrol,Automatic,10,8850
Bike,General,7,50973,Petrol,Manual,8,1140
SUV,General,8,148461,Diesel,Manual,11,9950
Scooty,General,10,46015,Petrol,Automatic,16,950
Car,Repair,5,78692,Petrol,Manual,6,11190
Car,General,11,121125,Diesel,Automatic,15,8220
Car,Major,8,127168,Petrol,Automatic,10,15240
Car,General,12,107418,Diesel,Manual,18,5790
SUV,Repair,2,39593,Diesel,Automatic,3,20300
Car,Major,3,43256,Hybrid,Manual,3,11620
SUV,General,6,93608,Diesel,Automatic,11,8470
Car,General,3,27641,Petrol,Automatic,4,4510
Car,Major,6,57294,EV,Automatic,9,11360
SUV,General,5,74520,Diesel,Automatic,8,11600
Car,Major,5,52771,Petrol,Automatic,6,15920
Car,General,10,155701,Diesel,Manual,16,7530
Scooty,Repair,2,11267,Petrol,Automatic,2,2080
Bike,General,6,35412,Petrol,Manual,8,820
Bike,General,4,24063,Petrol,Manual,6,730
Bike,General,10,59034,Petrol,Manual,13,1310
Electric Scooter,Major,3,25457,EV,Automatic,4,1610
Bike,General,7,65673,Petrol,Manual,12,1150
Car,Repair,11,122450,Petrol,Automatic,14,27410
Car,Major,13,105532,Hybrid,Automatic,16,24480
Car,Major,6,56015,EV,Automatic,10,11160
SUV,Repair,11,221651,Diesel,Automatic,13,40980
Car,Major,9,121671,Petrol,Manual,11,12280
Electric Bike,Major,3,24538,EV,Automatic,4,1380
SUV,General,1,14141,Diesel,Manual,1,6550
Car,Repair,2,18271,Diesel,Manual,2,13110
SUV,General,5,79930,Diesel,Automatic,9,10830
Electric Bike,General,3,17801,EV,Automatic,4,750
SUV,General,9,164707,Diesel,Automatic,13,8160
Scooty,Repair,8,59847,Petrol,Automatic,13,2320
Bike,Major,2,20532,Petrol,Manual,3,2430
SUV,Major,5,74379,Diesel,Manual,8,23750
Car,General,5,74184,Petrol,Automatic,8,3840
Electric Bike,Major,0,500,EV,Automatic,0,1250
Bike,General,5,37972,Petrol,Manual,7,1220
Car,Major,3,40035,Petrol,Manual,5,11110
SUV,Repair,6,74693,Diesel,Automatic,7,32290
Car,General,5,73842,Petrol,Manual,7,3260
SUV,General,6,92915,Petrol,Automatic,10,8510
Car,Major,7,77306,Petrol,Manual,11,10840
Car,Major,4,59451,Hybrid,Automatic,7,12000
Bike,General,4,34755,Petrol,Manual,6,910
Bike,Major,4,30526,Petrol,Manual,7,2790
Car,General,6,64996,Petrol,Manual,8,3280
Bike,Repair,12,97891,Petrol,Manual,15,5420
Electric Scooter,Major,2,9157,EV,Automatic,2,1980
Car,General,10,146216,Petrol,Manual,19,3590
Bike,Major,3,27414,Petrol,Automatic,4,2860
Bike,Major,4,40889,Petrol,Manual,7,1850
Bike,General,6,42772,Petrol,Manual,11,1170
SUV,General,4,63710,Diesel,Automatic,5,8140
Car,General,4,52744,Petrol,Automatic,7,4120
Electric Scooter,General,1,5766,EV,Automatic,1,560
Bike,Major,10,78763,Petrol,Manual,16,3300
Car,Major,5,67501,Diesel,Manual,6,18050
Car,Major,9,96177,Petrol,Automatic,14,17420
SUV,Major,3,39882,EV,Automatic,5,14900
SUV,Major,8,93265,Diesel,Manual,9,27270
Car,Major,4,38279,Hybrid,Manual,7,12260
Car,Major,10,109628,Petrol,Manual,13,17490
Electric Scooter,General,1,5693,EV,Automatic,1,410
Electric Scooter,General,4,23208,EV,Automatic,4,780
Car,Repair,11,88884,Hybrid,Automatic,16,18410
Bike,Major,7,50379,Petrol,Manual,12,2690
Car,Repair,8,69773,Petrol,Manual,10,16930
Bike,General,7,56092,Petrol,Manual,11,810
Car,General,4,52126,Hybrid,Automatic,5,6110
SUV,Major,10,123596,Petrol,Automatic,19,21440
Car,General,5,62685,Petrol,Manual,7,3710
Car,Repair,6,54407,Petrol,Manual,10,16080
Scooty,General,4,28968,Petrol,Automatic,4,870
Scooty,Major,5,32579,Petrol,Automatic,8,2370
Car,Repair,5,74394,Petrol,Manual,7,11160
Bike,General,9,76116,Petrol,Manual,14,910
Scooty,Major,8,39484,Petrol,Automatic,9,1460
Electric Scooter,Major,4,23203,EV,Automatic,5,2280
Electric Bike,Major,0,510,EV,Automatic,0,1210
SUV,General,2,23472,Diesel,Manual,2,7540
Electric Bike,Major,2,16246,EV,Automatic,3,1610
Bike,General,7,44557,Petrol,Manual,12,990
Car,Major,8,78456,Petrol,Manual,12,12320
SUV,General,3,47148,Petrol,Automatic,4,8150
Bike,Repair,2,15976,Petrol,Automatic,2,1530
Car,General,2,33689,EV,Automatic,2,4260
SUV,Major,2,33633,Diesel,Automatic,2,25400
Car,General,13,143818,EV,Automatic,21,3540
Car,Repair,11,147791,Petrol,Automatic,18,21320
Car,General,5,54116,Petrol,Automatic,8,4920
Car,Major,4,43166,Petrol,Automatic,5,11570
Car,Major,8,93674,Diesel,Automatic,15,22400
SUV,Major,4,59466,Diesel,Automatic,6,25880
Scooty,Major,6,44037,Petrol,Automatic,11,1790
SUV,General,1,17681,Petrol,Automatic,1,7260
Car,General,3,43702,Hybrid,Manual,4,5300
Car,General,11,175932,Hybrid,Manual,19,6490
Car,General,5,68040,Petrol,Manual,8,3790
Car,General,4,52964,Petrol,Manual,7,4100
SUV,General,9,101839,Petrol,Manual,15,7630
SUV,General,3,52141,Hybrid,Automatic,5,8570
Car,Repair,6,58102,Diesel,Automatic,7,15230
Scooty,General,4,19639,Petrol,Automatic,4,840
Bike,Major,3,26195,Petrol,Automatic,5,1750
Electric Bike,Major,2,17557,EV,Automatic,2,1860
Electric Bike,Major,1,8471,EV,Automatic,1,1720
Car,General,9,85689,Petrol,Manual,13,4840
SUV,General,9,180478,Hybrid,Automatic,16,11180
Car,Major,8,85308,Petrol,Manual,10,16100
Scooty,General,4,23434,Petrol,Automatic,7,850
Bike,General,5,37580,Petrol,Manual,7,810
Electric Scooter,General,0,500,EV,Automatic,0,750
Car,General,7,60172,Hybrid,Manual,11,6360
Car,General,13,154592,EV,Automatic,17,4420
SUV,General,12,208078,EV,Automatic,18,5260
Car,General,5,68096,EV,Automatic,8,4050
Car,General,5,56267,Petrol,Automatic,8,6600
Bike,General,10,57463,Petrol,Manual,19,1080
Car,General,9,132695,Diesel,Manual,13,4950
SUV,General,2,33287,Petrol,Automatic,3,8470
SUV,Repair,6,80487,Diesel,Manual,8,30030
Bike,Repair,6,58173,Petrol,Automatic,9,3780
Scooty,Repair,12,80463,Petrol,Automatic,16,3610
Bike,General,6,44817,Petrol,Manual,8,1140
Scooty,Repair,5,22176,Petrol,Automatic,6,1960
SUV,General,4,52410,Diesel,Automatic,6,10200
Scooty,Major,10,74166,Petrol,Automatic,15,2910
SUV,Repair,8,114942,Diesel,Automatic,14,35270
Scooty,General,6,47018,Petrol,Automatic,11,900
Car,General,5,47545,Petrol,Automatic,7,5470
Car,General,4,53702,Petrol,Automatic,6,4730
Car,General,10,93790,EV,Automatic,18,4600
SUV,General,7,118368,Diesel,Automatic,10,8660
Electric Scooter,Repair,0,1186,EV,Automatic,0,1420
SUV,Repair,5,48037,Diesel,Manual,9,20280
Car,General,6,66167,Petrol,Manual,7,5150
SUV,Repair,4,51258,EV,Automatic,6,12250
Bike,Major,5,30313,Petrol,Manual,9,2840
Car,Major,5,69046,Diesel,Automatic,8,20330
Bike,General,6,41215,Petrol,Manual,9,1030
SUV,Major,4,48444,Hybrid,Automatic,7,28030
Scooty,General,2,10133,Petrol,Automatic,3,730
Car,Major,9,84441,Petrol,Manual,17,10400
Car,General,9,76899,EV,Automatic,14,3990
Car,General,4,50655,Petrol,Automatic,7,3940
Scooty,General,3,24627,Petrol,Automatic,5,690
Electric Scooter,General,1,6608,EV,Automatic,1,450
Electric Scooter,General,3,18790,EV,Automatic,3,450
Car,General,11,143000,Diesel,Manual,18,6140
Bike,Major,6,54616,Petrol,Manual,8,2210
Car,Major,7,78162,Diesel,Automatic,12,18590
Car,Major,9,117411,Petrol,Manual,15,12590
Car,General,6,54774,Petrol,Manual,10,3940
Bike,General,2,10692,Petrol,Manual,3,1070
Bike,Repair,4,36880,Petrol,Manual,6,2980
Scooty,Repair,12,54213,Petrol,Automatic,19,3110
Car,Major,11,152377,Diesel,Automatic,15,20250
Scooty,Major,7,48590,Petrol,Automatic,12,2280
Scooty,General,3,19684,Petrol,Automatic,4,760
Electric Bike,Major,2,13157,EV,Automatic,2,1380
SUV,General,6,115231,Petrol,Automatic,9,7570
SUV,General,13,254439,Diesel,Manual,21,11210
Car,Major,1,14221,Diesel,Automatic,1,14170
Scooty,General,3,15634,Petrol,Automatic,4,750
SUV,General,4,49154,Diesel,Automatic,6,7710
Car,General,11,153082,Diesel,Manual,14,7370
Electric Bike,General,0,851,EV,Automatic,0,720
SUV,General,6,102617,Hybrid,Manual,8,10270
Car,Major,7,58114,Diesel,Manual,8,13310
Scooty,Major,8,58666,Petrol,Automatic,11,2840
SUV,Repair,5,94530,Diesel,Automatic,9,29710
SUV,General,9,120752,Petrol,Automatic,13,9710
Electric Scooter,Major,4,29248,EV,Automatic,6,1890
SUV,Major,7,80251,Diesel,Automatic,13,28350
SUV,Major,12,182665,Diesel,Automatic,20,32620
Car,General,7,61754,Petrol,Manual,12,5570
SUV,General,0,1000,Hybrid,Manual,0,8850
Bike,General,10,83894,Petrol,Manual,19,1070
Car,Repair,4,50171,Diesel,Manual,6,15450
SUV,Major,9,129199,Petrol,Automatic,15,26400
SUV,General,6,90263,Diesel,Automatic,10,11280
Bike,General,9,73490,Petrol,Manual,14,1280
SUV,General,3,51821,Diesel,Manual,5,8680
Electric Scooter,Repair,4,26521,EV,Automatic,7,2330
Bike,General,4,33354,Petrol,Manual,6,1090
Car,General,2,18557,Petrol,Manual,2,4900
Bike,Major,5,39036,Petrol,Manual,9,1780
Bike,General,7,57280,Petrol,Manual,13,890
SUV,Major,4,62182,Petrol,Manual,5,21280
Car,Major,7,57016,Hybrid,Manual,11,14700
Car,Major,7,113490,Petrol,Automatic,13,14620
Car,General,14,125718,Diesel,Manual,26,6520
SUV,Repair,4,48688,Diesel,Automatic,5,23820
Scooty,Major,2,14926,Petrol,Automatic,2,2090
Car,Major,7,67972,Petrol,Automatic,8,13140
Bike,Major,1,7453,Petrol,Manual,1,2190
Bike,General,8,50215,Petrol,Manual,13,1050
Car,Major,5,52537,Diesel,Manual,7,12270
Car,General,11,160887,Petrol,Automatic,20,5520
SUV,Repair,9,106284,Diesel,Manual,13,42530
Bike,General,6,57700,Petrol,Manual,7,980
Car,Repair,7,114587,Petrol,Automatic,10,20140
Car,Major,7,95213,Petrol,Automatic,10,16850
Scooty,Major,3,22275,Petrol,Automatic,4,1860
Scooty,Major,3,14376,Petrol,Automatic,4,1530
Car,General,4,32639,Hybrid,Automatic,7,5360
Car,General,9,83488,Petrol,Manual,14,5370
Car,General,5,46018,Diesel,Manual,8,4650
Bike,Major,8,48575,Petrol,Manual,9,2010
Car,General,8,109187,Hybrid,Manual,13,4550
Car,General,2,18776,Diesel,Manual,3,3970
Car,General,8,64589,Diesel,Automatic,11,6150
SUV,General,11,215095,Diesel,Manual,17,12310
SUV,General,6,97094,Petrol,Automatic,10,6850
Car,General,2,28599,Petrol,Automatic,2,4780
Bike,Major,2,13947,Petrol,Automatic,2,1690
Bike,General,6,51290,Petrol,Automatic,8,1220
Bike,General,6,51416,Petrol,Manual,8,1110
SUV,General,3,31170,Hybrid,Automatic,5,7800
Car,Repair,6,81469,Diesel,Manual,11,14170
Bike,General,2,14550,Petrol,Manual,2,920
Car,General,4,45941,Petrol,Automatic,6,4640
Car,General,3,34616,Hybrid,Manual,5,4350
Bike,General,1,5318,Petrol,Manual,1,500
Car,Major,7,82040,Petrol,Manual,13,11030
Car,Major,11,134934,Petrol,Manual,19,16430
Scooty,General,8,40305,Petrol,Automatic,15,970
SUV,General,8,125970,EV,Automatic,12,5050
SUV,Major,8,86595,Hybrid,Manual,12,29810
Car,Major,6,65732,Petrol,Manual,11,14420
Car,General,8,123898,Petrol,Manual,10,4340
Electric Bike,General,1,8274,EV,Automatic,1,460
Car,General,10,122089,Petrol,Automatic,15,5950
SUV,General,1,16183,Petrol,Manual,1,5990
Car,Repair,5,59099,Petrol,Automatic,9,14140
Car,Major,3,29390,Petrol,Automatic,5,11750
Car,General,6,52962,Hybrid,Manual,10,5470
Bike,General,6,57386,Petrol,Automatic,7,1060
SUV,General,9,166957,Diesel,Automatic,13,7760
Car,General,8,117190,Petrol,Manual,11,5800
SUV,General,4,68918,Diesel,Manual,5,8790
SUV,Repair,3,51506,Diesel,Automatic,5,20900
SUV,Repair,8,114477,Diesel,Manual,13,39940
Car,Major,10,151918,Petrol,Automatic,15,16190
Car,Major,4,33514,Petrol,Manual,7,9790
Bike,General,6,33643,Petrol,Manual,9,790
Electric Bike,Major,1,8536,EV,Automatic,1,1530
Car,General,3,28072,Diesel,Automatic,3,5820
Electric Scooter,General,3,14652,EV,Automatic,5,690
Car,Repair,5,78328,Petrol,Automatic,7,12620
Car,General,5,39783,Petrol,Automatic,9,6110
Car,General,6,53388,Hybrid,Automatic,11,4780
Electric Scooter,Major,2,16980,EV,Automatic,3,1390
SUV,General,7,127877,Hybrid,Manual,13,10010
Electric Scooter,General,2,14666,EV,Automatic,3,630
Car,General,10,103679,EV,Automatic,19,4120
SUV,General,6,115772,Diesel,Automatic,10,8310
Bike,General,6,45973,Petrol,Manual,8,970
Car,General,2,21323,Petrol,Automatic,3,4330
Car,Major,8,77260,Petrol,Automatic,13,14840
Car,Repair,6,79392,Diesel,Automatic,7,19560
Bike,Major,2,16198,Petrol,Manual,3,2790
Scooty,General,5,18735,Petrol,Automatic,6,470
SUV,General,5,54344,Petrol,Manual,6,8830
Scooty,General,4,29986,Petrol,Automatic,7,670
Electric Bike,General,2,12032,EV,Automatic,3,520
Bike,General,7,45795,Petrol,Manual,9,940
Bike,General,5,24937,Petrol,Manual,7,580
SUV,General,9,103411,Petrol,Manual,13,6640
Bike,General,7,66410,Petrol,Manual,11,1150
SUV,General,7,126673,Hybrid,Manual,12,9000
SUV,Major,9,145140,Hybrid,Manual,17,22600
SUV,Major,8,96153,Petrol,Manual,9,17680
Car,Repair,9,112476,EV,Automatic,12,13830
Car,Repair,0,800,Petrol,Manual,0,6910
Bike,General,13,127707,Petrol,Manual,23,820
Car,Repair,6,63009,Diesel,Manual,10,13350
SUV,Major,7,93728,Hybrid,Manual,12,25290
Car,Repair,13,167575,EV,Automatic,18,19000
Scooty,General,2,15666,Petrol,Automatic,2,590
Car,Repair,9,144390,Diesel,Manual,13,22810
Scooty,General,11,62658,Petrol,Automatic,18,520
SUV,Major,11,122687,Diesel,Manual,20,22360
Electric Scooter,General,4,19762,EV,Automatic,6,720
SUV,Major,3,30763,Diesel,Automatic,4,19350
SUV,General,9,106374,Petrol,Automatic,16,9100
Car,Major,4,50381,Hybrid,Manual,4,10670
Car,General,1,11020,Petrol,Manual,1,4170
SUV,General,3,47577,EV,Automatic,4,6970
Car,Major,7,56059,Petrol,Automatic,10,17240
Car,Major,6,48700,EV,Automatic,7,11180
Bike,General,7,61918,Petrol,Manual,11,1040
SUV,General,12,127183,Diesel,Automatic,21,9880
Electric Scooter,General,2,11791,EV,Automatic,3,600
Car,Repair,4,38393,Diesel,Manual,7,12820
SUV,Major,12,171676,Diesel,Automatic,19,36660
Scooty,General,4,16432,Petrol,Automatic,6,820
Car,General,13,150049,Diesel,Manual,22,5370
Car,Repair,13,203640,Petrol,Manual,19,20060
Bike,General,7,65146,Petrol,Manual,12,1150
Car,General,5,69451,Diesel,Automatic,9,6410
SUV,Major,7,86702,Hybrid,Manual,11,31330
SUV,Major,6,113091,Diesel,Manual,11,26090
Car,General,2,22952,Diesel,Manual,2,6510
Car,Major,2,21155,Petrol,Manual,2,8360
Car,General,1,12982,Diesel,Automatic,1,6170
Car,Major,4,33803,Diesel,Automatic,7,15870
SUV,Repair,5,51376,Diesel,Manual,6,21570
SUV,General,4,82699,Diesel,Automatic,7,8460
Scooty,Major,4,29583,Petrol,Automatic,7,1360
Bike,General,1,11651,Petrol,Manual,1,810
Car,General,7,79603,Diesel,Manual,9,5110
Electric Scooter,General,1,5429,EV,Automatic,1,570
SUV,Major,2,25980,Petrol,Manual,3,19920
SUV,General,5,88322,Petrol,Manual,6,8240
Car,General,13,194749,Diesel,Automatic,18,5860
SUV,General,5,48715,Petrol,Automatic,6,8730
Car,General,5,69219,Petrol,Manual,9,5410
Bike,Major,3,26587,Petrol,Manual,4,2340
Scooty,General,13,70907,Petrol,Automatic,16,1100
Car,General,9,119948,Petrol,Manual,13,5070
Car,General,5,54780,Diesel,Automatic,8,6810
Car,Repair,4,34502,Hybrid,Automatic,6,17210
Bike,Major,11,87266,Petrol,Manual,18,3800
SUV,General,3,37485,Diesel,Automatic,5,10730
SUV,General,4,67966,Petrol,Automatic,6,5750
SUV,General,9,136849,Diesel,Automatic,13,10930
SUV,General,3,38299,Diesel,Manual,5,6640
SUV,Repair,4,56272,Diesel,Automatic,7,27060
SUV,General,5,80007,Petrol,Manual,6,8030
Bike,General,4,39162,Petrol,Manual,5,1080
Car,General,14,152267,Hybrid,Automatic,20,5340
Bike,Major,11,100418,Petrol,Manual,19,3840
SUV,Major,7,108860,Diesel,Manual,10,22800
SUV,General,3,59007,Diesel,Automatic,5,10270
SUV,General,6,117354,Diesel,Manual,7,10660
Scooty,General,4,20567,Petrol,Automatic,7,470
Scooty,Major,10,70146,Petrol,Automatic,17,2220
Car,Major,5,42324,Petrol,Manual,7,13040
Car,General,8,82858,Hybrid,Manual,11,4050
Car,General,7,109608,Petrol,Manual,12,4540
Car,General,8,96283,Diesel,Manual,12,5030
Bike,Major,4,24227,Petrol,Manual,5,1730
SUV,General,9,157258,Petrol,Automatic,12,9440
Bike,Major,5,34281,Petrol,Automatic,6,3200
Car,General,7,106038,Diesel,Manual,9,6290
Bike,General,10,78688,Petrol,Manual,14,1270
SUV,General,2,28157,Petrol,Automatic,3,7500
SUV,Major,7,85257,Petrol,Manual,12,24300
Car,General,6,58591,Hybrid,Manual,10,5490
Car,Repair,3,44027,Petrol,Automatic,5,13330
Car,Major,5,66609,Petrol,Manual,8,10780
Scooty,Repair,9,45732,Petrol,Automatic,15,2440
Electric Scooter,General,3,19779,EV,Automatic,4,410
Scooty,General,1,6046,Petrol,Automatic,1,670
Electric Scooter,Repair,2,11700,EV,Automatic,2,1490
SUV,Major,7,103768,Diesel,Automatic,9,30380
Car,Repair,2,23176,Petrol,Manual,2,9390
SUV,General,5,97434,Petrol,Automatic,8,9370
Bike,Major,3,30099,Petrol,Manual,4,2600
Car,General,9,118871,Diesel,Manual,17,6080
SUV,General,6,82339,Petrol,Automatic,8,6650
Car,Repair,3,41161,EV,Automatic,4,9300
Car,Repair,4,47659,Hybrid,Manual,6,12470
Bike,General,2,11076,Petrol,Manual,2,730
Scooty,Major,1,5126,Petrol,Automatic,1,1620
Scooty,Major,4,31682,Petrol,Automatic,7,1320
Scooty,Major,8,33999,Petrol,Automatic,14,1410
Scooty,Repair,11,61799,Petrol,Automatic,18,2400
Car,Repair,7,75123,Petrol,Manual,8,15620
Bike,General,2,19228,Petrol,Manual,2,630
Electric Bike,General,1,10374,EV,Automatic,1,540
SUV,General,7,92578,Diesel,Automatic,13,11100
Car,General,12,140794,Petrol,Automatic,15,6370
Electric Scooter,Major,4,25577,EV,Automatic,6,1680
Bike,General,14,108779,Petrol,Manual,17,1210
Scooty,General,5,37166,Petrol,Automatic,8,780
Scooty,Major,4,28167,Petrol,Automatic,5,2090
Electric Bike,General,2,17348,EV,Automatic,2,770
Car,Major,1,14121,Diesel,Automatic,1,15210
Bike,Major,6,39168,Petrol,Manual,11,3410
Car,General,4,44922,Petrol,Manual,7,3280
Electric Scooter,General,1,7919,EV,Automatic,1,510
SUV,Major,9,102910,Diesel,Manual,13,26310
SUV,General,5,76268,Hybrid,Manual,7,6610
Bike,General,5,32928,Petrol,Automatic,9,760
Car,Major,10,149475,Petrol,Manual,12,13780
Bike,General,5,52638,Petrol,Manual,8,1020
Bike,General,3,24064,Petrol,Manual,3,1140
Electric Bike,Repair,2,10704,EV,Automatic,3,1420
Car,Major,3,25346,Diesel,Manual,3,10180
Bike,General,5,50775,Petrol,Manual,9,640
Scooty,General,5,30093,Petrol,Automatic,6,810
Car,General,7,87680,EV,Automatic,10,4410
SUV,General,2,34833,Diesel,Manual,2,6090
Car,General,8,82794,Diesel,Manual,12,5280
Car,General,8,93670,Petrol,Automatic,12,5110
Scooty,Major,10,43121,Petrol,Automatic,14,2250
SUV,Major,8,85627,Diesel,Manual,13,27900
Electric Scooter,Major,2,14901,EV,Automatic,3,1920
Bike,Major,6,46470,Petrol,Manual,11,2860
Bike,General,5,33682,Petrol,Manual,7,600
Scooty,Repair,1,9015,Petrol,Automatic,1,950
Car,General,6,78885,Petrol,Automatic,11,5510
Car,Major,4,50194,Diesel,Automatic,7,17040
SUV,General,10,114358,EV,Automatic,18,5350
SUV,Major,9,122202,Petrol,Automatic,12,29180
Car,General,4,39140,Petrol,Manual,4,4440
Car,General,4,58122,Petrol,Manual,6,5160
Car,Repair,9,89580,Diesel,Manual,11,23580
SUV,Repair,3,56920,Diesel,Manual,3,22310
Car,General,7,109482,Petrol,Automatic,13,6190
Car,General,8,94065,Petrol,Manual,11,4880
Bike,General,1,10170,Petrol,Manual,1,770
SUV,General,3,47540,Diesel,Manual,4,9550
SUV,Major,6,92223,Diesel,Automatic,8,24160
Car,General,2,22987,Diesel,Automatic,3,7180
Car,Repair,5,43234,Petrol,Manual,8,13540
Scooty,General,10,69262,Petrol,Automatic,17,1140
Car,General,6,79724,Diesel,Manual,11,4060
SUV,Major,3,54037,Diesel,Manual,5,21190
SUV,Repair,3,50419,Hybrid,Manual,5,18990
Car,General,6,63526,Hybrid,Automatic,10,6940
Scooty,General,7,41236,Petrol,Automatic,10,660
Bike,Major,9,81514,Petrol,Manual,12,4060
Car,Repair,4,36006,Petrol,Manual,6,9370
SUV,General,2,30440,Petrol,Automatic,3,6510
Bike,General,6,39413,Petrol,Manual,11,1160
Scooty,General,4,18364,Petrol,Automatic,6,710
Scooty,General,4,29703,Petrol,Automatic,5,610
SUV,General,7,140030,Diesel,Automatic,12,10350
Car,General,5,70521,Petrol,Manual,8,4020
Car,Repair,10,91694,Petrol,Automatic,12,19860
Scooty,Major,3,23113,Petrol,Automatic,5,1240
Electric Bike,General,0,1148,EV,Automatic,0,790
Bike,Repair,3,24111,Petrol,Manual,5,3330
Car,Major,7,67705,Diesel,Automatic,12,18500
Car,General,2,31625,Petrol,Manual,2,4550
Scooty,Repair,5,20957,Petrol,Automatic,6,2240
SUV,Repair,1,16126,Diesel,Manual,1,18270
Car,Repair,9,105807,Diesel,Automatic,16,22750
Car,Major,13,211387,Petrol,Manual,20,19790
Bike,General,5,31634,Petrol,Automatic,6,570
Bike,General,4,24654,Petrol,Manual,5,810
Scooty,Major,1,8780,Petrol,Automatic,1,1970
Bike,General,6,34797,Petrol,Manual,10,800
SUV,Major,4,72459,Diesel,Automatic,7,30820
Bike,General,12,71636,Petrol,Manual,23,1180
SUV,Major,3,53755,Diesel,Automatic,5,21130
Car,General,5,48958,Petrol,Manual,8,3920
Electric Scooter,Major,2,13308,EV,Automatic,2,1610
Scooty,General,4,21957,Petrol,Automatic,7,940
Car,Repair,3,29796,Diesel,Automatic,4,12840
SUV,General,4,60648,Petrol,Automatic,7,9290
Electric Scooter,General,0,655,EV,Automatic,0,630
Bike,General,8,50772,Petrol,Manual,10,640
Car,Repair,5,58374,Diesel,Manual,7,20040
Car,General,7,87121,Diesel,Manual,11,5120
SUV,Major,8,120557,Diesel,Automatic,15,34150
SUV,Major,4,65365,Petrol,Manual,6,23040
Bike,General,3,27680,Petrol,Manual,4,950
Car,General,5,71694,Petrol,Manual,8,4110
Car,Major,1,13362,Diesel,Manual,1,9140
Car,Repair,4,51031,Diesel,Automatic,6,19610
Car,General,6,60418,Petrol,Manual,11,4260
Electric Scooter,General,4,21071,EV,Automatic,6,580
Car,Major,2,32335,Petrol,Manual,3,12890
Scooty,General,9,46406,Petrol,Automatic,14,750
Electric Bike,Repair,1,7497,EV,Automatic,1,1360
SUV,Major,14,207590,Diesel,Automatic,20,39370
SUV,Repair,11,194864,Diesel,Automatic,13,37900
Electric Scooter,Major,1,6399,EV,Automatic,1,1330
Car,General,4,53282,Petrol,Manual,5,4980
Scooty,General,9,36694,Petrol,Automatic,12,940
Bike,General,4,38235,Petrol,Manual,6,740
Scooty,General,6,39869,Petrol,Automatic,7,780
Scooty,General,7,38579,Petrol,Automatic,11,750
Car,General,2,26492,EV,Automatic,3,3890
SUV,General,3,34913,Diesel,Automatic,4,9900
Car,General,10,110185,Diesel,Manual,18,4870
Bike,General,7,67123,Petrol,Manual,8,1080
Scooty,Major,2,11238,Petrol,Automatic,3,1290
SUV,General,11,202658,Diesel,Manual,20,7580
Car,General,3,44980,Diesel,Manual,4,4940
Electric Scooter,General,1,8247,EV,Automatic,1,610
SUV,Repair,5,60104,Hybrid,Manual,8,19610
Car,General,5,68673,Petrol,Manual,7,3790
Bike,General,6,34522,Petrol,Manual,11,800
Scooty,Major,2,14233,Petrol,Automatic,2,1150
Electric Bike,Major,3,15043,EV,Automatic,4,2130
Car,General,8,86546,Petrol,Automatic,14,5760
SUV,General,2,30607,Diesel,Automatic,3,9670
Scooty,Major,4,29778,Petrol,Automatic,4,2210
Car,Repair,4,52789,EV,Automatic,7,9230
SUV,General,3,50753,Hybrid,Automatic,4,9690
SUV,General,3,45575,Petrol,Automatic,4,9080
SUV,General,10,194615,Petrol,Automatic,12,6800
Bike,General,11,69184,Petrol,Manual,13,810
Scooty,General,9,47154,Petrol,Automatic,13,1070
SUV,General,8,127072,Diesel,Automatic,9,12390
Bike,General,7,45968,Petrol,Manual,12,880
SUV,Major,11,210657,Petrol,Manual,16,17370
Car,Repair,13,204837,Petrol,Automatic,16,23840
Car,General,11,95861,Petrol,Manual,16,4040
Car,Repair,11,106792,Petrol,Automatic,15,25030
Car,Repair,9,120498,Petrol,Automatic,13,19150
Bike,Major,10,70386,Petrol,Manual,16,3840
SUV,General,6,102413,Petrol,Manual,7,7180
SUV,General,6,116301,Diesel,Manual,9,11260
Bike,Major,5,46651,Petrol,Manual,7,1850
Bike,General,14,130845,Petrol,Manual,25,730
Bike,General,9,72973,Petrol,Manual,11,980
Bike,General,8,47878,Petrol,Automatic,15,870
SUV,Repair,4,80593,EV,Automatic,5,14120
Bike,Major,9,65895,Petrol,Automatic,14,2060
SUV,Repair,6,121100,Petrol,Manual,9,19060
SUV,Major,9,109041,EV,Automatic,12,21820
Car,General,4,59577,Hybrid,Manual,6,3980
Car,Major,10,132687,EV,Automatic,18,10760
Car,Major,8,102021,Petrol,Manual,12,10350
SUV,General,8,135582,Hybrid,Manual,14,9820
Car,Repair,3,37161,Hybrid,Manual,5,12290
SUV,Major,10,149621,Hybrid,Manual,19,32150
Bike,General,8,56342,Petrol,Manual,11,870
Electric Scooter,General,3,11994,EV,Automatic,5,550
Car,Major,4,57029,Diesel,Manual,6,13110
Bike,Major,2,11154,Petrol,Manual,3,2250
Car,Major,13,152274,Petrol,Manual,24,13250
Scooty,Major,2,12717,Petrol,Automatic,2,1360
Scooty,General,2,10217,Petrol,Automatic,3,720
Car,Major,6,68089,Diesel,Automatic,9,21000
Bike,General,4,34092,Petrol,Manual,7,580
Car,Major,9,120278,Petrol,Automatic,11,15370
Car,Major,6,75250,Petrol,Manual,7,9750
Car,General,8,81277,EV,Automatic,15,4100
Electric Bike,General,3,28789,EV,Automatic,5,600
SUV,General,4,48501,Diesel,Manual,5,10490
SUV,Major,6,86702,Diesel,Manual,9,24550
Car,Major,10,153464,Petrol,Manual,12,12200
SUV,General,5,62458,Petrol,Automatic,9,6760
SUV,Repair,3,38521,Petrol,Automatic,3,20150
Car,Repair,4,32391,Hybrid,Manual,5,8740
Car,General,8,88725,Diesel,Automatic,14,5660
Car,General,5,83651,Petrol,Manual,8,5660
Car,Major,9,141905,Petrol,Automatic,11,15860
Scooty,Repair,8,40066,Petrol,Automatic,13,2780
SUV,Major,13,162957,EV,Automatic,22,17160
Car,General,14,140627,Petrol,Manual,26,5000
Car,Major,7,89918,Petrol,Automatic,9,14670
Scooty,General,2,10374,Petrol,Automatic,3,520
SUV,Major,7,71470,Diesel,Manual,8,25060
Scooty,Repair,1,5619,Petrol,Automatic,1,1970
Electric Scooter,Major,1,5342,EV,Automatic,1,1390
Bike,General,3,25184,Petrol,Manual,5,890
Car,Repair,7,105646,Petrol,Automatic,9,16590
Car,General,1,14204,Diesel,Manual,1,3710
Car,Repair,13,171230,Petrol,Manual,16,21060
Bike,General,3,16650,Petrol,Manual,5,970
SUV,Major,5,82839,Petrol,Manual,9,17330
Bike,Major,7,62726,Petrol,Manual,12,2520
SUV,General,4,80742,Diesel,Manual,5,9350
Scooty,General,6,33609,Petrol,Automatic,11,930
Car,General,6,65535,Petrol,Manual,7,4010
Electric Bike,General,1,7807,EV,Automatic,1,510
SUV,Major,1,18449,EV,Automatic,1,13690
SUV,Repair,2,36182,Petrol,Automatic,3,17880
Scooty,Major,4,23343,Petrol,Automatic,6,1880
Scooty,General,8,46076,Petrol,Automatic,11,480
Car,General,5,78980,Petrol,Automatic,7,3960
Car,General,3,29893,Diesel,Manual,5,5100
SUV,Major,1,16257,EV,Automatic,1,12620
Car,General,7,98223,Diesel,Manual,10,5360
Electric Scooter,Major,0,1468,EV,Automatic,0,1270
Car,General,5,56144,Petrol,Manual,9,4730
Car,General,3,38263,Petrol,Automatic,5,4030
Electric Bike,General,1,8166,EV,Automatic,1,790
Car,Major,0,800,Diesel,Manual,0,13170
Bike,General,3,22457,Petrol,Manual,3,1030
Car,Repair,14,157582,Diesel,Automatic,16,27670
Car,Major,3,36849,Diesel,Automatic,4,14200
Car,General,5,72713,Petrol,Automatic,9,6230
SUV,Repair,3,53779,Diesel,Automatic,3,20830
Bike,General,0,900,Petrol,Manual,0,700
Bike,Repair,4,35264,Petrol,Manual,7,1710
SUV,Repair,3,58802,Hybrid,Manual,5,17680
Scooty,Major,6,24235,Petrol,Automatic,9,2030
Bike,General,7,51764,Petrol,Manual,11,1000
Bike,Major,7,63578,Petrol,Manual,13,2740
Car,General,3,49761,Diesel,Manual,3,4500
SUV,Repair,3,33257,Diesel,Automatic,4,21220
SUV,Major,12,135748,Diesel,Manual,21,38460
Scooty,Major,8,53360,Petrol,Automatic,11,2200
Car,General,7,82598,Petrol,Automatic,10,5730
Bike,General,12,72031,Petrol,Manual,23,830
Car,General,7,103838,EV,Automatic,13,3480
SUV,General,7,101694,Diesel,Automatic,9,8790
Car,General,2,23095,EV,Automatic,2,3550
Scooty,General,1,7853,Petrol,Automatic,1,560
SUV,General,2,27524,Petrol,Automatic,3,6320
Car,General,1,7185,Petrol,Manual,1,4640
Bike,Repair,4,32151,Petrol,Manual,5,2690
Car,Repair,3,35407,Petrol,Manual,4,8210
SUV,Major,4,51713,Diesel,Manual,7,22830
Car,General,6,64716,Petrol,Manual,11,3770
Car,Major,3,43397,Diesel,Automatic,4,14260
Scooty,General,8,33095,Petrol,Automatic,14,540
SUV,General,2,40446,Diesel,Automatic,3,7230
Bike,Major,5,28203,Petrol,Manual,9,2340
Bike,General,3,20655,Petrol,Manual,5,970
Car,General,3,39958,Petrol,Manual,4,3780
Bike,Major,1,5342,Petrol,Automatic,1,1850
SUV,General,3,49979,Diesel,Manual,3,9650
Car,General,4,40507,Hybrid,Manual,6,3540
SUV,General,6,83731,EV,Automatic,10,5160
SUV,Major,3,41774,Diesel,Automatic,5,20250
Bike,General,7,61414,Petrol,Manual,12,1210
Car,Major,10,136598,Petrol,Manual,16,16780
Car,General,7,64753,Petrol,Automatic,12,5650
Car,Repair,10,113208,Petrol,Manual,19,19080
Car,Major,5,45843,Petrol,Automatic,9,18090
Car,General,10,129201,Hybrid,Manual,14,6480
Car,General,6,78524,Diesel,Automatic,8,6380
Electric Scooter,General,1,5433,EV,Automatic,1,720
SUV,Repair,3,37597,Diesel,Manual,5,22420
Car,General,8,88450,Petrol,Automatic,10,6270
SUV,Repair,8,140164,Petrol,Manual,10,30020
SUV,General,8,145315,Diesel,Manual,12,9130
Electric Scooter,General,3,20434,EV,Automatic,4,570
Car,General,4,68345,Petrol,Manual,5,5230
Bike,Major,2,15078,Petrol,Manual,2,1440
Bike,General,5,37216,Petrol,Manual,7,1240
Bike,General,4,32623,Petrol,Manual,5,610
SUV,General,12,156978,Petrol,Manual,15,6770
Car,General,4,58422,Petrol,Manual,4,4300
Car,Major,12,116459,EV,Automatic,21,10790
Bike,Major,9,67356,Petrol,Manual,17,2850
Car,Major,7,111766,Petrol,Manual,9,15060
Car,General,9,111814,Petrol,Automatic,13,6560
Electric Scooter,Major,2,16667,EV,Automatic,3,2010
Car,Major,6,92710,Petrol,Manual,10,14550
SUV,Repair,4,59728,Petrol,Manual,5,21560
Car,General,10,93896,Hybrid,Manual,12,5430
Car,Major,7,101334,Diesel,Manual,13,19130
Electric Bike,General,1,7388,EV,Automatic,1,760
Scooty,General,4,31153,Petrol,Automatic,6,590
Scooty,General,9,37289,Petrol,Automatic,16,560
SUV,Major,2,37433,Petrol,Automatic,2,19550
Car,Repair,11,125234,Petrol,Automatic,18,18530
Bike,Major,4,29706,Petrol,Manual,7,3070
Scooty,General,9,68789,Petrol,Automatic,13,950
Electric Scooter,General,1,5096,EV,Automatic,1,570
Bike,Repair,2,10601,Petrol,Manual,3,1610
Car,General,0,800,Diesel,Automatic,0,5130
Bike,Major,1,8595,Petrol,Manual,1,1960
Car,General,3,28065,Petrol,Automatic,5,5700
SUV,Repair,0,4746,Diesel,Manual,0,18790
Car,General,10,116824,Petrol,Manual,16,5060
Car,General,8,115887,Petrol,Manual,13,4720
Scooty,Major,10,55535,Petrol,Automatic,15,1660
Scooty,Major,8,37135,Petrol,Automatic,14,1490
Scooty,Major,1,4853,Petrol,Automatic,1,2190
Bike,Major,4,37758,Petrol,Manual,7,1480
Car,General,8,93529,Petrol,Automatic,15,6620
SUV,Major,9,175091,Diesel,Automatic,17,27610
Car,General,5,67318,Diesel,Manual,7,5280
SUV,General,3,47157,Petrol,Automatic,4,8260
Car,Major,11,150103,Petrol,Automatic,15,15720
Car,Major,4,60124,EV,Automatic,6,10140
SUV,General,1,16008,Diesel,Automatic,1,8620
Car,General,12,150155,Petrol,Manual,18,5660
Car,General,6,50896,Petrol,Manual,11,5300
Electric Bike,Repair,4,31184,EV,Automatic,7,1380
SUV,Repair,3,55906,Diesel,Manual,5,23340
Car,General,8,81293,Diesel,Manual,15,5540
SUV,General,4,58212,Diesel,Manual,7,7900
Car,Major,7,72132,Petrol,Automatic,11,14150
SUV,General,5,91345,Petrol,Automatic,8,7410
SUV,General,7,74735,Diesel,Manual,8,6880
SUV,General,12,199031,Petrol,Manual,18,6700
Scooty,Major,0,500,Petrol,Automatic,0,1080
Scooty,General,0,500,Petrol,Automatic,0,730
Car,General,2,16937,Petrol,Manual,3,5020
Car,Major,5,59290,Diesel,Manual,8,16170
Bike,Repair,10,66400,Petrol,Manual,13,2600
SUV,Major,4,81623,Diesel,Manual,6,22980
Bike,Major,2,14906,Petrol,Manual,3,1830
Bike,Major,3,25624,Petrol,Manual,4,1940
Electric Scooter,General,0,1717,EV,Automatic,0,560
Car,General,2,29796,Petrol,Manual,3,3880
Car,General,9,88127,Diesel,Automatic,17,7270
Car,Major,14,185456,Petrol,Manual,26,15060
Scooty,General,5,29947,Petrol,Automatic,7,940
Bike,General,5,38028,Petrol,Manual,6,1080
SUV,General,4,72700,Diesel,Manual,6,7650
SUV,Major,3,51278,Petrol,Automatic,5,20640
Bike,Major,5,42823,Petrol,Manual,7,2070
Electric Scooter,Major,2,11074,EV,Automatic,3,1300
Scooty,Major,6,42602,Petrol,Automatic,10,2360
Electric Bike,General,3,21334,EV,Automatic,4,770
Car,General,10,139108,Hybrid,Manual,16,4230
Car,General,14,207995,Diesel,Manual,24,4970
SUV,Major,8,115659,EV,Automatic,12,17810
SUV,General,7,113770,Diesel,Automatic,9,12640
Electric Scooter,General,0,904,EV,Automatic,0,350
Bike,General,2,16033,Petrol,Manual,2,690
SUV,Major,5,65484,Diesel,Automatic,7,28230
SUV,Major,4,77747,Diesel,Manual,6,28240
Car,Major,3,30654,EV,Automatic,4,7300
Bike,General,4,21165,Petrol,Automatic,7,1090
SUV,General,11,191236,Diesel,Manual,14,11250
Bike,General,7,67984,Petrol,Automatic,13,1310
Bike,Repair,8,71011,Petrol,Manual,15,4880
Bike,General,1,3962,Petrol,Manual,1,690
SUV,General,7,108188,Diesel,Manual,12,9100
Bike,General,4,35571,Petrol,Automatic,7,680
Car,General,10,101192,Petrol,Automatic,19,6900
Car,General,8,66847,Hybrid,Automatic,10,5400
Bike,General,3,25969,Petrol,Automatic,4,1010
Scooty,General,4,29580,Petrol,Automatic,7,860
Car,General,4,42831,Hybrid,Manual,5,4040
Bike,General,4,24183,Petrol,Manual,6,1220
Car,Repair,7,90122,EV,Automatic,10,14330
Bike,Major,8,39579,Petrol,Manual,15,2000
Electric Scooter,Major,1,7707,EV,Automatic,1,1920
Car,General,5,82676,Petrol,Manual,8,4080
Scooty,Major,12,62684,Petrol,Automatic,19,1690
Car,General,9,138484,Petrol,Automatic,13,7130
SUV,General,4,56694,Diesel,Manual,5,7810
Car,General,6,73192,Diesel,Manual,7,4880
Car,General,8,111948,Diesel,Manual,14,4500
Car,General,8,103461,Petrol,Manual,12,4790
Electric Scooter,Repair,1,4388,EV,Automatic,1,1000
Car,General,2,25329,Diesel,Manual,2,4930
Scooty,Repair,4,27816,Petrol,Automatic,6,2530
SUV,General,3,61197,Diesel,Manual,4,5950
SUV,General,5,76917,Diesel,Manual,9,9020
SUV,General,5,59726,Diesel,Manual,6,10850
Bike,General,14,82559,Petrol,Manual,23,1240
Bike,General,13,130326,Petrol,Automatic,24,810
Car,Major,3,39380,Petrol,Manual,5,10110
Car,General,4,37868,Petrol,Automatic,5,4820
SUV,Major,4,81187,Hybrid,Manual,5,18310
SUV,General,4,44169,Diesel,Manual,6,7200
SUV,General,5,63241,Diesel,Automatic,6,9730
Car,General,2,24157,Petrol,Manual,2,3270
Bike,Repair,5,47443,Petrol,Manual,7,2290
Car,Major,1,18662,Petrol,Manual,1,9730
SUV,General,7,129634,Petrol,Manual,11,8860
Bike,General,4,26601,Petrol,Manual,6,770
Bike,Repair,7,58277,Petrol,Manual,9,4370
SUV,General,11,179549,Diesel,Manual,20,12630
Bike,Major,4,31111,Petrol,Manual,6,2420
Bike,General,2,19223,Petrol,Manual,2,560
SUV,General,12,168250,Petrol,Automatic,23,8170
Car,Repair,0,3257,Petrol,Manual,0,10480
Car,Repair,1,10038,Petrol,Automatic,1,10410
SUV,Repair,5,86122,Petrol,Automatic,7,26690
Bike,Major,9,79351,Petrol,Manual,12,3690
Car,General,4,55674,Diesel,Manual,5,4870
Car,Major,8,77973,Diesel,Automatic,13,18230
Car,Major,10,83918,Petrol,Manual,19,16270
Car,General,5,64377,Diesel,Manual,9,6550
SUV,Major,4,81532,Diesel,Manual,7,18640
Bike,General,8,56846,Petrol,Manual,14,760
Car,Major,11,168481,Petrol,Manual,14,14020
Bike,General,2,17846,Petrol,Manual,2,910
SUV,General,5,60193,Diesel,Manual,9,9300
Scooty,General,6,39080,Petrol,Automatic,7,950
SUV,General,12,158480,Diesel,Manual,17,11950
SUV,General,11,154933,EV,Automatic,18,5740
Car,General,5,65373,Petrol,Manual,9,4160
Electric Bike,General,3,22139,EV,Automatic,4,660
Car,Major,7,110394,Diesel,Manual,12,15690
Electric Bike,Major,1,7743,EV,Automatic,1,1270
SUV,General,4,69132,Diesel,Manual,7,8280
Electric Scooter,General,1,6548,EV,Automatic,1,440
Car,General,6,74568,Petrol,Automatic,10,5940
SUV,Major,1,24953,Petrol,Automatic,1,13250
SUV,General,7,84722,Diesel,Manual,10,11430
Bike,Repair,6,33568,Petrol,Automatic,10,2870
Car,Major,11,133499,Petrol,Automatic,15,18540
Scooty,General,6,31474,Petrol,Automatic,7,810
Scooty,General,11,85983,Petrol,Automatic,13,850
Car,Repair,3,50265,Diesel,Automatic,4,15170
Car,General,3,42876,Petrol,Manual,5,3920
Bike,Major,10,66273,Petrol,Automatic,18,3480
SUV,Repair,12,157353,Diesel,Manual,20,31100
Bike,General,3,26552,Petrol,Manual,5,640
SUV,Major,2,25691,Hybrid,Manual,2,15770
Bike,Repair,5,30498,Petrol,Manual,6,2660
SUV,General,4,69952,Diesel,Automatic,7,7340
Bike,General,10,60134,Petrol,Automatic,13,1050
Electric Scooter,General,0,500,EV,Automatic,0,470
Car,Major,9,108677,Petrol,Manual,11,12830
Electric Bike,Major,3,23955,EV,Automatic,5,1720
Electric Bike,Major,0,500,EV,Automatic,0,1540
SUV,Major,2,38725,Diesel,Manual,3,20550
Car,Major,3,41864,Petrol,Automatic,5,13790
Bike,Repair,4,37965,Petrol,Automatic,5,3160
Bike,General,7,47693,Petrol,Manual,8,670
SUV,Major,7,96266,Diesel,Automatic,12,30330
Car,Major,0,800,EV,Automatic,0,6850
Scooty,Major,5,33334,Petrol,Automatic,7,2100
Car,General,3,43029,Diesel,Automatic,4,7940
Car,General,10,145061,Petrol,Manual,18,3840
Electric Scooter,Major,3,19220,EV,Automatic,4,1380
Scooty,General,3,21572,Petrol,Automatic,3,720
Car,General,9,134926,Diesel,Manual,11,5420
Scooty,General,13,74549,Petrol,Automatic,17,730
SUV,General,9,149915,Petrol,Automatic,11,7340
Electric Scooter,General,3,19707,EV,Automatic,4,480
Electric Scooter,General,2,14743,EV,Automatic,3,700
Car,General,12,103638,Petrol,Manual,17,4900
Electric Scooter,General,2,13450,EV,Automatic,3,590
SUV,Major,7,137495,Petrol,Manual,13,24590
SUV,General,8,82399,Petrol,Automatic,14,8510
Scooty,General,4,24707,Petrol,Automatic,7,760
Car,General,2,21476,Diesel,Automatic,2,5120
Bike,Major,4,25600,Petrol,Manual,5,1700
Scooty,Major,7,36037,Petrol,Automatic,9,2460
SUV,General,1,10301,EV,Automatic,1,5030
Car,General,8,90031,Petrol,Manual,9,5870
Scooty,General,3,18606,Petrol,Automatic,4,760
Bike,General,10,59171,Petrol,Automatic,12,770
SUV,General,13,239602,Diesel,Automatic,21,10400
Bike,General,3,21203,Petrol,Automatic,4,680
Scooty,Major,3,12991,Petrol,Automatic,4,1430
Bike,Major,11,75009,Petrol,Manual,14,3550
SUV,General,1,17712,Petrol,Automatic,1,7460
Electric Bike,Major,1,7173,EV,Automatic,1,1080
Bike,General,7,56065,Petrol,Manual,12,1140
Bike,Major,4,33711,Petrol,Manual,7,1900
Car,Repair,2,26067,Petrol,Manual,2,9010
Scooty,General,1,3850,Petrol,Automatic,1,530
Bike,General,6,47232,Petrol,Manual,8,580
Electric Scooter,General,2,14389,EV,Automatic,2,550
SUV,Major,3,38717,Diesel,Automatic,3,17370
Car,General,9,87037,EV,Automatic,12,3740
SUV,Major,3,63738,Hybrid,Automatic,4,19060
Bike,Major,9,74310,Petrol,Manual,17,3820
Electric Scooter,Major,3,16621,EV,Automatic,5,1210
SUV,General,8,152139,Diesel,Automatic,15,10970
Car,General,5,45390,Petrol,Automatic,7,4740
Bike,Major,2,12784,Petrol,Manual,3,2070
Bike,General,9,64030,Petrol,Manual,12,990
Car,Repair,6,90409,Diesel,Manual,7,17000
Car,General,7,88061,Petrol,Manual,8,3280
Car,Repair,11,97787,Hybrid,Manual,14,21340
Car,General,12,112590,Petrol,Manual,23,5690
Scooty,General,7,34108,Petrol,Automatic,13,950
SUV,Repair,9,179683,Petrol,Automatic,13,43350
Bike,Major,10,96253,Petrol,Manual,14,4320
Bike,General,3,30880,Petrol,Manual,5,800
Car,Repair,10,132102,Hybrid,Manual,18,17290
SUV,General,8,137820,Petrol,Manual,14,9480
Car,Major,5,77694,Petrol,Manual,7,11610
Car,Major,9,93821,Petrol,Automatic,16,15470
Car,General,9,94071,Petrol,Automatic,10,6110
Electric Bike,General,1,8250,EV,Automatic,1,730
SUV,Repair,6,105878,Diesel,Automatic,10,28880
Car,Repair,5,46945,Hybrid,Automatic,6,17240
Car,Major,4,43560,Diesel,Manual,5,12840
SUV,General,3,38734,Diesel,Automatic,4,10180
SUV,Major,11,115301,EV,Automatic,18,17390
Car,Repair,3,43175,Petrol,Automatic,5,15820
Bike,Major,9,70019,Petrol,Manual,13,3610
SUV,Repair,5,59557,Petrol,Automatic,6,18720
Car,General,9,141157,Diesel,Manual,16,6780
Car,General,9,111489,Petrol,Automatic,16,6240
SUV,General,3,42434,Diesel,Automatic,4,8880
Bike,General,2,16453,Petrol,Manual,3,740
Bike,Repair,3,21471,Petrol,Manual,5,1740
Car,General,14,224469,Petrol,Manual,20,6410
SUV,Repair,11,176200,Diesel,Manual,18,46910
Bike,General,7,38129,Petrol,Manual,10,1300
Scooty,General,11,68724,Petrol,Automatic,16,990
SUV,General,12,118739,Diesel,Automatic,14,11440
Car,Repair,4,54812,Petrol,Automatic,5,14790
SUV,General,1,11819,Diesel,Manual,1,5850
Scooty,General,10,68664,Petrol,Automatic,16,880
Scooty,Major,9,44589,Petrol,Automatic,11,2970
Car,General,5,54058,Petrol,Manual,9,3570
SUV,Major,3,45784,Diesel,Manual,4,18530
SUV,General,6,101166,Diesel,Automatic,8,10960
Bike,Major,2,14517,Petrol,Manual,3,1680
Scooty,General,6,35949,Petrol,Automatic,11,730
Car,Major,5,46755,Diesel,Automatic,8,19270
Electric Bike,Repair,1,5192,EV,Automatic,1,1300
SUV,Major,9,88145,Petrol,Manual,10,21680
Car,General,11,142126,Hybrid,Automatic,20,4960
Scooty,General,2,10947,Petrol,Automatic,3,950
Bike,General,4,31989,Petrol,Automatic,6,1110
SUV,Repair,10,100532,Diesel,Manual,18,37350
Bike,Repair,3,28820,Petrol,Manual,3,2550
SUV,Major,9,90911,Diesel,Automatic,17,32280
SUV,Major,9,159617,EV,Automatic,13,21380
Scooty,General,10,74671,Petrol,Automatic,14,510
Car,General,10,110595,Diesel,Manual,13,5460
Car,General,12,142629,Petrol,Manual,20,3900
Bike,Major,2,15237,Petrol,Manual,2,2850
SUV,General,8,140943,Diesel,Manual,15,7500
Bike,General,4,31839,Petrol,Manual,5,590
Bike,Major,7,67614,Petrol,Manual,9,2580
Bike,General,8,47217,Petrol,Automatic,12,1200
SUV,General,4,52357,Petrol,Automatic,4,6470
SUV,Repair,6,82799,Diesel,Automatic,10,37130
Car,General,6,54685,Diesel,Automatic,9,7530
Electric Scooter,General,1,6200,EV,Automatic,1,790
Car,General,11,122222,Diesel,Manual,15,5320
Scooty,Major,3,17110,Petrol,Automatic,4,2140
Bike,General,4,21232,Petrol,Manual,7,750
SUV,Major,4,68487,Petrol,Manual,5,15030
Bike,Repair,2,16883,Petrol,Manual,2,1930
Car,General,10,136736,Petrol,Manual,13,5050
Car,General,14,138708,Diesel,Manual,20,5870
SUV,General,4,71762,Hybrid,Automatic,4,6780
Car,General,3,47612,Petrol,Manual,4,5090
Electric Bike,General,3,16742,EV,Automatic,3,710
Car,General,6,55853,Diesel,Automatic,9,6010
Car,General,12,126679,Hybrid,Manual,16,5960
Scooty,General,1,7458,Petrol,Automatic,1,440
Car,General,3,49384,Diesel,Automatic,4,5920
SUV,Repair,3,62950,Diesel,Manual,5,23490
Car,Repair,12,168599,Diesel,Manual,22,26240
Scooty,General,7,46693,Petrol,Automatic,8,510
SUV,General,6,100304,Petrol,Automatic,7,8550
SUV,General,9,112934,Diesel,Manual,15,10120
Scooty,General,3,23744,Petrol,Automatic,5,470
Scooty,General,10,80602,Petrol,Automatic,14,590
Car,General,5,52823,Hybrid,Automatic,6,7170
Car,General,7,81675,Diesel,Automatic,12,5550
Car,General,11,144536,Diesel,Manual,15,6230
SUV,Major,5,99145,EV,Automatic,9,13390
Electric Scooter,Repair,2,14747,EV,Automatic,3,1900
Bike,Major,7,39073,Petrol,Manual,8,2270
Bike,General,5,29007,Petrol,Manual,6,1220
Car,General,7,109777,Petrol,Automatic,10,4620
Car,General,5,53613,Diesel,Manual,7,5140
SUV,General,6,67328,Diesel,Automatic,8,11600
Car,Major,8,68716,Diesel,Manual,15,12820
SUV,Repair,3,44135,EV,Automatic,5,14290
Bike,General,2,12341,Petrol,Manual,3,650
Car,Major,8,129553,Petrol,Automatic,14,15790
Scooty,General,11,89440,Petrol,Automatic,18,820
Car,Major,13,186245,Petrol,Automatic,16,17370
Car,Major,8,90959,Petrol,Automatic,15,12580
Electric Scooter,General,1,5814,EV,Automatic,1,350
Car,Major,12,118716,Petrol,Manual,15,12690
Car,General,2,23470,Petrol,Automatic,3,5160
Scooty,General,11,72763,Petrol,Automatic,17,960
Scooty,General,6,33330,Petrol,Automatic,9,470
Electric Bike,General,0,1702,EV,Automatic,0,660
Bike,Major,10,51199,Petrol,Manual,16,2030
Scooty,General,4,25995,Petrol,Automatic,7,560
Scooty,General,2,11227,Petrol,Automatic,2,550
SUV,General,1,10602,Petrol,Manual,1,6250
SUV,General,5,85655,Petrol,Manual,9,5700
Scooty,Major,5,27655,Petrol,Automatic,7,1330
Car,General,10,156135,Hybrid,Manual,14,5920
Bike,Repair,12,76990,Petrol,Manual,18,3550
Car,Major,10,160000,Petrol,Manual,17,10680
Bike,Repair,6,45871,Petrol,Automatic,8,3420
Electric Bike,General,2,17446,EV,Automatic,3,760
Scooty,General,5,35799,Petrol,Automatic,8,840
Scooty,General,3,18123,Petrol,Automatic,3,660
Scooty,Repair,1,5884,Petrol,Automatic,1,1800
Bike,Major,1,8770,Petrol,Manual,1,2080
Car,Major,11,105180,Petrol,Manual,17,19030
Scooty,Repair,2,11337,Petrol,Automatic,3,2060
Car,Major,0,1066,Petrol,Manual,0,10710
SUV,General,4,82331,Diesel,Manual,7,9770
SUV,Repair,10,196926,Petrol,Automatic,19,36060
SUV,General,4,69854,Hybrid,Automatic,5,7880
Car,Major,5,40411,Petrol,Manual,8,8350
SUV,Major,14,182817,EV,Automatic,23,23440
Scooty,General,0,1809,Petrol,Automatic,0,710
Scooty,Major,8,50125,Petrol,Automatic,14,2290
Car,General,7,103042,Petrol,Automatic,11,5560
Car,General,8,89638,Petrol,Automatic,13,6580
SUV,General,6,119701,Diesel,Manual,10,7950
SUV,Major,4,41902,Hybrid,Manual,5,14400
Car,General,9,99759,Petrol,Manual,17,4880
SUV,General,7,120224,Hybrid,Automatic,10,10720
Scooty,General,4,29711,Petrol,Automatic,6,820
Car,Major,2,20682,Diesel,Manual,3,14170
Car,Repair,4,59286,Petrol,Manual,6,14250
Scooty,Repair,3,22731,Petrol,Automatic,3,1690
Bike,Major,13,67243,Petrol,Manual,17,4720
Car,General,5,61282,Petrol,Automatic,7,5760
Bike,Major,3,16358,Petrol,Manual,5,1530
SUV,General,8,77190,Diesel,Manual,11,7870
Bike,General,4,25921,Petrol,Manual,6,1120
Car,Major,11,133385,Hybrid,Manual,15,16850
Car,General,6,75593,Petrol,Automatic,7,6300
SUV,General,11,129749,Diesel,Manual,14,10130
SUV,Major,2,36682,Diesel,Manual,2,17270
Bike,Repair,1,10223,Petrol,Manual,1,2450
Bike,General,12,95200,Petrol,Manual,16,760
Car,General,2,21246,Petrol,Manual,2,4530
Car,General,8,77764,Petrol,Manual,14,3750
SUV,Major,1,24876,Diesel,Manual,1,19540
Bike,General,9,83986,Petrol,Manual,12,880
Car,Repair,9,92628,Petrol,Manual,15,18360
SUV,General,4,46268,Diesel,Manual,7,10180
Car,General,6,54929,Petrol,Manual,8,4590
Car,General,3,36227,Petrol,Manual,4,4540
Car,General,6,97064,Diesel,Manual,10,4500
Car,Major,7,70198,Diesel,Manual,13,18780
Bike,Major,10,56034,Petrol,Manual,16,1840
Bike,General,0,1456,Petrol,Manual,0,540
Scooty,Major,4,21309,Petrol,Automatic,6,1890
Car,Repair,7,107678,Petrol,Manual,12,13900
Electric Scooter,General,0,500,EV,Automatic,0,550
Car,General,5,66833,Petrol,Manual,7,4440
Scooty,General,9,72333,Petrol,Automatic,17,720
Car,General,15,140590,Diesel,Automatic,23,6970
SUV,General,5,85764,EV,Automatic,6,6530
Bike,General,0,500,Petrol,Manual,0,560
SUV,General,1,20954,Petrol,Manual,1,7500
Car,General,7,77449,Diesel,Manual,10,4550
SUV,Major,10,177612,Petrol,Manual,19,19590
Car,General,3,32833,Petrol,Automatic,4,4470
SUV,General,5,68658,Petrol,Automatic,6,7830
Car,General,3,36957,Petrol,Manual,4,4790
Car,General,6,74832,Diesel,Manual,8,5780
Scooty,Major,11,77550,Petrol,Automatic,17,3180
SUV,Repair,1,15735,Petrol,Manual,1,15100
SUV,Repair,9,129658,Petrol,Automatic,14,36210
SUV,Repair,11,146256,Diesel,Manual,20,31750
SUV,Repair,8,107118,Petrol,Automatic,10,29480
SUV,Major,7,126487,Diesel,Manual,11,23710
Bike,General,6,38629,Petrol,Manual,8,1050
Bike,General,10,59994,Petrol,Manual,14,930
Car,Major,6,60741,Petrol,Manual,9,10020
Scooty,Major,3,14434,Petrol,Automatic,5,1940
Car,General,1,14181,EV,Automatic,1,4230
Car,Major,10,100733,Petrol,Automatic,19,19200
Car,General,8,106935,Petrol,Manual,13,5430
SUV,Major,8,151188,Diesel,Automatic,10,31610
Bike,Major,4,37979,Petrol,Manual,7,2970
SUV,Repair,7,75571,Diesel,Manual,12,25510
Scooty,General,8,39983,Petrol,Automatic,13,550
Scooty,General,9,44046,Petrol,Automatic,16,1000
Bike,Repair,6,44716,Petrol,Manual,11,3300
Bike,General,9,49639,Petrol,Automatic,17,820
SUV,Major,9,138407,Petrol,Manual,15,17570
SUV,General,7,121443,Petrol,Automatic,11,9200
Car,General,2,20648,Diesel,Manual,3,6010
Electric Bike,Major,3,20512,EV,Automatic,4,1650
Bike,Repair,9,78963,Petrol,Automatic,15,4080
Car,Major,5,46112,Diesel,Manual,8,17770
Electric Scooter,General,3,23724,EV,Automatic,5,840
Car,Major,4,49388,Diesel,Manual,4,13510
Bike,General,10,84142,Petrol,Manual,16,1270
Scooty,Major,4,21661,Petrol,Automatic,7,1250
Bike,Major,5,49787,Petrol,Manual,9,2450
Car,Major,9,78712,Petrol,Manual,14,9890
Electric Bike,General,1,8688,EV,Automatic,1,750
Bike,General,6,56000,Petrol,Automatic,8,960
Scooty,Major,0,1620,Petrol,Automatic,0,1420
Bike,Repair,5,31108,Petrol,Automatic,8,2040
Bike,General,7,63233,Petrol,Automatic,8,1090
Bike,Major,6,30592,Petrol,Manual,7,3030
Scooty,General,2,8118,Petrol,Automatic,2,730
SUV,Major,12,138610,Petrol,Manual,20,29170
Car,Major,5,61099,Petrol,Automatic,7,15180
Electric Scooter,General,2,13537,EV,Automatic,2,390
Car,General,12,194436,Petrol,Automatic,21,6860
Car,Repair,11,153458,Petrol,Automatic,20,20750
Electric Bike,Major,0,1010,EV,Automatic,0,1510
Bike,General,5,30538,Petrol,Manual,9,990
Car,General,8,122901,EV,Automatic,14,3150
SUV,General,3,40801,Diesel,Automatic,4,10740
SUV,Major,10,139587,Hybrid,Automatic,13,25570
Car,General,7,104977,EV,Automatic,12,3650
Electric Bike,General,2,12753,EV,Automatic,2,800
Car,General,3,26230,Petrol,Manual,5,3590
Car,General,3,27002,Diesel,Manual,4,5260
Bike,Repair,5,26913,Petrol,Manual,7,1620
Car,General,4,51404,Petrol,Automatic,5,4890
Bike,Major,14,109119,Petrol,Automatic,23,3680
SUV,General,9,99228,Petrol,Automatic,15,10200
Scooty,General,6,42601,Petrol,Automatic,11,640
Car,Repair,4,59347,Petrol,Manual,6,15580
Scooty,General,7,41419,Petrol,Automatic,10,920
Bike,General,13,130572,Petrol,Manual,18,900
Bike,General,7,62480,Petrol,Manual,11,840
SUV,Major,9,145074,EV,Automatic,17,15360
Car,General,9,109976,Petrol,Automatic,17,5250
Scooty,General,2,11680,Petrol,Automatic,2,620
Bike,Major,8,44320,Petrol,Manual,9,2660
SUV,Repair,8,94964,Diesel,Automatic,13,38910
Bike,Major,1,7800,Petrol,Manual,1,2340
Car,Repair,7,79146,Petrol,Automatic,12,16510
Car,Repair,10,136120,Petrol,Manual,14,23040
SUV,General,3,48334,Diesel,Manual,5,7580
Car,General,10,155251,Diesel,Automatic,18,7260
SUV,General,9,181042,EV,Automatic,12,6250
SUV,Repair,4,61586,Petrol,Manual,6,17990
Car,Major,3,28287,Diesel,Manual,4,11650
Car,Repair,6,68623,Petrol,Manual,8,10160
Car,General,5,45213,Petrol,Automatic,6,6120
Electric Scooter,General,1,6072,EV,Automatic,1,680
Bike,Major,2,10380,Petrol,Manual,3,2830
SUV,Major,5,67836,Diesel,Manual,7,27590
Scooty,Major,7,29086,Petrol,Automatic,10,2130
SUV,General,10,165211,Diesel,Manual,19,8240
SUV,General,6,118032,Diesel,Automatic,7,7740
Car,Repair,7,105654,Petrol,Manual,11,16350
SUV,General,7,92824,Diesel,Automatic,12,12510
SUV,General,12,142907,Petrol,Automatic,16,11820
SUV,Repair,3,43646,Petrol,Manual,3,20750
Car,Major,5,66675,Petrol,Manual,6,11100
SUV,Major,8,160312,Petrol,Automatic,12,27420
SUV,General,2,35760,Diesel,Automatic,3,7990
Car,General,5,43842,Diesel,Automatic,9,6960
Bike,General,7,52873,Petrol,Manual,11,570
SUV,General,7,90037,Petrol,Manual,9,6480
SUV,Repair,6,64704,Diesel,Automatic,9,23300
Car,General,7,89962,Petrol,Manual,8,3860
Car,General,4,61703,Diesel,Manual,6,6340
Car,General,4,53072,Diesel,Manual,6,6690
Car,General,11,90882,Petrol,Manual,20,4440
Bike,General,13,109888,Petrol,Manual,20,1340
Scooty,General,5,24114,Petrol,Automatic,7,640
Bike,General,11,62317,Petrol,Manual,17,1300
Bike,General,13,103330,Petrol,Automatic,19,670
SUV,General,4,47600,Petrol,Manual,5,6680
SUV,Repair,3,36890,Diesel,Automatic,4,20600
Electric Bike,Major,0,500,EV,Automatic,0,1640
Car,General,8,85180,Petrol,Manual,14,5100
Car,Repair,13,130576,Diesel,Automatic,21,36310
Bike,General,3,17515,Petrol,Manual,4,980
SUV,General,7,128435,Hybrid,Manual,8,7980
Car,Major,12,94301,EV,Automatic,17,13620
Car,General,7,103899,Petrol,Automatic,8,5010
SUV,General,7,137440,Diesel,Manual,9,12390
Bike,Major,11,85309,Petrol,Manual,18,2910
Bike,Major,4,34412,Petrol,Automatic,7,2610
Bike,General,5,39410,Petrol,Manual,6,660
Car,Repair,13,143817,Petrol,Automatic,24,27270
Bike,General,9,80202,Petrol,Manual,16,1490
Bike,Major,4,28530,Petrol,Manual,4,2740
Car,General,9,79296,Hybrid,Manual,17,4510
Car,Repair,13,198671,Petrol,Manual,24,24250
Car,General,6,73994,Petrol,Manual,11,4400
SUV,General,2,37351,Diesel,Manual,2,6760
Car,Repair,12,168550,Diesel,Automatic,23,27880
SUV,General,6,117997,Diesel,Manual,11,7570
Scooty,Major,3,22062,Petrol,Automatic,5,2030
Electric Bike,Major,3,18034,EV,Automatic,5,2090
Bike,Major,3,23384,Petrol,Manual,4,2750
SUV,Major,6,108596,EV,Automatic,9,17970
Bike,Repair,3,27996,Petrol,Automatic,5,2930
Car,Repair,4,42729,Petrol,Automatic,7,15320
Car,General,10,160638,Petrol,Manual,19,5390
Scooty,General,5,40398,Petrol,Automatic,8,610
Electric Scooter,General,2,12551,EV,Automatic,2,580
Car,Major,4,39876,Hybrid,Manual,7,14010
Car,General,3,30151,Petrol,Manual,3,4780
Bike,Major,5,32170,Petrol,Automatic,8,1710
Scooty,General,1,7165,Petrol,Automatic,1,820
Car,General,3,33778,Petrol,Manual,3,3560
Scooty,Major,4,31225,Petrol,Automatic,6,1330
Scooty,Major,2,9480,Petrol,Automatic,2,2030
Scooty,Major,6,27276,Petrol,Automatic,7,1560
Bike,Major,7,61591,Petrol,Manual,12,3010
Car,General,1,16850,Petrol,Automatic,1,5850
SUV,General,7,134874,Diesel,Manual,11,9940
Car,General,13,166443,Petrol,Manual,25,4280
Car,General,3,43339,Diesel,Manual,4,5670
Car,General,7,86711,Petrol,Manual,12,4790
Scooty,Repair,7,38602,Petrol,Automatic,9,2330
Scooty,Major,4,21399,Petrol,Automatic,6,1390
Bike,General,5,31999,Petrol,Manual,7,850
Bike,General,9,65390,Petrol,Manual,17,1080
Car,General,9,106384,Diesel,Manual,17,5620
Car,General,13,171638,Petrol,Automatic,19,6720
Bike,Repair,3,13803,Petrol,Manual,5,2810
SUV,General,2,38617,Diesel,Automatic,3,9920
Car,General,13,189058,Petrol,Automatic,17,5790
Scooty,General,7,43165,Petrol,Automatic,12,540
Car,General,9,120831,Petrol,Manual,13,4570
Car,General,5,75385,Diesel,Manual,9,6700
SUV,General,10,146164,Diesel,Automatic,19,9790
Car,Major,7,99131,Petrol,Manual,12,14820
Car,General,8,90286,Diesel,Manual,10,6780
SUV,General,1,16149,Diesel,Automatic,1,6360
Car,Major,4,51649,Petrol,Manual,7,8860
Car,General,2,20631,Hybrid,Automatic,3,5530
Car,General,2,25953,Petrol,Manual,2,3810
Bike,General,1,8378,Petrol,Automatic,1,800
Car,Major,3,30672,Petrol,Manual,5,11360
Car,General,5,53377,Diesel,Automatic,7,5620
Bike,General,8,61560,Petrol,Manual,13,650
Bike,Major,7,40923,Petrol,Manual,11,2950
Car,General,4,56542,Petrol,Automatic,6,5580
Bike,Repair,1,10081,Petrol,Manual,1,2230
Car,Repair,5,77150,Petrol,Automatic,6,16860
SUV,Repair,9,153602,Diesel,Automatic,16,39060
Electric Bike,Major,2,10972,EV,Automatic,3,1470
SUV,Repair,7,118156,EV,Automatic,13,24070
Car,General,9,120074,Hybrid,Manual,17,5450
Bike,General,7,48170,Petrol,Manual,8,1160
SUV,Major,11,188885,EV,Automatic,13,19100
Car,General,7,94773,Petrol,Automatic,10,5950
SUV,General,8,88534,Diesel,Automatic,12,8920
SUV,General,5,85541,Petrol,Automatic,8,7690
SUV,General,6,84887,Petrol,Automatic,7,10510
Bike,Major,0,2530,Petrol,Manual,0,1850
Electric Bike,General,2,11518,EV,Automatic,3,730
Scooty,Major,5,36024,Petrol,Automatic,8,2370
Scooty,Repair,1,8061,Petrol,Automatic,1,1450
Car,Repair,5,52026,Petrol,Manual,7,13120
SUV,Major,3,60039,Diesel,Manual,4,24060
Bike,General,3,23955,Petrol,Manual,3,830
Car,General,7,99679,Petrol,Manual,11,5080
Car,Major,12,164119,Diesel,Manual,21,14760
Car,General,7,86237,Hybrid,Automatic,12,4910
SUV,Major,6,100671,Diesel,Automatic,7,25310
SUV,Repair,11,194116,Diesel,Manual,13,41340
Scooty,General,2,11892,Petrol,Automatic,2,840
SUV,General,8,113775,Petrol,Manual,9,6980
SUV,General,3,54630,Diesel,Manual,4,9760
Bike,General,12,80049,Petrol,Manual,17,820
Car,General,5,44407,Petrol,Manual,7,3340
Car,General,9,98629,Diesel,Automatic,17,7510
Bike,General,10,83688,Petrol,Manual,15,860
Electric Bike,Repair,1,8058,EV,Automatic,1,1410
Car,General,11,88186,EV,Automatic,15,4430
Bike,General,9,70463,Petrol,Manual,12,860
Car,Repair,5,70196,Petrol,Automatic,9,15190
Scooty,General,9,70006,Petrol,Automatic,13,920
Electric Bike,General,2,13779,EV,Automatic,3,430
SUV,General,8,144050,Diesel,Automatic,11,8080
Car,General,5,52461,Diesel,Automatic,7,6520
Car,General,7,64259,Hybrid,Manual,12,6240
Car,General,9,138610,EV,Automatic,11,4490
SUV,Major,8,102833,Diesel,Manual,11,24700
SUV,General,1,16873,Diesel,Manual,1,9060
Scooty,General,12,77856,Petrol,Automatic,20,750
Electric Bike,General,1,10017,EV,Automatic,1,740
Car,General,5,60563,Petrol,Manual,8,4030
Scooty,Major,3,16454,Petrol,Automatic,3,1930
Car,General,13,108095,Hybrid,Manual,24,6000
SUV,Major,2,31617,Petrol,Automatic,2,15730
Bike,Major,2,12543,Petrol,Manual,3,1360
Bike,General,7,45208,Petrol,Manual,10,700
Bike,Repair,8,47006,Petrol,Manual,9,3240
Bike,Major,5,48178,Petrol,Manual,7,3110
SUV,General,5,81468,Petrol,Automatic,7,8180
SUV,General,5,97539,Petrol,Manual,7,9020
SUV,General,10,164494,Diesel,Automatic,19,11320
Electric Scooter,General,1,6132,EV,Automatic,1,380
SUV,General,8,93435,Diesel,Automatic,13,13450
Car,Repair,7,78228,Diesel,Manual,11,19910
SUV,Major,9,92443,Diesel,Manual,14,23190
Car,Repair,2,16802,Petrol,Automatic,2,10500
SUV,Repair,8,91312,Diesel,Automatic,12,36520
Bike,General,5,27940,Petrol,Automatic,9,940
SUV,General,9,171067,Diesel,Manual,15,8900
SUV,General,12,228208,Petrol,Manual,17,7980
Electric Scooter,Repair,0,500,EV,Automatic,0,750
Car,General,11,105441,Petrol,Manual,13,5460
Scooty,Major,4,17245,Petrol,Automatic,5,1940
SUV,Major,5,87631,Diesel,Manual,7,22870
Car,General,6,91845,Petrol,Automatic,11,5720
SUV,General,1,21483,Petrol,Automatic,1,6170
Bike,Major,9,56995,Petrol,Manual,13,2780
Car,Major,6,57076,Diesel,Manual,11,16030
SUV,General,6,79172,Hybrid,Manual,8,7910
SUV,Major,9,170577,Petrol,Manual,17,24470
SUV,Repair,11,128459,Diesel,Manual,20,39920
Bike,General,8,56809,Petrol,Manual,9,1160
Car,Repair,5,58854,Diesel,Automatic,7,14960
Electric Bike,General,0,1179,EV,Automatic,0,690
SUV,Major,13,240078,Petrol,Manual,16,32700
Scooty,General,6,37706,Petrol,Automatic,9,1000
Car,General,13,151809,Petrol,Manual,24,5540
SUV,General,10,172136,Diesel,Automatic,19,13550
Bike,General,4,24481,Petrol,Manual,4,1180
SUV,Repair,5,51405,Diesel,Manual,6,24780
Electric Scooter,Repair,0,1697,EV,Automatic,0,990
Bike,General,2,15439,Petrol,Manual,3,870
Car,Major,5,81607,Diesel,Manual,9,12760
Scooty,General,2,12820,Petrol,Automatic,3,730
Car,General,5,56979,EV,Automatic,7,4510
Car,General,3,39460,Diesel,Manual,5,5520
Scooty,General,4,20384,Petrol,Automatic,4,560
SUV,General,11,219277,Diesel,Manual,18,8210
Car,General,8,72865,Petrol,Automatic,10,4110
Scooty,Repair,4,27812,Petrol,Automatic,7,1330
Car,Major,2,26971,Petrol,Automatic,3,11330
Bike,General,6,53054,Petrol,Manual,11,930
Car,Major,3,37854,Diesel,Automatic,5,15810
SUV,General,2,21720,Diesel,Automatic,3,10510
Bike,Major,12,72069,Petrol,Manual,15,4170
SUV,Major,8,104490,Diesel,Manual,10,19980
Bike,General,5,41957,Petrol,Manual,8,1110
Electric Scooter,General,1,8189,EV,Automatic,1,690
Car,General,4,59696,Petrol,Manual,6,4230
Car,Major,10,84314,Petrol,Manual,13,10830
SUV,Major,3,39880,Petrol,Manual,5,19560
Electric Scooter,General,4,25914,EV,Automatic,7,650
SUV,Major,7,101879,Diesel,Automatic,11,22840
SUV,Major,9,161362,Petrol,Automatic,17,23440
Car,Major,14,175828,Diesel,Manual,17,17980
SUV,Major,2,40644,Petrol,Manual,2,20550
Scooty,Major,1,8156,Petrol,Automatic,1,1760
Bike,Repair,3,19405,Petrol,Manual,3,2540
Scooty,Major,3,20851,Petrol,Automatic,5,1450
SUV,Major,8,150208,Diesel,Automatic,15,30690
Electric Bike,General,2,19127,EV,Automatic,2,560
SUV,Repair,1,16262,Hybrid,Automatic,1,20050
Car,Major,8,101811,Petrol,Manual,15,11230
Car,General,3,37058,Petrol,Automatic,4,5680
Bike,General,2,13664,Petrol,Manual,2,1150
Car,Major,6,93655,Hybrid,Automatic,7,15130
Car,General,4,31894,Petrol,Manual,4,5190
SUV,Major,7,131713,Hybrid,Automatic,8,23270
Scooty,General,3,17277,Petrol,Automatic,4,720
Electric Bike,General,3,28639,EV,Automatic,5,610
Scooty,General,3,18173,Petrol,Automatic,4,490
Car,General,5,59960,Petrol,Manual,6,4960
Electric Bike,Major,1,4845,EV,Automatic,1,1200
Scooty,General,6,44417,Petrol,Automatic,11,660
Scooty,Repair,8,57367,Petrol,Automatic,10,2110
SUV,Major,5,84961,Diesel,Automatic,6,20600
Bike,General,6,36543,Petrol,Manual,10,950
Car,Major,10,103622,Hybrid,Manual,13,16750
SUV,General,5,65206,EV,Automatic,8,6310
Car,General,8,66648,Diesel,Automatic,11,5000
Car,Major,10,91874,Petrol,Manual,16,16870
Electric Bike,Major,1,6868,EV,Automatic,1,1260
SUV,Repair,2,43262,Petrol,Manual,2,14110
SUV,General,4,53777,Petrol,Automatic,6,6980
Scooty,Major,7,37350,Petrol,Automatic,9,2410
SUV,Repair,4,63196,Petrol,Manual,6,17560
SUV,Repair,8,85465,Petrol,Automatic,14,29130
SUV,General,0,1000,Petrol,Automatic,0,6520
SUV,General,4,62584,Diesel,Manual,6,9920
Electric Bike,Repair,2,17004,EV,Automatic,2,1160
Scooty,Major,1,3311,Petrol,Automatic,1,1230
Scooty,General,4,20173,Petrol,Automatic,6,770
Car,General,10,138250,Petrol,Manual,15,4610
Car,Repair,8,75338,Petrol,Manual,14,12860
Car,General,5,62231,Diesel,Automatic,7,5530
SUV,Major,12,150049,Petrol,Manual,23,23900
SUV,General,9,166933,Diesel,Automatic,15,12440
Car,General,8,97931,Diesel,Automatic,9,7270
Car,Major,13,145299,Petrol,Manual,24,17660
Car,Major,6,76327,Petrol,Automatic,7,11500
SUV,General,6,60703,Petrol,Manual,8,8380
Car,General,2,17294,Petrol,Manual,3,4380
Electric Scooter,Major,2,15607,EV,Automatic,3,1170
SUV,Major,8,99654,Petrol,Automatic,11,25200
Scooty,General,6,37736,Petrol,Automatic,10,530
SUV,General,4,71970,Petrol,Automatic,6,6420
Bike,Major,10,91814,Petrol,Manual,12,4040
SUV,General,5,79438,Petrol,Manual,7,8210
Bike,Major,4,23258,Petrol,Manual,6,1970
SUV,Major,6,104232,Petrol,Manual,8,23250
Bike,General,2,11477,Petrol,Manual,2,1130
Scooty,Major,3,13634,Petrol,Automatic,4,1350
Car,Major,14,186836,Diesel,Automatic,21,25290
Scooty,Repair,4,21731,Petrol,Automatic,5,1220
Electric Scooter,Major,3,17956,EV,Automatic,4,1670
Bike,General,7,62852,Petrol,Automatic,12,680
Car,General,2,35246,Diesel,Automatic,3,5600
Car,General,6,88078,Petrol,Manual,8,5610
Electric Bike,General,3,19331,EV,Automatic,4,540
Bike,Repair,3,30889,Petrol,Manual,5,1920
SUV,General,10,126191,EV,Automatic,14,6810
Car,Major,4,40108,Petrol,Manual,7,10810
Bike,General,2,11051,Petrol,Manual,3,710
SUV,General,6,98156,Diesel,Automatic,7,9770
Car,General,1,9631,Diesel,Manual,1,3930
Car,Major,7,87361,Diesel,Automatic,12,19340
SUV,Major,8,125594,Diesel,Manual,15,30350
Bike,General,4,19428,Petrol,Manual,5,800
Electric Bike,General,1,6340,EV,Automatic,1,820
Scooty,Major,3,21388,Petrol,Automatic,4,2050
Car,Major,5,52680,EV,Automatic,8,8610
Electric Bike,Major,2,16490,EV,Automatic,3,1320
Bike,General,10,91368,Petrol,Manual,18,940
Scooty,General,5,23541,Petrol,Automatic,9,970
Car,Repair,3,40763,Petrol,Manual,3,13170
SUV,General,6,65131,Diesel,Automatic,11,10910
Electric Scooter,General,1,7580,EV,Automatic,1,720
Scooty,General,0,500,Petrol,Automatic,0,590
Scooty,General,8,49879,Petrol,Automatic,10,1000
Car,General,15,183487,Hybrid,Manual,27,7290
Scooty,General,1,8452,Petrol,Automatic,1,610
SUV,Repair,3,53573,Hybrid,Automatic,4,20390
Car,Major,4,66155,Petrol,Automatic,7,13070
Car,General,4,55334,Petrol,Manual,5,4000
Bike,Major,4,39469,Petrol,Manual,7,2280
Bike,General,6,47696,Petrol,Manual,10,610
Bike,General,4,32173,Petrol,Automatic,5,900
Car,General,4,45102,Diesel,Automatic,6,6210
SUV,General,4,73673,Petrol,Automatic,7,6390
Bike,Major,3,23718,Petrol,Manual,4,1860
Bike,General,8,54821,Petrol,Manual,10,850
Bike,General,0,500,Petrol,Manual,0,700
Car,Repair,8,86173,Diesel,Manual,14,20020
Car,Major,8,109760,Petrol,Automatic,15,18480
SUV,Major,7,132648,Hybrid,Automatic,13,32640
Car,General,5,75832,Diesel,Manual,7,5020
SUV,Repair,4,71883,Petrol,Manual,6,14930
Scooty,Repair,9,45385,Petrol,Automatic,14,1880
Car,Major,1,7747,EV,Automatic,1,9940
Car,Major,5,47343,Petrol,Automatic,8,14270
SUV,General,1,8942,Diesel,Automatic,1,10610
SUV,General,3,51921,Diesel,Manual,4,9490
SUV,General,4,61118,Petrol,Manual,7,7590
SUV,General,6,64092,Diesel,Automatic,11,8280
Car,General,8,85656,Diesel,Manual,12,5360
Car,Major,7,100304,Petrol,Manual,12,12400
Car,General,7,64965,Petrol,Automatic,8,5720
Electric Scooter,Major,3,19566,EV,Automatic,4,1540
Bike,General,2,11462,Petrol,Manual,3,750
Bike,General,6,32951,Petrol,Manual,9,670
Electric Bike,Repair,3,18857,EV,Automatic,4,1690
Car,General,5,73578,Hybrid,Manual,6,5750
Bike,Major,12,74696,Petrol,Manual,22,3570
SUV,General,9,121248,EV,Automatic,12,5810
Bike,Major,5,40064,Petrol,Manual,7,2540
Electric Scooter,Major,1,8666,EV,Automatic,1,1270
Car,General,4,48456,Petrol,Manual,6,3190
SUV,General,9,92039,Diesel,Manual,15,7090
Scooty,General,7,51217,Petrol,Automatic,8,510
SUV,General,14,280000,Petrol,Manual,25,9310
Scooty,Repair,4,31299,Petrol,Automatic,4,1590
Car,Repair,6,65231,Hybrid,Automatic,11,15110
Car,Repair,5,52191,Petrol,Automatic,7,14560
Car,General,10,129490,Petrol,Automatic,15,4540
Car,Repair,10,94385,Diesel,Manual,12,25900
Car,General,7,77161,Petrol,Manual,12,5770
Car,General,10,157676,Hybrid,Automatic,16,7640
Bike,Major,3,17139,Petrol,Automatic,4,1810
SUV,Major,9,104361,EV,Automatic,13,22380
Car,General,2,32870,Petrol,Manual,3,4770
Electric Scooter,Major,3,21760,EV,Automatic,4,1970
SUV,Major,10,193874,Diesel,Manual,15,40250
Scooty,General,4,31699,Petrol,Automatic,6,700
Scooty,Repair,6,45389,Petrol,Automatic,8,2550
Car,Repair,7,61422,Diesel,Automatic,12,23250
Car,General,3,43737,Diesel,Automatic,5,6530
Car,General,5,49639,Diesel,Manual,8,6960
SUV,Repair,6,94111,Hybrid,Manual,11,23710
Bike,General,4,31853,Petrol,Manual,7,880
Bike,General,5,44259,Petrol,Manual,6,570
Electric Bike,Repair,4,27020,EV,Automatic,6,2280
Bike,Major,3,19853,Petrol,Manual,4,2060
Car,Major,5,58887,Petrol,Manual,7,9670
SUV,General,2,30527,Diesel,Manual,3,5860
Scooty,Repair,3,17504,Petrol,Automatic,3,1870
Car,Major,5,48965,Petrol,Manual,9,13410
SUV,Repair,8,127027,Diesel,Manual,10,38830
Bike,Major,3,17524,Petrol,Manual,3,2640
SUV,Repair,8,83120,Diesel,Manual,12,28970
Electric Bike,General,2,12148,EV,Automatic,2,590
SUV,Repair,6,93716,Hybrid,Manual,11,30630
SUV,Major,1,20447,Petrol,Manual,1,17210
Car,General,5,54565,Petrol,Automatic,7,5090
Scooty,General,4,26660,Petrol,Automatic,6,900
Car,Repair,8,115266,Diesel,Automatic,13,25420
Car,General,9,139603,Hybrid,Manual,12,4570
Scooty,General,4,17143,Petrol,Automatic,7,690
Bike,General,2,21763,Petrol,Automatic,2,1110
Electric Scooter,Major,1,6695,EV,Automatic,1,970
Car,General,6,95670,Diesel,Automatic,9,6960
SUV,Major,2,36265,Diesel,Manual,2,19650
Car,Major,6,92916,Petrol,Automatic,10,17190
Bike,General,10,74847,Petrol,Manual,14,1160
Car,Major,4,46901,Petrol,Manual,6,10300
Scooty,General,4,28308,Petrol,Automatic,7,750
Electric Bike,Repair,1,7525,EV,Automatic,1,1600
Car,Major,10,93884,EV,Automatic,16,13370
SUV,Major,2,38459,Diesel,Automatic,3,19050
SUV,General,3,38048,Diesel,Automatic,4,10180
SUV,General,6,112588,EV,Automatic,11,4990
Car,General,8,78024,Petrol,Automatic,14,5150
SUV,Major,2,22923,Petrol,Manual,3,15230
Scooty,General,10,70472,Petrol,Automatic,19,800
Scooty,General,3,24514,Petrol,Automatic,4,740
Scooty,General,4,24803,Petrol,Automatic,6,610
SUV,General,6,86060,Diesel,Manual,11,10030
Bike,Major,1,5095,Petrol,Manual,1,1690
SUV,Major,0,1000,Diesel,Manual,0,16770
Scooty,Major,12,83754,Petrol,Automatic,22,1660
Car,General,3,24860,Hybrid,Manual,5,4280
Bike,Major,5,37630,Petrol,Automatic,7,3270
Scooty,Major,3,16872,Petrol,Automatic,5,2060
Electric Scooter,General,3,14903,EV,Automatic,3,610
Car,Repair,6,78751,Diesel,Manual,8,21000
SUV,General,5,70988,Diesel,Automatic,6,8100
SUV,General,0,1000,EV,Automatic,0,4750
Car,Major,8,64407,Petrol,Manual,10,9670
Bike,Repair,3,23023,Petrol,Manual,5,2580
Bike,General,10,56849,Petrol,Manual,16,680
SUV,General,9,179402,Diesel,Manual,16,9640
Car,General,4,57209,Petrol,Automatic,5,4450
SUV,General,4,49978,Petrol,Automatic,6,9140
Electric Scooter,General,4,19246,EV,Automatic,6,530
SUV,General,12,165548,Diesel,Manual,14,10590
SUV,Repair,5,98372,Petrol,Automatic,9,24300
Car,General,0,800,EV,Automatic,0,4260
Bike,Major,6,48222,Petrol,Automatic,11,2170
Scooty,General,6,31458,Petrol,Automatic,9,930
Car,General,3,33273,EV,Automatic,4,3090
Bike,General,4,34397,Petrol,Manual,6,660
SUV,General,2,24158,Petrol,Manual,3,5670
Bike,Major,6,55630,Petrol,Manual,9,2570
Electric Bike,General,3,20803,EV,Automatic,5,440
Scooty,Repair,5,37585,Petrol,Automatic,6,1510
SUV,General,3,54347,EV,Automatic,4,6910
Scooty,Repair,7,53372,Petrol,Automatic,9,1680
SUV,Major,4,80456,Diesel,Manual,6,21560
Bike,General,5,46455,Petrol,Manual,7,650
Bike,General,8,52022,Petrol,Manual,12,1020
Car,Major,7,62310,Petrol,Manual,11,12980
Bike,General,9,54342,Petrol,Automatic,15,840
SUV,General,1,12009,Diesel,Manual,1,9180
Car,Major,4,50667,Petrol,Manual,4,13370
SUV,General,3,40423,Diesel,Manual,5,8790
Bike,Major,1,11914,Petrol,Manual,1,2430
Scooty,Repair,10,78740,Petrol,Automatic,12,3390
Car,Major,5,56170,Diesel,Automatic,7,12610
SUV,General,11,165611,Diesel,Manual,13,11820
Bike,Major,7,60184,Petrol,Manual,12,3600
Scooty,General,7,50791,Petrol,Automatic,8,930
Car,General,9,137087,Petrol,Manual,16,6000
SUV,Major,4,58461,EV,Automatic,5,13570
Bike,General,6,43112,Petrol,Manual,7,1100
Car,Major,10,134393,Petrol,Automatic,12,15620
SUV,General,4,78269,Petrol,Manual,7,8310
Car,General,5,63573,Petrol,Manual,8,5770
SUV,Major,6,100379,Diesel,Automatic,9,24730
Bike,General,9,61189,Petrol,Manual,11,990
SUV,Repair,11,134373,Diesel,Automatic,16,47640
Bike,Major,9,72597,Petrol,Manual,16,4010
SUV,General,3,30750,Diesel,Automatic,4,8500
Electric Scooter,Major,2,14315,EV,Automatic,2,1210
Car,General,3,37888,EV,Automatic,4,4140
Electric Bike,Repair,3,17988,EV,Automatic,4,2170
Scooty,Major,0,1771,Petrol,Automatic,0,1800
Car,General,6,68552,Diesel,Manual,10,6480
Bike,Major,4,32478,Petrol,Manual,5,1640
Car,Major,3,49334,Diesel,Automatic,5,17280
Electric Scooter,Repair,2,13358,EV,Automatic,3,1600
Car,Repair,1,8608,Diesel,Manual,1,10060
Car,Repair,7,101071,Diesel,Automatic,11,18240
Car,General,6,57456,Petrol,Manual,8,4920
Bike,General,13,70959,Petrol,Automatic,19,670
Scooty,Major,6,35756,Petrol,Automatic,10,2090
Car,General,8,102420,Petrol,Manual,15,6180
Scooty,Major,4,17833,Petrol,Automatic,4,2080
Bike,Major,6,41296,Petrol,Manual,10,3170
Bike,Major,2,13575,Petrol,Manual,3,1380
Bike,General,6,31949,Petrol,Manual,11,950
SUV,General,9,169801,Diesel,Automatic,16,10530
Bike,Repair,3,17342,Petrol,Manual,5,2720
Car,General,9,127826,Diesel,Automatic,12,8160
SUV,Repair,5,54307,Diesel,Automatic,8,22380
Scooty,General,7,44395,Petrol,Automatic,11,630
Bike,Major,8,73841,Petrol,Manual,10,3410
SUV,General,5,88807,Diesel,Manual,9,6920
Bike,General,9,87337,Petrol,Automatic,12,1280
Bike,Repair,0,500,Petrol,Manual,0,1970
SUV,Repair,9,113502,EV,Automatic,16,20410
Car,General,6,61131,Diesel,Manual,10,4160
SUV,General,4,62896,EV,Automatic,7,5340
Bike,General,8,58398,Petrol,Manual,13,970
Scooty,Major,6,36046,Petrol,Automatic,10,1390
Car,General,5,53300,Diesel,Manual,6,6370
Car,General,12,176945,Petrol,Manual,18,4920
Electric Bike,Repair,3,24483,EV,Automatic,4,2130
Bike,Major,3,27195,Petrol,Automatic,4,2270
Car,General,7,82892,Hybrid,Automatic,10,5520
Bike,Major,2,12376,Petrol,Manual,2,1570
Car,General,2,30099,Petrol,Manual,3,4360
Car,General,9,140861,Petrol,Automatic,15,4580
Bike,General,3,25609,Petrol,Manual,4,640
Scooty,Major,2,12664,Petrol,Automatic,2,1390
Car,General,12,106247,Petrol,Automatic,21,6790
SUV,General,3,52810,Diesel,Automatic,5,10270
SUV,Repair,1,14212,Petrol,Manual,1,14270
Electric Bike,Repair,2,15186,EV,Automatic,2,2030
Car,General,7,93714,Petrol,Automatic,9,6910
Car,General,0,4134,Petrol,Manual,0,4650
Car,Major,8,77689,Petrol,Manual,12,11920
Car,Repair,6,88252,Petrol,Automatic,7,16870
Bike,Major,10,66303,Petrol,Manual,12,2040
Car,General,5,81155,Petrol,Automatic,9,5150
Bike,General,8,57130,Petrol,Manual,15,1020
Bike,General,7,40281,Petrol,Manual,10,870
Car,Major,5,77501,Petrol,Manual,8,13390
Bike,General,3,21615,Petrol,Manual,4,920
Scooty,Major,6,34054,Petrol,Automatic,8,1680
SUV,Major,2,42992,Petrol,Automatic,3,14850
Scooty,Major,4,17064,Petrol,Automatic,7,2040
Scooty,General,3,15839,Petrol,Automatic,5,790
Bike,Major,9,80681,Petrol,Manual,14,3260
Bike,General,9,67762,Petrol,Manual,16,840
SUV,Repair,3,60163,EV,Automatic,3,12450
SUV,Major,8,105210,Diesel,Automatic,15,33970
SUV,Repair,6,104404,Petrol,Manual,10,25290
Bike,Repair,4,37628,Petrol,Automatic,6,2340
Electric Scooter,Major,2,9654,EV,Automatic,3,1260
Bike,Repair,7,44419,Petrol,Automatic,12,2420
Bike,General,6,33755,Petrol,Manual,8,690
SUV,General,5,84132,EV,Automatic,6,5040
Car,Major,12,159185,Petrol,Manual,22,18540
SUV,General,9,132009,Diesel,Automatic,16,7630
SUV,General,6,70989,Diesel,Automatic,9,10040
Electric Scooter,Repair,1,5698,EV,Automatic,1,1750
Scooty,Major,5,29608,Petrol,Automatic,6,1900
Car,General,7,63682,Petrol,Manual,9,4500
SUV,General,11,187314,Petrol,Automatic,18,9800
Car,General,5,58317,Hybrid,Manual,6,5800
SUV,General,6,64873,Diesel,Automatic,9,9940
Scooty,General,3,20096,Petrol,Automatic,5,790
SUV,General,2,22087,Diesel,Manual,3,6920
Car,Repair,2,16928,Petrol,Manual,2,7660
Electric Scooter,Repair,1,6960,EV,Automatic,1,1590
SUV,General,3,63816,Petrol,Manual,4,5150
Electric Scooter,General,2,9108,EV,Automatic,2,770
SUV,General,4,67402,Petrol,Automatic,6,6730
Car,Repair,4,60535,Petrol,Manual,6,8450
Electric Bike,Repair,2,17986,EV,Automatic,2,1800
SUV,Major,6,71884,Diesel,Manual,11,29480
Bike,Major,7,33142,Petrol,Manual,9,2310
Bike,Major,3,14272,Petrol,Automatic,5,1870
Bike,Repair,10,101849,Petrol,Automatic,16,3160
Bike,General,3,28608,Petrol,Manual,5,1010
Car,General,6,55065,Petrol,Manual,10,4920
Bike,Major,3,27292,Petrol,Manual,5,2370
Scooty,General,3,15292,Petrol,Automatic,3,660
Bike,Major,11,61431,Petrol,Manual,17,2000
Electric Scooter,General,3,24744,EV,Automatic,4,600
Car,Major,12,168752,Diesel,Automatic,14,16370
Scooty,General,3,22889,Petrol,Automatic,5,500
Scooty,General,2,12324,Petrol,Automatic,2,540
SUV,Major,4,49057,Diesel,Manual,5,28340
SUV,Repair,10,113589,Hybrid,Manual,13,38740
Bike,General,3,27677,Petrol,Manual,5,1230
Electric Bike,General,2,10577,EV,Automatic,2,580
Car,Major,2,29995,Petrol,Manual,3,13130
Car,Major,0,800,Petrol,Manual,0,10340
Car,General,3,45533,Diesel,Automatic,5,5790
Car,Repair,8,100476,Petrol,Manual,10,13050
Car,Repair,7,101842,Diesel,Manual,13,18830
Car,Major,6,99130,Hybrid,Automatic,10,13520
Scooty,Major,8,43179,Petrol,Automatic,15,2530
Car,Repair,3,36645,Diesel,Automatic,5,13680
SUV,General,10,192652,Petrol,Manual,12,7430
Car,General,3,38258,Diesel,Manual,3,3990
Scooty,Repair,4,30092,Petrol,Automatic,7,2050
Bike,General,3,26045,Petrol,Manual,5,620
Electric Bike,General,2,16943,EV,Automatic,3,660
SUV,Repair,5,67902,EV,Automatic,7,17520
SUV,Major,6,59932,Petrol,Automatic,11,27000
Electric Scooter,General,3,23301,EV,Automatic,3,590
Electric Bike,Major,1,7753,EV,Automatic,1,1050
Car,General,12,142656,Diesel,Automatic,17,7630
Car,General,8,67039,Petrol,Manual,14,3590
Electric Bike,General,2,18038,EV,Automatic,3,520
Scooty,Major,5,20932,Petrol,Automatic,6,1620
Car,General,9,82494,Petrol,Manual,12,3800
Car,Repair,4,48430,Petrol,Automatic,7,14140
Scooty,General,9,47436,Petrol,Automatic,16,720
Electric Scooter,General,1,6794,EV,Automatic,1,610
SUV,Major,6,100272,Diesel,Automatic,9,26520
SUV,Repair,1,17107,Diesel,Manual,1,19370
Car,General,5,81923,Diesel,Manual,9,6190
Car,Major,3,35978,Diesel,Automatic,3,12680
SUV,General,6,122354,Diesel,Automatic,9,8840
SUV,General,1,14220,Petrol,Manual,1,7790
Car,General,1,9166,Petrol,Automatic,1,5000
Car,General,10,143349,Petrol,Automatic,18,5490
SUV,Repair,1,7997,EV,Automatic,1,13950
Bike,General,3,14465,Petrol,Manual,5,690
Car,Major,11,94960,Petrol,Automatic,19,17040
Scooty,General,10,79725,Petrol,Automatic,12,640
Car,Major,3,36124,Petrol,Manual,4,12560
Bike,General,6,47109,Petrol,Automatic,7,1050
Car,Major,2,22212,Diesel,Automatic,2,15230
Scooty,Major,3,17640,Petrol,Automatic,4,1480
Bike,Major,10,79124,Petrol,Manual,16,2010
Bike,Major,8,56808,Petrol,Manual,15,3510
Car,Major,6,91403,Diesel,Manual,10,14010
Car,General,9,93453,Petrol,Manual,11,4520
Car,General,9,115954,Diesel,Manual,12,6470
Car,Repair,3,24366,Petrol,Automatic,4,14870
Bike,General,6,32286,Petrol,Manual,10,1140
Car,Major,7,64314,Hybrid,Manual,9,17520
Scooty,General,3,13941,Petrol,Automatic,4,570
Bike,Repair,5,34595,Petrol,Manual,8,1920
Car,General,6,63371,Hybrid,Manual,10,3780
SUV,General,5,94326,Petrol,Automatic,8,9560
Scooty,General,9,58497,Petrol,Automatic,17,930
Car,General,2,20530,Petrol,Manual,3,5190
Bike,Repair,10,94331,Petrol,Manual,15,5440
Scooty,General,7,53528,Petrol,Automatic,11,960
Bike,General,8,40701,Petrol,Automatic,10,960
Bike,Major,9,68183,Petrol,Manual,15,2190
SUV,Major,11,177716,Diesel,Manual,15,24110
SUV,General,12,191016,Petrol,Automatic,21,10290
Bike,General,9,66826,Petrol,Manual,14,1220
SUV,General,5,85716,Diesel,Automatic,8,8140
Car,General,5,48848,Petrol,Manual,6,4490
SUV,Major,13,228085,Diesel,Manual,21,40610
Scooty,General,11,69722,Petrol,Automatic,20,860
Car,Major,6,88947,Petrol,Automatic,10,14660
SUV,General,10,153315,Petrol,Automatic,16,9320
Scooty,General,2,8743,Petrol,Automatic,3,910
Electric Bike,General,3,25247,EV,Automatic,4,760
Bike,Major,8,57703,Petrol,Automatic,9,3480
Car,Major,7,81781,Diesel,Manual,8,15520
Car,General,2,24816,Hybrid,Automatic,3,4680
SUV,General,8,89943,Diesel,Automatic,14,7800
Electric Scooter,Repair,1,5455,EV,Automatic,1,830
Scooty,Major,4,24098,Petrol,Automatic,5,1720
Scooty,Major,1,6988,Petrol,Automatic,1,1630
Scooty,Major,4,24900,Petrol,Automatic,7,2450
SUV,Major,5,88521,Petrol,Manual,8,25570
SUV,General,7,81021,Diesel,Manual,8,9600
Car,General,0,800,Petrol,Manual,0,3400
Scooty,Major,4,16880,Petrol,Automatic,7,1410
Scooty,Major,8,62814,Petrol,Automatic,10,2300
SUV,Major,7,111907,Diesel,Manual,9,26420
SUV,Repair,7,115233,EV,Automatic,9,19150
Electric Scooter,General,2,13866,EV,Automatic,3,440
Bike,Major,11,84637,Petrol,Automatic,20,3120
SUV,General,8,88143,Diesel,Automatic,11,8890
Scooty,Major,4,27748,Petrol,Automatic,5,1230
Car,Major,4,46014,Petrol,Manual,7,10210
Electric Scooter,Major,1,6004,EV,Automatic,1,1460
Car,Major,7,71505,Petrol,Manual,11,13670
SUV,General,8,105239,Diesel,Manual,15,11060
Car,Repair,9,96914,Petrol,Manual,16,15730
SUV,General,10,124659,Diesel,Manual,17,7480
Car,General,9,98929,Petrol,Manual,12,4620
Scooty,General,4,22161,Petrol,Automatic,6,860
Car,General,12,137093,Petrol,Manual,23,5690
Car,Repair,4,50140,Petrol,Manual,6,13170
Electric Bike,Major,1,7533,EV,Automatic,1,930
Bike,General,8,49380,Petrol,Manual,11,1150
Car,Major,12,137366,Diesel,Manual,19,16400
Car,General,3,42252,Hybrid,Automatic,5,4280
Scooty,General,9,45303,Petrol,Automatic,11,910
SUV,General,5,73053,Diesel,Manual,6,10610
Car,General,5,80054,Diesel,Manual,7,5580
SUV,General,4,71623,Petrol,Automatic,5,7610
Bike,Major,3,16125,Petrol,Manual,5,2790
Scooty,General,6,36532,Petrol,Automatic,10,460
Car,Major,10,122717,Hybrid,Automatic,16,17800
SUV,General,10,157464,Diesel,Automatic,17,9760
Car,General,1,11786,Petrol,Automatic,1,4650
Scooty,Major,4,33315,Petrol,Automatic,6,2160
Bike,Major,12,105612,Petrol,Manual,19,2940
Electric Scooter,General,4,17574,EV,Automatic,7,620
SUV,General,6,83795,Diesel,Automatic,10,10590
Car,General,2,21382,Petrol,Manual,3,4190
SUV,General,3,42007,Diesel,Automatic,4,9410
Bike,General,5,40927,Petrol,Manual,9,1240
SUV,Major,7,108658,Petrol,Manual,10,19520
Bike,General,7,39636,Petrol,Manual,13,960
Bike,General,12,82152,Petrol,Manual,20,800
SUV,Repair,6,106616,Petrol,Automatic,9,21330
SUV,Repair,5,61580,Diesel,Manual,7,34020
Car,Major,4,34101,Diesel,Automatic,7,16320
Electric Scooter,Major,2,12428,EV,Automatic,2,930
Car,General,11,134147,Petrol,Manual,16,4220
Car,Major,3,42137,Hybrid,Manual,5,12090
Electric Scooter,General,4,16006,EV,Automatic,7,580
SUV,General,5,67300,Petrol,Automatic,7,9480
Car,Repair,3,36153,Petrol,Manual,3,8590
Bike,Repair,5,49309,Petrol,Manual,6,1970
Bike,General,5,48511,Petrol,Manual,7,680
Car,General,3,26985,Petrol,Automatic,4,4180
Car,Major,5,65461,Petrol,Automatic,9,11970
Electric Bike,Repair,2,14997,EV,Automatic,3,1430
Car,General,11,148853,Diesel,Manual,16,5220
Scooty,General,6,48741,Petrol,Automatic,10,820
Bike,Repair,3,19191,Petrol,Automatic,4,2110
Bike,General,5,44185,Petrol,Manual,6,1160
Car,General,11,132558,Petrol,Manual,14,5300
SUV,General,6,72530,Petrol,Manual,10,9160
Scooty,Repair,2,12641,Petrol,Automatic,3,1640
Car,Major,6,51193,Diesel,Automatic,8,16780
SUV,Repair,6,92601,Petrol,Automatic,10,24570
Car,Major,5,74581,Diesel,Manual,7,10850
Car,Major,9,87103,Diesel,Manual,13,14520
Bike,Major,8,42409,Petrol,Manual,10,2600
Car,General,6,77443,Diesel,Automatic,11,5690
Bike,General,8,68772,Petrol,Manual,12,800
Scooty,General,1,5200,Petrol,Automatic,1,450
SUV,General,1,19299,Petrol,Automatic,1,7260
Bike,General,1,8341,Petrol,Manual,1,940
SUV,Repair,5,99205,Petrol,Automatic,9,22380
Car,General,6,55450,Diesel,Manual,11,4970
Bike,General,7,63118,Petrol,Manual,12,1000
SUV,Major,1,14351,Petrol,Manual,1,13220
Electric Bike,General,0,500,EV,Automatic,0,680
Electric Bike,General,0,1952,EV,Automatic,0,710
Bike,General,9,84964,Petrol,Manual,14,650
Car,General,9,121188,Petrol,Manual,11,3860
Car,General,8,128838,Petrol,Manual,11,5480
Scooty,Repair,6,39819,Petrol,Automatic,10,2050
Car,General,4,63124,Petrol,Automatic,7,5780
Car,General,9,141204,Petrol,Automatic,12,7260
Bike,General,9,84443,Petrol,Automatic,11,700
Bike,General,7,53430,Petrol,Automatic,12,1060
SUV,General,7,71530,Diesel,Manual,11,12150
Car,Major,7,98029,Petrol,Manual,9,12190
Car,Major,13,175835,Petrol,Automatic,22,18950
Car,General,3,44053,Diesel,Manual,5,6560
Car,Repair,8,128303,Petrol,Manual,14,19850
Car,General,8,91029,Petrol,Manual,15,4370
SUV,Major,2,20609,EV,Automatic,2,14350
SUV,General,2,28764,Diesel,Manual,3,9820
Car,Major,7,110143,EV,Automatic,10,11900
Car,Major,9,79843,Diesel,Manual,14,19750
Car,Major,6,46048,Petrol,Manual,8,10840
Bike,General,7,37640,Petrol,Manual,8,1150
Scooty,Major,4,17732,Petrol,Automatic,5,2420
Car,Major,5,57269,Petrol,Automatic,9,11860
SUV,Major,9,117564,Hybrid,Automatic,15,28790
SUV,Major,11,192966,Petrol,Manual,20,30990
SUV,General,2,20063,Diesel,Manual,3,10090
SUV,Major,0,1000,Petrol,Automatic,0,13390
SUV,Major,10,110759,Petrol,Manual,18,18140
Car,General,6,64438,Diesel,Automatic,11,6490
SUV,Repair,6,78411,Petrol,Automatic,7,26230
Car,Major,11,166483,Petrol,Manual,21,17700
SUV,General,8,133810,Diesel,Manual,12,12340
Car,General,5,76228,Diesel,Manual,8,6470
Car,Major,7,56226,Petrol,Automatic,13,12610
SUV,General,4,58370,Hybrid,Automatic,6,7580
Car,General,14,190487,Diesel,Automatic,27,5840
SUV,General,4,64567,Diesel,Automatic,6,11000
SUV,Major,4,73210,EV,Automatic,6,12730
SUV,General,4,51522,Diesel,Manual,7,11130
Car,General,6,70416,Diesel,Manual,11,4690
SUV,Major,2,26034,Diesel,Manual,2,16990
SUV,General,7,90762,Petrol,Automatic,12,9540
SUV,General,7,127616,Hybrid,Manual,9,8250
Car,Major,9,131317,Diesel,Manual,11,14450
SUV,Major,6,104917,Hybrid,Manual,10,25370
SUV,Major,2,40863,Petrol,Manual,3,14020
Car,Major,7,83231,Hybrid,Manual,8,14160
Bike,Repair,10,71950,Petrol,Manual,15,5760
SUV,Repair,7,122889,Petrol,Manual,9,26660
Car,General,2,23932,Petrol,Manual,3,3620
Scooty,Repair,6,46335,Petrol,Automatic,7,2410
Electric Scooter,General,3,17470,EV,Automatic,4,770
Bike,Major,6,33002,Petrol,Manual,8,3270
Car,General,0,2728,Diesel,Manual,0,4480
SUV,General,8,119408,Diesel,Automatic,13,9080
Car,General,5,71077,Diesel,Automatic,8,7720
Electric Scooter,General,0,500,EV,Automatic,0,560
Bike,Repair,11,106905,Petrol,Automatic,15,5980
Car,General,6,78968,Petrol,Manual,7,5250
Car,General,2,17914,EV,Automatic,3,4200
Bike,General,4,38067,Petrol,Manual,4,580
SUV,General,11,150359,Diesel,Automatic,21,11140
SUV,Major,4,43452,Diesel,Automatic,6,29250
SUV,Major,3,48116,Hybrid,Manual,4,21440
Bike,General,12,76764,Petrol,Manual,23,1160
Electric Scooter,Major,1,8467,EV,Automatic,1,1210
Scooty,General,3,17322,Petrol,Automatic,5,530
Car,General,8,80338,Petrol,Automatic,10,6530
Car,Major,10,84066,Diesel,Manual,16,19890
Scooty,Major,1,6274,Petrol,Automatic,1,1250
SUV,Repair,4,74613,Diesel,Manual,6,20010
SUV,Major,13,174186,Hybrid,Manual,17,31230
Bike,General,6,55827,Petrol,Manual,11,810
Electric Scooter,General,1,9653,EV,Automatic,1,460
Bike,General,4,38990,Petrol,Automatic,5,540
Electric Bike,Major,0,500,EV,Automatic,0,1350
Electric Scooter,General,1,6408,EV,Automatic,1,700
Car,Major,2,25457,Petrol,Automatic,2,14950
Bike,Major,11,68825,Petrol,Manual,17,3590
SUV,General,3,34406,Diesel,Manual,5,9630
Scooty,General,11,78152,Petrol,Automatic,19,650
SUV,General,10,186279,Diesel,Manual,18,8460
SUV,Repair,4,58954,Petrol,Automatic,6,15990
Bike,General,3,20815,Petrol,Manual,5,1110
Scooty,General,8,41411,Petrol,Automatic,15,650
SUV,Repair,5,48604,Petrol,Manual,9,18960
Car,General,3,42630,Petrol,Automatic,3,4120
SUV,Major,7,82664,Diesel,Automatic,10,25960
Electric Scooter,General,1,3516,EV,Automatic,1,620
Bike,Major,5,37527,Petrol,Manual,9,2400
Car,General,7,88910,Diesel,Manual,13,7500
Car,Major,9,81001,Diesel,Manual,14,20370
Electric Scooter,General,0,500,EV,Automatic,0,620
Electric Scooter,Repair,1,7843,EV,Automatic,1,1290
Car,General,4,62992,Petrol,Manual,7,3840
SUV,Major,8,162964,Hybrid,Manual,15,31780
Car,General,12,129100,Petrol,Manual,20,4800
Scooty,Major,9,51189,Petrol,Automatic,15,2380
Electric Scooter,General,1,7164,EV,Automatic,1,620
Car,General,6,86195,Petrol,Manual,7,4280
Car,General,11,100219,Petrol,Manual,13,6060
Car,General,10,100083,Petrol,Manual,19,4570
Bike,Major,2,17278,Petrol,Manual,2,1770
SUV,General,8,157778,Petrol,Manual,11,6030
Bike,General,4,33800,Petrol,Manual,7,1110
Car,General,6,59274,Diesel,Manual,8,6180
Car,Major,4,43827,Diesel,Automatic,5,11030
SUV,Major,3,44128,EV,Automatic,5,15970
Bike,Repair,3,21154,Petrol,Manual,4,3130
Car,Major,2,26617,Petrol,Automatic,3,15310
SUV,Repair,6,108208,Diesel,Manual,7,25660
Scooty,General,8,63613,Petrol,Automatic,14,680
SUV,General,7,140910,Diesel,Manual,10,10470
Car,General,13,208086,Diesel,Manual,18,5930
Electric Scooter,Major,2,14473,EV,Automatic,2,1650
Electric Bike,General,1,6581,EV,Automatic,1,820
SUV,Major,12,227135,Hybrid,Automatic,17,34220
Bike,General,5,27309,Petrol,Manual,7,620
SUV,Major,11,201738,Petrol,Automatic,13,32380
Bike,Major,4,33124,Petrol,Manual,5,3170
Electric Bike,General,2,13563,EV,Automatic,3,720
Car,General,11,109121,Petrol,Manual,17,4750
Electric Scooter,Major,2,13696,EV,Automatic,3,1300
SUV,General,10,146608,EV,Automatic,17,5750
Bike,Major,5,29848,Petrol,Manual,6,3280
Scooty,Major,6,40557,Petrol,Automatic,11,1530
Scooty,General,10,72228,Petrol,Automatic,16,810
Car,Major,7,76622,Petrol,Automatic,11,13720
Scooty,General,6,46441,Petrol,Automatic,7,660
Bike,General,5,37324,Petrol,Manual,8,820
SUV,General,1,15793,Petrol,Automatic,1,6240
Scooty,General,4,29329,Petrol,Automatic,6,720
SUV,General,8,131783,Petrol,Automatic,13,9500
Bike,Major,10,77539,Petrol,Manual,14,2860
SUV,General,5,77160,Diesel,Automatic,9,11120
Bike,Major,2,16790,Petrol,Manual,3,1620
Car,Major,8,82791,Diesel,Automatic,10,22090
Scooty,Repair,5,39226,Petrol,Automatic,9,2930
Electric Scooter,General,2,15486,EV,Automatic,3,620
Car,General,12,190279,Petrol,Manual,20,4420
Car,General,11,172620,EV,Automatic,15,3610
SUV,Major,2,35977,Diesel,Manual,2,16820
SUV,Repair,9,126632,Diesel,Automatic,17,45150
Bike,Repair,9,74576,Petrol,Manual,17,3290
SUV,General,3,36882,Hybrid,Automatic,5,5950
Scooty,Major,2,15284,Petrol,Automatic,2,1940
Electric Scooter,Major,1,8943,EV,Automatic,1,1290
SUV,Major,2,26245,EV,Automatic,3,13220
Bike,Repair,6,32899,Petrol,Manual,9,2470
Car,Repair,3,35365,Petrol,Manual,3,10630
Scooty,Major,6,42454,Petrol,Automatic,10,2090
Car,Major,6,58277,Petrol,Manual,9,13730
Electric Scooter,Repair,3,19249,EV,Automatic,3,1320
Bike,Repair,7,68076,Petrol,Automatic,11,4360
Car,General,12,134948,EV,Automatic,15,5280
SUV,General,4,39600,Diesel,Automatic,4,10900
SUV,General,9,94407,Petrol,Automatic,14,9090
Car,General,3,29979,Petrol,Manual,5,4660
Car,Major,8,89241,Petrol,Automatic,10,12420
Car,Major,12,179826,Diesel,Automatic,18,19100
Electric Bike,General,4,36669,EV,Automatic,5,680
SUV,Repair,7,74447,Diesel,Manual,11,28030
Car,General,4,59302,Petrol,Automatic,5,5760
SUV,General,7,75849,Diesel,Automatic,9,9130
Bike,Major,1,9748,Petrol,Manual,1,1680
Car,General,7,79529,Petrol,Manual,11,6050
Car,General,6,92690,Petrol,Manual,7,5750
SUV,Major,3,50702,Diesel,Automatic,4,25510
Bike,General,3,15287,Petrol,Automatic,4,740
Car,General,4,37222,Diesel,Manual,6,4530
Bike,Major,6,48295,Petrol,Manual,10,3230
Car,General,11,168950,Petrol,Manual,16,4650
Electric Scooter,General,2,8178,EV,Automatic,3,440
Scooty,General,8,56705,Petrol,Automatic,14,880
Car,Major,3,24862,Petrol,Manual,5,8970
Electric Bike,Major,1,8058,EV,Automatic,1,1190
Car,General,6,81016,Diesel,Manual,9,6100
Scooty,General,4,18292,Petrol,Automatic,5,780
Bike,General,0,500,Petrol,Manual,0,580
SUV,Repair,3,59027,Diesel,Manual,4,26790
SUV,General,8,105895,Diesel,Automatic,13,9250
Scooty,Repair,11,71312,Petrol,Automatic,19,2800
SUV,Repair,2,22943,Diesel,Automatic,3,25160
Bike,General,8,61824,Petrol,Manual,14,860
Bike,Major,7,37065,Petrol,Manual,10,1950
Bike,General,9,91456,Petrol,Manual,15,650
Car,General,7,109866,Hybrid,Automatic,9,6970
SUV,General,1,19919,Petrol,Automatic,1,6750
Car,General,6,87656,Diesel,Manual,7,5990
SUV,General,11,205328,Diesel,Automatic,19,12290
Car,Major,2,24892,Diesel,Automatic,3,12250
Car,Major,8,118739,Petrol,Automatic,11,19150
Car,Major,5,50803,Hybrid,Automatic,8,15130
Car,General,6,74748,Diesel,Automatic,7,7890
Car,Repair,5,73201,Petrol,Automatic,6,14380
SUV,General,6,102889,Petrol,Manual,8,7250
Car,General,1,11587,Petrol,Automatic,1,4520
Bike,Major,4,39734,Petrol,Manual,6,1540
Car,Major,9,78207,Petrol,Automatic,11,18190
Bike,Major,11,106238,Petrol,Manual,21,3630
SUV,General,7,125476,Diesel,Automatic,9,8800
SUV,Major,5,54598,Diesel,Automatic,7,30030
Electric Scooter,Major,1,5172,EV,Automatic,1,1070
Car,General,8,92611,Petrol,Manual,15,3320
Car,Repair,9,124599,EV,Automatic,11,16310
Scooty,General,5,19472,Petrol,Automatic,6,960
Car,General,6,81953,Diesel,Manual,10,5510
Car,Repair,4,42753,Petrol,Automatic,7,10020
Car,General,9,127547,Diesel,Automatic,10,8520
Scooty,General,10,71266,Petrol,Automatic,12,920
Scooty,Repair,6,27371,Petrol,Automatic,9,1690
Car,General,4,49336,Petrol,Manual,5,4070
Car,General,3,39753,Petrol,Manual,5,3700
SUV,General,5,76419,Petrol,Automatic,6,7500
Bike,General,11,74388,Petrol,Automatic,16,1240
SUV,General,8,129470,Petrol,Automatic,12,7350
Car,General,8,66888,Petrol,Manual,14,6180
SUV,Major,7,107410,Petrol,Manual,10,18760
SUV,Repair,5,81692,Diesel,Automatic,7,31520
Scooty,General,3,22870,Petrol,Automatic,5,750
Car,General,12,134250,Diesel,Manual,21,7140
SUV,General,11,200246,Diesel,Manual,19,12900
Car,General,3,45019,Diesel,Automatic,5,5340
SUV,General,7,95190,Diesel,Manual,13,7730
Scooty,General,5,33401,Petrol,Automatic,7,790
Bike,Major,2,12205,Petrol,Manual,3,2310
Bike,Repair,3,25546,Petrol,Manual,4,2310
Car,Major,11,140130,Diesel,Manual,19,16720
Scooty,Major,3,20152,Petrol,Automatic,4,1300
Bike,Major,11,102230,Petrol,Manual,13,2270
SUV,General,1,18324,Petrol,Manual,1,5680
Electric Bike,Major,4,25793,EV,Automatic,6,1450
Car,General,9,96240,Diesel,Automatic,13,5820
Car,General,10,113750,Petrol,Automatic,16,5980
Bike,General,4,37315,Petrol,Automatic,6,690
Electric Scooter,Major,2,7979,EV,Automatic,3,1320
Car,Major,8,81020,EV,Automatic,14,9920
Bike,General,3,19905,Petrol,Manual,4,540
Electric Bike,General,0,500,EV,Automatic,0,460
Car,General,2,20919,Petrol,Automatic,3,4470
Electric Scooter,Major,2,13366,EV,Automatic,3,1470
Car,General,6,75921,EV,Automatic,7,3220
Car,General,14,162369,Diesel,Automatic,22,7280
Bike,General,5,29098,Petrol,Manual,8,930
SUV,Repair,6,98991,Diesel,Manual,11,22030
Car,Repair,7,101075,Petrol,Manual,12,18120
Scooty,General,6,36884,Petrol,Automatic,10,750
Car,Major,8,91912,Petrol,Manual,12,16760
Bike,Repair,3,25849,Petrol,Automatic,5,2310
Car,Repair,3,26165,Petrol,Manual,4,11940
Electric Scooter,Repair,3,14080,EV,Automatic,5,1510
Car,Major,11,155024,EV,Automatic,20,11030
Car,General,5,79064,Hybrid,Automatic,8,5710
Scooty,General,3,18810,Petrol,Automatic,4,480
SUV,General,8,92903,EV,Automatic,9,6510
Scooty,Major,4,27858,Petrol,Automatic,7,2390
Car,General,3,22605,Petrol,Manual,4,3880
Car,Major,6,77308,Petrol,Automatic,9,13240
Car,Repair,14,129000,Hybrid,Manual,26,17330
Car,General,12,112251,Petrol,Manual,21,5810
SUV,Repair,0,2247,Petrol,Manual,0,12280
SUV,Major,1,19322,Petrol,Manual,1,19450
Bike,General,6,36199,Petrol,Automatic,11,750
SUV,General,9,132013,Petrol,Manual,16,9100
Car,Major,8,117498,Diesel,Manual,11,17230
Car,General,9,97510,Petrol,Manual,12,3720
SUV,Major,3,59075,Diesel,Manual,3,16030
Car,General,9,125073,EV,Automatic,14,4020
Bike,Major,4,26382,Petrol,Manual,5,1980
Bike,Repair,6,34960,Petrol,Manual,11,2090
Scooty,General,8,37593,Petrol,Automatic,13,520
Bike,Major,3,27849,Petrol,Automatic,5,1740
Scooty,Repair,4,21231,Petrol,Automatic,7,2170
SUV,General,1,7886,Diesel,Manual,1,7480
Car,General,9,76116,Petrol,Manual,17,5350
Car,Major,6,66238,Petrol,Manual,8,14630
Scooty,General,9,46704,Petrol,Automatic,13,1050
SUV,Major,12,139398,Petrol,Manual,14,25780
Car,General,9,110586,Diesel,Manual,11,6820
Scooty,General,3,21124,Petrol,Automatic,5,590
Bike,General,4,23178,Petrol,Manual,7,1260
Car,General,5,53082,Petrol,Automatic,9,6050
SUV,General,8,97771,Petrol,Manual,14,6320
Car,Major,6,96846,Diesel,Automatic,9,17900
Scooty,Repair,5,23249,Petrol,Automatic,9,2190
SUV,General,2,36983,Diesel,Manual,3,7830
SUV,General,3,64979,Petrol,Manual,5,8320
Scooty,Major,13,73452,Petrol,Automatic,25,3210
SUV,Repair,7,113024,Diesel,Manual,10,30410
SUV,Repair,4,77586,Petrol,Automatic,6,21940
Car,Repair,2,33176,Petrol,Manual,2,12180
SUV,Major,8,110396,Hybrid,Manual,13,22360
SUV,Repair,6,78973,Petrol,Manual,8,20720
Car,General,4,46717,Petrol,Automatic,6,5450
Car,General,10,139258,EV,Automatic,12,4890
Bike,General,2,16337,Petrol,Manual,2,820
SUV,General,4,72576,Diesel,Manual,6,8640
Car,General,7,87866,Diesel,Automatic,13,6660
Car,General,13,107234,Diesel,Manual,19,7220
Car,General,9,105910,Petrol,Manual,14,5700
Bike,Major,1,7027,Petrol,Manual,1,1860
Car,Major,10,148472,Diesel,Manual,18,17640
Bike,General,7,65712,Petrol,Manual,8,760
Car,General,7,82957,EV,Automatic,11,4120
Bike,General,11,73473,Petrol,Manual,20,730
Car,Major,9,110550,EV,Automatic,11,12740
Bike,General,11,108877,Petrol,Manual,13,710
Scooty,General,3,13374,Petrol,Automatic,3,540
Scooty,General,4,18624,Petrol,Automatic,6,460
Car,Major,4,57712,Diesel,Automatic,6,16620
Car,Major,7,84255,Diesel,Manual,10,16030
Car,General,6,79663,Petrol,Manual,10,4250
Bike,Major,3,19093,Petrol,Manual,4,3060
Car,General,8,89638,Diesel,Manual,12,4350
Electric Scooter,Major,2,13047,EV,Automatic,3,1270
SUV,Major,6,67226,Petrol,Automatic,10,16990
SUV,General,4,46394,Diesel,Automatic,7,7810
Bike,General,1,6672,Petrol,Manual,1,1130
Electric Scooter,General,3,15914,EV,Automatic,4,610
Car,General,5,57730,Petrol,Automatic,7,4220
Car,General,5,49616,Diesel,Manual,7,4480
Car,General,5,61483,Petrol,Manual,6,3700
Car,General,4,33480,Petrol,Manual,6,4070
Bike,Major,12,98953,Petrol,Manual,19,4390
Car,Major,2,16159,Diesel,Manual,2,9440
Car,Major,2,35081,Hybrid,Manual,3,8880
Scooty,Repair,6,39987,Petrol,Automatic,11,2760
Car,General,7,72297,Diesel,Manual,12,5530
Car,General,9,82800,Hybrid,Manual,11,4200
SUV,General,8,88369,Diesel,Manual,15,9120
SUV,Repair,4,70825,Diesel,Manual,5,28850
Electric Scooter,General,2,16052,EV,Automatic,2,580
SUV,General,12,192355,Diesel,Manual,22,10280
Bike,General,3,24383,Petrol,Manual,5,690
Bike,Repair,3,18766,Petrol,Automatic,5,2530
SUV,General,10,194267,Hybrid,Manual,19,11120
Car,Major,4,32131,EV,Automatic,6,10600
Scooty,Major,4,25422,Petrol,Automatic,7,1980
Car,Major,4,38860,Diesel,Automatic,7,15010
Car,Repair,9,120160,Diesel,Manual,11,23590
Scooty,Major,4,22131,Petrol,Automatic,6,1840
Car,Repair,13,186512,Petrol,Manual,19,27080
Bike,General,2,18400,Petrol,Manual,2,1000
Bike,Repair,4,39594,Petrol,Manual,6,3050
Car,Major,4,36966,Petrol,Manual,5,11070
Car,General,10,136948,Petrol,Automatic,17,5540
Electric Bike,General,2,17353,EV,Automatic,2,420
Scooty,General,11,86171,Petrol,Automatic,21,890
SUV,General,7,120803,Petrol,Manual,11,6020
SUV,General,13,195237,Diesel,Manual,23,7810
Electric Scooter,General,1,7751,EV,Automatic,1,630
Car,General,6,87040,Diesel,Automatic,8,7430
Car,General,11,167572,Diesel,Automatic,21,6030
Car,General,4,37658,EV,Automatic,6,3320
Bike,Major,11,72964,Petrol,Automatic,19,3030
Car,General,1,13940,Hybrid,Manual,1,5230
SUV,General,1,9730,Petrol,Manual,1,6560
SUV,Repair,10,177075,Petrol,Automatic,12,32150
Car,General,3,29988,Diesel,Manual,5,6140
Scooty,Repair,5,29717,Petrol,Automatic,8,2400
Electric Scooter,Repair,1,5823,EV,Automatic,1,1260
Car,General,5,79841,Petrol,Manual,7,3510
Bike,Repair,9,77839,Petrol,Manual,15,3270
Electric Bike,General,2,18193,EV,Automatic,2,610
Bike,Major,2,15665,Petrol,Manual,2,1640
Bike,Major,10,78354,Petrol,Manual,19,2460
Electric Scooter,Major,2,12214,EV,Automatic,2,1470
Scooty,Repair,3,18284,Petrol,Automatic,5,1500
Scooty,Major,6,38574,Petrol,Automatic,11,1420
Bike,Major,14,82262,Petrol,Manual,18,4430
Bike,Major,7,66341,Petrol,Manual,12,2760
Car,Major,10,83592,Petrol,Automatic,13,14290
Car,General,6,60357,Diesel,Manual,7,6640
Bike,General,7,67193,Petrol,Manual,10,1060
SUV,Major,6,72913,Petrol,Automatic,7,21600
Car,General,5,60288,Diesel,Manual,8,5490
Scooty,General,3,15659,Petrol,Automatic,4,520
Scooty,Major,6,38307,Petrol,Automatic,11,2520
Scooty,Major,7,49699,Petrol,Automatic,13,2700
Car,Major,3,38754,Diesel,Automatic,5,17950
SUV,General,7,90863,Diesel,Automatic,13,9940
Car,General,5,46059,Petrol,Manual,8,4220
Car,Repair,6,56008,Petrol,Automatic,11,13320
Car,General,2,30440,Petrol,Manual,3,3120
Car,General,3,30699,Petrol,Automatic,3,5000
Scooty,General,10,52703,Petrol,Automatic,16,970
SUV,Major,2,31274,Diesel,Manual,2,20640
Car,General,2,21932,EV,Automatic,2,3260
SUV,General,9,139280,Diesel,Automatic,11,11570
Car,Major,13,206268,Petrol,Manual,23,20710
Bike,Major,12,76295,Petrol,Manual,23,3710
SUV,General,5,58829,Diesel,Automatic,9,7790
Car,Repair,13,188759,Diesel,Automatic,19,29440
Car,General,3,25890,Hybrid,Manual,4,4370
Car,Repair,1,10896,Petrol,Manual,1,6810
SUV,Major,8,146939,Diesel,Manual,12,26100
Scooty,General,9,60479,Petrol,Automatic,11,760
Bike,Major,1,6708,Petrol,Manual,1,2480
Car,General,5,60516,Diesel,Automatic,6,7660
Car,General,10,160610,Petrol,Manual,17,4280
SUV,General,5,102212,Petrol,Automatic,9,8090
Car,General,2,30602,Petrol,Manual,3,3410
Electric Bike,Major,1,8005,EV,Automatic,1,1200
SUV,Repair,4,54958,Hybrid,Automatic,7,23230
Scooty,General,3,15013,Petrol,Automatic,5,610
SUV,Major,5,70507,Diesel,Automatic,8,27410
Scooty,Major,12,82398,Petrol,Automatic,22,2960
Car,General,5,59206,Petrol,Manual,7,3290
Bike,Major,5,33556,Petrol,Manual,6,2610
Car,Repair,5,49139,Diesel,Automatic,7,21510
SUV,General,7,82697,Diesel,Manual,10,9970
Bike,General,13,81047,Petrol,Manual,16,1130
SUV,Major,5,102404,Diesel,Manual,8,16310
Bike,General,10,82306,Petrol,Manual,19,1320
SUV,General,6,77233,Diesel,Automatic,10,9130
Bike,Repair,3,26937,Petrol,Manual,3,1940
Car,General,4,41080,Petrol,Automatic,5,4680
SUV,Repair,6,112094,Petrol,Manual,10,20130
SUV,General,3,44746,Diesel,Manual,5,6370
Car,General,11,160740,Petrol,Automatic,17,5550
Scooty,General,11,58946,Petrol,Automatic,16,990
Car,General,15,214435,Petrol,Automatic,24,5550
Car,General,2,27258,Hybrid,Automatic,3,6230
Car,Major,4,57486,Diesel,Manual,5,15240
Car,Major,7,80600,Diesel,Manual,11,18420
Scooty,General,5,29647,Petrol,Automatic,6,650
Scooty,Major,11,47650,Petrol,Automatic,20,2210
SUV,Major,9,128924,Diesel,Automatic,17,26640
Car,General,10,121007,Diesel,Manual,15,5160
SUV,Repair,11,120780,Petrol,Automatic,21,28010
Car,General,5,75410,EV,Automatic,7,3290
Car,General,5,45760,Petrol,Manual,9,3430
Car,General,7,108943,Petrol,Automatic,12,4780
Bike,General,8,67756,Petrol,Manual,14,960
SUV,General,7,116453,Diesel,Manual,10,10540
Car,Major,6,82847,Petrol,Automatic,9,13310
Electric Bike,Repair,3,17537,EV,Automatic,5,1550
SUV,General,7,84726,Diesel,Automatic,13,7960
SUV,General,4,70025,Petrol,Manual,7,8220
Scooty,General,3,20035,Petrol,Automatic,5,640
SUV,Major,7,135795,Diesel,Automatic,12,22310
Car,General,13,132005,Diesel,Manual,23,4990
Electric Scooter,Major,2,14705,EV,Automatic,3,1420
SUV,General,10,194352,Petrol,Manual,16,5910
SUV,General,11,169000,Diesel,Manual,19,8250
Bike,Major,6,47996,Petrol,Manual,9,2180
SUV,General,6,81032,Petrol,Manual,8,8030
Car,Repair,5,58265,Petrol,Manual,9,14550
SUV,General,7,121091,Petrol,Automatic,9,6990
Car,General,11,131455,Diesel,Manual,16,7410
Electric Scooter,General,2,13602,EV,Automatic,2,440
SUV,Major,3,39732,Petrol,Automatic,4,24570
Electric Bike,General,2,12547,EV,Automatic,2,860
Car,Major,9,98947,Petrol,Automatic,11,17310
SUV,General,9,110554,Hybrid,Automatic,16,8170
Car,General,10,97860,Diesel,Automatic,12,8150
Bike,Repair,5,41314,Petrol,Manual,8,3900
SUV,General,7,74469,Diesel,Manual,9,10340
SUV,General,2,21087,Diesel,Manual,3,9040
Car,General,10,89404,Petrol,Manual,12,5770
Electric Bike,General,1,8812,EV,Automatic,1,760
Car,General,4,65201,Diesel,Automatic,5,4970
Car,General,5,46714,Diesel,Manual,6,6620
Car,General,7,105887,Diesel,Manual,12,7150
Bike,General,2,19842,Petrol,Manual,3,940
Car,Repair,11,122743,Petrol,Automatic,14,26010
Scooty,General,3,15554,Petrol,Automatic,5,540
SUV,Major,5,96320,Petrol,Manual,8,17630
Car,General,3,45611,Petrol,Manual,4,4620
Bike,Repair,8,79311,Petrol,Manual,11,3960
Electric Scooter,Repair,2,13592,EV,Automatic,3,1560
Bike,General,5,38922,Petrol,Manual,6,1090
Car,Major,4,36240,Petrol,Automatic,7,14570
Bike,Repair,9,90286,Petrol,Manual,16,2940
SUV,General,3,46752,Diesel,Automatic,5,8910
SUV,Repair,0,4743,Hybrid,Automatic,0,18450
Car,Major,9,138472,Petrol,Automatic,13,16650
Car,General,9,87429,Petrol,Manual,13,4840
Car,Major,9,79515,Hybrid,Automatic,11,15870
Bike,Major,4,36512,Petrol,Manual,6,1940
Scooty,General,3,25232,Petrol,Automatic,4,870
Scooty,General,6,44755,Petrol,Automatic,9,1030
Bike,Major,2,18732,Petrol,Automatic,3,2250
SUV,Repair,7,138500,Petrol,Manual,9,27460
SUV,General,2,28636,Diesel,Automatic,3,10160
Car,General,6,69044,Diesel,Automatic,7,5060
Bike,General,1,5782,Petrol,Manual,1,870
SUV,General,8,147297,EV,Automatic,12,5450
Scooty,General,4,16972,Petrol,Automatic,5,870
Bike,General,7,62435,Petrol,Manual,12,670
Car,Repair,7,112477,Petrol,Automatic,11,16300
Car,Repair,4,65775,Petrol,Manual,5,8910
Car,Major,4,33808,Diesel,Manual,6,12890
SUV,Repair,6,112044,Diesel,Manual,8,34080
SUV,Repair,2,36539,Hybrid,Automatic,2,21090
Scooty,Major,5,39558,Petrol,Automatic,7,1710
Electric Scooter,Repair,2,9180,EV,Automatic,3,1550
Bike,Repair,13,77044,Petrol,Manual,20,5270
Car,General,7,71569,Diesel,Automatic,12,6220
Electric Bike,Major,2,13041,EV,Automatic,3,2140
SUV,Repair,3,46683,Petrol,Manual,5,17890
Car,Major,9,86888,Petrol,Manual,16,13670
Electric Scooter,General,2,12160,EV,Automatic,3,520
Car,Repair,11,99686,Diesel,Automatic,13,32030
Car,Repair,3,22802,EV,Automatic,4,7380
SUV,Major,3,46284,Diesel,Automatic,4,24150
Car,General,9,126759,Petrol,Manual,17,4640
Bike,General,11,71566,Petrol,Manual,16,1060
Car,Repair,5,54647,Petrol,Manual,9,10330
SUV,Major,4,58647,Diesel,Automatic,5,18340
Electric Bike,General,2,16067,EV,Automatic,2,670
SUV,General,5,99642,Diesel,Automatic,7,7940
Car,General,5,53603,Petrol,Automatic,9,5270
Car,Major,12,153495,Diesel,Manual,17,15650
Car,Major,5,66530,Diesel,Manual,9,19390
Car,General,9,74471,Petrol,Manual,12,4460
SUV,General,5,67772,EV,Automatic,8,6180
Car,General,4,58330,EV,Automatic,5,3080
SUV,Major,5,60587,Hybrid,Automatic,7,22220
Bike,General,2,16774,Petrol,Manual,3,770
SUV,Major,4,82291,Petrol,Manual,6,17840
Car,Major,4,56526,EV,Automatic,4,8430
Car,Major,5,59862,Petrol,Automatic,6,10960
SUV,General,7,81255,Hybrid,Automatic,10,6980
Bike,General,6,56367,Petrol,Automatic,11,1290
Electric Bike,Major,2,14598,EV,Automatic,3,1740
SUV,Repair,4,56208,Petrol,Automatic,7,19280
Scooty,General,3,12318,Petrol,Automatic,4,430
Bike,General,9,72738,Petrol,Manual,13,1210
SUV,General,1,18861,Diesel,Automatic,1,8690
Car,Repair,1,13941,Diesel,Manual,1,14140
Scooty,General,2,13813,Petrol,Automatic,3,460
SUV,General,6,96377,Diesel,Manual,11,8680
Car,Major,7,96047,Petrol,Manual,13,10140
Car,Major,3,43389,Petrol,Manual,5,8770
Bike,Major,7,46094,Petrol,Manual,10,2290
Car,Major,12,183500,Petrol,Automatic,22,13440
Bike,Major,5,34191,Petrol,Manual,7,2010
Scooty,General,9,42826,Petrol,Automatic,11,990
Car,Major,9,82716,Petrol,Manual,12,11620
Car,General,12,117797,Diesel,Automatic,19,8150
Bike,General,1,8599,Petrol,Manual,1,1110
SUV,General,2,36547,Diesel,Automatic,2,7430
SUV,Major,2,32091,Diesel,Manual,3,21470
Car,Major,7,97048,Petrol,Manual,9,14940
Scooty,General,2,11450,Petrol,Automatic,3,520
Bike,General,5,29482,Petrol,Manual,6,940
Scooty,General,4,23417,Petrol,Automatic,5,600
Car,Major,9,81493,Diesel,Manual,11,17700
Bike,General,4,35636,Petrol,Manual,5,960
Bike,General,1,9634,Petrol,Manual,1,1030
SUV,General,8,139590,Diesel,Manual,9,10310
Car,General,8,76767,Petrol,Manual,12,6070
Car,Major,5,51918,Hybrid,Automatic,9,15650
Bike,Major,7,35351,Petrol,Manual,9,1650
Car,Major,11,96123,Diesel,Manual,19,21540
Scooty,Major,2,10978,Petrol,Automatic,2,1280
Car,General,4,32820,Diesel,Automatic,5,7680
SUV,General,10,155375,Diesel,Automatic,18,11350
SUV,Repair,8,135897,Petrol,Manual,13,20520
SUV,Major,1,17148,Petrol,Automatic,1,18200
Car,General,6,80968,Petrol,Manual,10,5180
Bike,General,6,49654,Petrol,Manual,8,900
Electric Bike,General,2,15805,EV,Automatic,2,490
Electric Scooter,General,1,5673,EV,Automatic,1,690
Electric Bike,Major,3,24738,EV,Automatic,4,1470
Car,General,3,47645,Diesel,Manual,3,4580
SUV,Repair,3,59180,Diesel,Manual,3,25780
Bike,General,5,30421,Petrol,Manual,9,1130
Car,General,6,74184,Petrol,Automatic,9,5900
SUV,General,5,59474,Petrol,Automatic,9,8100
Car,General,8,90609,Petrol,Manual,14,3960
Bike,General,6,39065,Petrol,Manual,11,570
Car,Major,2,32473,Petrol,Automatic,3,12350
Bike,Repair,8,57089,Petrol,Manual,12,4070
Bike,General,5,45407,Petrol,Manual,7,600
SUV,General,6,107885,Petrol,Automatic,7,8440
Car,General,2,22835,Petrol,Automatic,2,5300
Electric Scooter,General,2,12435,EV,Automatic,2,490
Electric Scooter,General,2,10663,EV,Automatic,2,470
Scooty,Major,3,18677,Petrol,Automatic,4,1610
Scooty,General,11,55830,Petrol,Automatic,20,810
SUV,General,7,135493,Diesel,Automatic,10,10440
Electric Scooter,General,4,21410,EV,Automatic,6,390
SUV,Repair,2,18150,Petrol,Manual,3,13190
Scooty,General,6,44592,Petrol,Automatic,10,600
Scooty,Major,3,14609,Petrol,Automatic,4,1550
Bike,Major,9,79095,Petrol,Manual,14,1910
Car,General,11,132253,Hybrid,Manual,19,5820
Bike,Major,2,22309,Petrol,Automatic,3,1760
Bike,Major,4,28821,Petrol,Manual,6,1990
SUV,Major,3,51448,Diesel,Automatic,4,19130
Car,General,9,109352,Diesel,Automatic,14,6630
Bike,General,5,40457,Petrol,Manual,8,1160
Bike,General,3,16170,Petrol,Manual,5,990
Bike,General,8,43992,Petrol,Automatic,14,1050
Car,General,4,48400,Diesel,Manual,7,5020
SUV,General,5,51138,Petrol,Manual,8,8540
Electric Scooter,Major,3,14129,EV,Automatic,4,1130
Bike,General,6,43049,Petrol,Manual,9,1070
Car,General,8,90626,Diesel,Manual,15,7120
Car,Major,6,62827,Hybrid,Manual,8,10710
Bike,Major,7,63901,Petrol,Automatic,13,2470
SUV,Repair,6,107667,Petrol,Manual,10,20480
SUV,Major,12,237992,Diesel,Manual,19,43440
Scooty,Repair,3,18928,Petrol,Automatic,5,1750
Scooty,General,3,12640,Petrol,Automatic,5,640
Scooty,General,9,64876,Petrol,Automatic,12,670
Car,General,4,63748,Diesel,Automatic,4,6860
Electric Bike,General,1,7934,EV,Automatic,1,520
Car,Repair,10,136175,Petrol,Manual,19,16570
Car,General,9,119102,Petrol,Manual,14,5630
Bike,Major,6,28933,Petrol,Manual,7,2460
SUV,General,11,218703,Petrol,Manual,16,7220
SUV,General,9,168495,Petrol,Automatic,13,9400
Car,General,5,63241,Petrol,Manual,8,4780
SUV,Major,13,150144,Diesel,Automatic,24,28790
Car,Major,7,84481,Petrol,Automatic,10,16230
SUV,General,2,32415,Diesel,Manual,3,9230
Car,General,10,121230,Petrol,Manual,12,3740
SUV,General,3,33406,Petrol,Manual,5,7380
SUV,General,6,108372,EV,Automatic,8,6630
Scooty,General,4,30030,Petrol,Automatic,5,690
Bike,Repair,3,15886,Petrol,Manual,4,3230
Car,General,14,117981,Diesel,Automatic,19,6910
SUV,General,3,51278,Diesel,Automatic,3,10400
Car,General,3,36804,Petrol,Manual,4,4140
Scooty,General,3,12771,Petrol,Automatic,4,540
Car,Major,1,15102,EV,Automatic,1,9910
Electric Bike,General,1,6090,EV,Automatic,1,810
Bike,General,2,17600,Petrol,Automatic,2,690
Electric Bike,General,1,7831,EV,Automatic,1,620
Bike,General,5,39437,Petrol,Manual,7,800
SUV,Repair,4,50505,Diesel,Automatic,5,19670
Electric Scooter,General,1,6205,EV,Automatic,1,510
Bike,Major,6,58846,Petrol,Manual,10,2710
Car,General,12,107452,Petrol,Manual,20,4260
Bike,Repair,9,68427,Petrol,Manual,14,3750
SUV,General,1,14068,Diesel,Manual,1,7190
Car,Repair,4,31619,Diesel,Automatic,5,16570
Bike,General,6,33710,Petrol,Manual,9,1160
Bike,Major,4,22638,Petrol,Manual,5,2930
Car,Major,7,65111,Diesel,Manual,11,14780
Electric Scooter,General,2,11500,EV,Automatic,2,800
Scooty,General,6,36603,Petrol,Automatic,8,670
Car,Major,2,30235,EV,Automatic,2,8640
Scooty,General,9,48269,Petrol,Automatic,15,690
Bike,General,8,59759,Petrol,Manual,12,720
Car,Repair,12,122568,EV,Automatic,23,19960
SUV,General,6,91757,EV,Automatic,8,5220
SUV,General,6,74376,Petrol,Manual,7,8030
Car,General,2,20915,Petrol,Automatic,3,3990
SUV,General,13,227595,EV,Automatic,25,6930
Scooty,General,12,47294,Petrol,Automatic,21,1100
Bike,General,7,58188,Petrol,Manual,13,650
Car,General,9,83252,Petrol,Automatic,11,6540
Car,General,11,167223,Diesel,Manual,20,6870
Car,Major,4,37655,Diesel,Manual,5,16280
SUV,General,4,60537,Diesel,Manual,6,10770
Scooty,General,6,28606,Petrol,Automatic,11,870
Car,Major,10,96238,Diesel,Manual,18,17210
SUV,Major,2,26065,Petrol,Manual,3,17610
Car,General,5,67234,Diesel,Manual,9,6000
SUV,Major,5,81055,Petrol,Manual,9,19330
Scooty,General,7,53866,Petrol,Automatic,12,640
Bike,General,8,69405,Petrol,Manual,13,910
Bike,Major,2,16243,Petrol,Manual,3,2070
Car,Major,12,174382,Hybrid,Manual,15,17120
Bike,Repair,3,29951,Petrol,Manual,5,2920
SUV,General,10,146480,Petrol,Automatic,14,7660
Car,Major,11,143966,Diesel,Automatic,13,16940
Car,General,10,135031,Petrol,Automatic,15,5040
SUV,Repair,12,181715,Petrol,Automatic,20,32340
Electric Scooter,General,1,5892,EV,Automatic,1,470
Car,Major,10,157635,Petrol,Manual,16,13500
Electric Scooter,General,1,7455,EV,Automatic,1,690
SUV,Major,6,115544,Petrol,Automatic,11,17340
SUV,Major,13,140485,Petrol,Automatic,24,22560
SUV,Major,9,175189,Diesel,Automatic,17,25480
Car,Repair,10,81296,Diesel,Manual,16,23080
Car,Major,5,76071,Petrol,Manual,6,9130
SUV,General,6,78825,Diesel,Manual,10,9160
Bike,General,1,5514,Petrol,Automatic,1,1090
Bike,Major,5,38448,Petrol,Manual,7,1720
Electric Scooter,General,2,17580,EV,Automatic,3,610
Scooty,General,3,14783,Petrol,Automatic,5,630
SUV,Repair,1,16854,Hybrid,Automatic,1,20680
Car,General,4,38110,Petrol,Manual,5,3750
Car,Repair,7,64687,EV,Automatic,13,11130
Car,General,2,21502,Petrol,Manual,2,3630
SUV,Major,5,76972,Petrol,Automatic,8,25540
SUV,Repair,3,37483,Diesel,Automatic,4,18820
Bike,General,1,7907,Petrol,Manual,1,550
SUV,General,1,19673,EV,Automatic,1,4670
Bike,Repair,11,59636,Petrol,Manual,17,5450
Car,Repair,2,27467,Diesel,Automatic,3,18110
Bike,General,12,70769,Petrol,Manual,18,790
SUV,General,1,13109,Petrol,Automatic,1,5300
Bike,Repair,2,18960,Petrol,Automatic,3,2220
Bike,General,11,97933,Petrol,Manual,21,890
SUV,Major,1,13963,Petrol,Automatic,1,16980
Bike,Major,9,71787,Petrol,Manual,12,2360
Bike,Major,2,13190,Petrol,Manual,3,2370
Car,General,5,76751,Diesel,Manual,8,5330
SUV,General,3,35393,Diesel,Manual,5,6770
Car,Repair,10,138534,Petrol,Manual,15,22490
SUV,Repair,5,85405,Petrol,Manual,8,21690
Car,Repair,5,56720,Petrol,Automatic,9,16890
SUV,General,11,177140,Diesel,Manual,18,10480
Car,General,7,76316,EV,Automatic,11,4340
Scooty,Major,3,13800,Petrol,Automatic,3,2240
Car,Major,3,33195,Hybrid,Manual,5,9790
SUV,General,4,51060,Diesel,Automatic,4,11210
SUV,Repair,6,79132,Petrol,Manual,8,16370
Bike,General,12,87297,Petrol,Manual,23,1020
Car,General,10,116842,Diesel,Manual,19,6340
Bike,Major,4,37176,Petrol,Manual,5,2620
Car,Repair,8,120478,EV,Automatic,14,11170
Car,General,2,31807,Petrol,Manual,2,4970
Scooty,Major,5,27157,Petrol,Automatic,8,2210
SUV,General,0,1000,Petrol,Manual,0,6010
SUV,General,6,118050,Petrol,Automatic,9,5860
Bike,Major,5,43586,Petrol,Manual,9,3190
Car,General,7,82722,EV,Automatic,8,2910
Car,General,4,59319,Diesel,Manual,7,5220
Scooty,General,4,23074,Petrol,Automatic,7,760
Car,Major,5,44435,Diesel,Automatic,7,15400
SUV,Major,4,66013,EV,Automatic,5,15770
Car,Repair,4,53139,EV,Automatic,5,8620
Bike,General,5,24357,Petrol,Manual,8,1160
Electric Scooter,General,0,1337,EV,Automatic,0,530
Electric Bike,General,1,7294,EV,Automatic,1,640
Bike,General,3,26623,Petrol,Manual,4,910
Bike,General,0,500,Petrol,Manual,0,930
Bike,General,3,27342,Petrol,Manual,4,1000
SUV,Major,7,110002,Diesel,Manual,8,23290
SUV,General,4,76600,Diesel,Manual,7,6470
Bike,Major,8,67478,Petrol,Manual,11,2700
SUV,Major,4,75990,Petrol,Manual,5,23150
SUV,Major,3,30394,Diesel,Manual,5,19450
SUV,General,12,179537,Hybrid,Manual,17,12030
Car,Repair,4,49355,Diesel,Manual,6,11710
Electric Bike,General,2,16877,EV,Automatic,3,800
Bike,General,4,32691,Petrol,Manual,5,740
SUV,General,12,159264,Petrol,Automatic,21,8590
Electric Scooter,Repair,2,10424,EV,Automatic,2,1860
SUV,General,5,58589,Diesel,Manual,8,10120
Scooty,General,6,29239,Petrol,Automatic,10,800
Bike,General,1,10684,Petrol,Automatic,1,1090
Car,General,10,97799,Petrol,Manual,16,5040
SUV,General,12,149659,Diesel,Manual,14,10300
Bike,Repair,4,31218,Petrol,Manual,7,3860
Scooty,General,5,33211,Petrol,Automatic,8,970
Electric Scooter,Major,1,7711,EV,Automatic,1,1470
Car,Repair,4,60719,Petrol,Manual,7,9150
Car,Major,7,97549,Diesel,Automatic,11,15700
Car,General,7,93597,Diesel,Automatic,10,7160
Car,Major,4,43470,Petrol,Manual,7,14230
SUV,Major,13,203660,Petrol,Manual,17,31560
SUV,General,6,80365,Diesel,Automatic,10,7920
Bike,General,3,17551,Petrol,Manual,4,860
Bike,General,5,48543,Petrol,Manual,6,800
Scooty,General,7,56978,Petrol,Automatic,12,940
Car,General,13,133259,Hybrid,Automatic,19,7400
Car,General,2,17255,Diesel,Automatic,3,5420
SUV,Repair,6,108155,Diesel,Manual,9,31740
SUV,General,6,72528,Diesel,Manual,7,7990
Bike,Major,8,72047,Petrol,Automatic,11,2880
Bike,Major,12,82989,Petrol,Manual,18,3640
Scooty,General,7,52747,Petrol,Automatic,11,580
Bike,Major,7,54710,Petrol,Manual,10,3130
SUV,Repair,12,171620,Petrol,Manual,19,41410
Bike,General,5,40709,Petrol,Manual,9,670
Car,General,11,154653,Petrol,Manual,16,5810
Car,General,8,72805,Hybrid,Manual,11,5560
Bike,General,5,51101,Petrol,Manual,7,980
Car,Major,3,29317,Petrol,Manual,5,8730
Scooty,General,5,29887,Petrol,Automatic,8,630
Car,Repair,9,143432,EV,Automatic,12,16350
Electric Bike,General,2,15458,EV,Automatic,3,810
SUV,Major,5,98872,Diesel,Manual,9,28190
Bike,Repair,5,46131,Petrol,Manual,6,3000
Car,Repair,7,107055,Diesel,Automatic,10,19100
SUV,General,4,76313,Diesel,Manual,5,10280
Car,General,6,86647,Diesel,Manual,9,6360
Car,Major,11,144657,Diesel,Manual,13,14740
SUV,General,12,229385,Diesel,Manual,22,8090
Car,Repair,5,45136,EV,Automatic,9,12680
SUV,Major,4,58188,Diesel,Manual,6,27800
Scooty,General,9,37863,Petrol,Automatic,16,660
Bike,Major,6,32467,Petrol,Automatic,10,1870
Scooty,General,11,53795,Petrol,Automatic,18,530
Car,General,14,141878,Petrol,Manual,21,5490
Car,General,5,71873,Diesel,Automatic,7,5730
Bike,Repair,7,66717,Petrol,Manual,9,4380
SUV,Repair,1,8137,Diesel,Automatic,1,15780
Car,General,3,23021,Diesel,Automatic,3,6330
Electric Scooter,Major,2,11244,EV,Automatic,3,1630
Electric Scooter,General,3,22173,EV,Automatic,5,390
Bike,Major,12,90219,Petrol,Manual,14,2020
SUV,General,5,53152,Diesel,Manual,7,8820
Car,General,4,45134,Diesel,Automatic,5,4560
Bike,General,4,19529,Petrol,Manual,4,880
SUV,General,2,31259,Petrol,Manual,2,5700
Electric Scooter,Major,3,13493,EV,Automatic,5,1500
Scooty,Major,1,6420,Petrol,Automatic,1,1920
Bike,General,2,22510,Petrol,Automatic,2,970
Car,General,13,141625,Diesel,Automatic,22,6740
Car,General,7,86733,EV,Automatic,13,4600
Electric Bike,General,2,16391,EV,Automatic,2,540
SUV,Major,11,133929,Diesel,Manual,14,26260
Electric Scooter,General,0,500,EV,Automatic,0,550
Car,Major,2,20146,Hybrid,Automatic,3,10790
Bike,General,8,59077,Petrol,Manual,12,970
Bike,Major,8,79346,Petrol,Manual,9,2520
Bike,General,1,4731,Petrol,Manual,1,570
Electric Bike,Major,4,27356,EV,Automatic,6,2100
Bike,General,1,9130,Petrol,Manual,1,1070
SUV,General,12,200627,Diesel,Manual,18,7990
Car,Major,4,35272,Petrol,Manual,5,11120
Scooty,General,3,16744,Petrol,Automatic,3,620
SUV,General,2,20546,Diesel,Automatic,2,7900
Car,Major,4,57246,EV,Automatic,7,10440
SUV,General,9,124553,Petrol,Manual,11,7980
Bike,Major,6,33967,Petrol,Automatic,10,2440
Bike,General,5,36761,Petrol,Manual,7,550
Car,Major,2,24537,Diesel,Manual,3,9000
Electric Bike,General,3,21084,EV,Automatic,5,660
SUV,General,2,27541,Diesel,Automatic,2,9100
Electric Bike,Major,1,8671,EV,Automatic,1,1740
SUV,General,5,55415,EV,Automatic,9,4420
SUV,Repair,3,49640,Hybrid,Manual,5,24310
Scooty,Major,4,24668,Petrol,Automatic,6,1660
SUV,Major,8,146259,Petrol,Automatic,12,25790
Electric Scooter,Major,2,12507,EV,Automatic,2,1010
Bike,Repair,5,42311,Petrol,Manual,6,3620
Bike,Major,4,25627,Petrol,Manual,6,2380
Bike,General,6,36486,Petrol,Manual,7,1030
Car,Repair,10,85102,Petrol,Manual,19,17910
Bike,General,9,46112,Petrol,Manual,12,820
Electric Bike,Major,3,20713,EV,Automatic,4,1720
Scooty,General,8,57787,Petrol,Automatic,10,700
Electric Scooter,General,3,13471,EV,Automatic,5,500
Bike,Major,5,42124,Petrol,Automatic,9,3190
Car,Major,4,56794,Petrol,Automatic,5,14470
SUV,Major,3,50335,Hybrid,Manual,3,15480
Car,Repair,11,154170,Diesel,Automatic,19,29110
Scooty,General,4,28529,Petrol,Automatic,4,620
SUV,General,2,27331,Diesel,Automatic,3,7840
Car,Major,7,63134,Diesel,Manual,12,19240
SUV,General,2,18708,Diesel,Automatic,2,9380
Scooty,Major,3,15306,Petrol,Automatic,5,1810
SUV,Major,3,55246,Diesel,Manual,5,16000
SUV,Repair,8,159819,Diesel,Automatic,13,37600
Scooty,General,2,8166,Petrol,Automatic,2,550
SUV,General,2,33914,EV,Automatic,3,4410
Car,Major,12,163562,EV,Automatic,14,12510
Car,General,3,39125,Diesel,Manual,5,6710
SUV,Repair,4,37268,EV,Automatic,7,16730
Bike,Repair,11,85900,Petrol,Automatic,16,3570
Scooty,General,11,83520,Petrol,Automatic,13,990
Car,General,7,82345,Diesel,Automatic,12,5620
SUV,General,4,65857,Diesel,Automatic,5,7390
Car,Repair,12,104212,Hybrid,Manual,21,15720
Car,Major,3,32474,Petrol,Manual,4,10380
Scooty,General,2,11589,Petrol,Automatic,2,890
Car,General,6,57344,Diesel,Manual,8,4930
SUV,General,2,36857,Diesel,Automatic,3,8120
Scooty,Repair,12,93491,Petrol,Automatic,22,3480
Bike,General,6,57856,Petrol,Manual,10,860
SUV,Major,8,113922,Petrol,Manual,15,18980
Car,General,6,59205,Petrol,Automatic,10,5510
Car,Repair,4,61300,Diesel,Manual,6,15830
SUV,General,1,16188,Petrol,Automatic,1,7980
SUV,Repair,4,63909,Diesel,Automatic,7,27550
Scooty,Major,3,14352,Petrol,Automatic,4,1860
Bike,General,10,49274,Petrol,Automatic,14,1150
Car,Major,11,156795,Diesel,Automatic,15,20390
SUV,General,4,70052,Diesel,Automatic,5,9010
Car,General,2,35423,Petrol,Automatic,3,5040
Car,General,1,11843,Diesel,Manual,1,4650
SUV,General,13,175800,Diesel,Automatic,19,12780
SUV,Repair,8,136947,EV,Automatic,12,18430
Car,Major,9,75374,Petrol,Manual,15,16310
Car,General,7,109219,Petrol,Manual,12,4180
SUV,Repair,0,4097,Petrol,Automatic,0,18770
SUV,Repair,5,85180,Diesel,Manual,6,29760
Electric Bike,Major,1,8542,EV,Automatic,1,1520
Scooty,General,13,104328,Petrol,Automatic,24,540
Bike,Major,6,53520,Petrol,Automatic,8,2060
Bike,General,5,32197,Petrol,Manual,9,600
Car,General,9,123625,Diesel,Manual,14,7710
Bike,General,2,16039,Petrol,Manual,3,1100
SUV,Major,3,50025,Diesel,Manual,5,21980
SUV,Major,8,157093,Diesel,Automatic,12,25840
Car,Repair,8,84925,Petrol,Automatic,13,16530
SUV,Repair,7,105776,Petrol,Automatic,8,24650
Scooty,Major,8,37697,Petrol,Automatic,12,1470
Scooty,Major,0,500,Petrol,Automatic,0,1960
Car,Repair,4,37039,Hybrid,Manual,5,13680
Scooty,Major,6,42609,Petrol,Automatic,7,1680
SUV,Repair,7,101183,Hybrid,Manual,13,29140
SUV,General,0,1000,Diesel,Automatic,0,7740
Car,General,1,13141,Hybrid,Automatic,1,4720
Car,Repair,8,118395,Diesel,Manual,14,20480
Car,Repair,11,119011,Petrol,Automatic,16,25260
Bike,Major,9,69596,Petrol,Manual,12,3060
SUV,General,7,89099,Diesel,Automatic,11,8050
SUV,Major,4,80396,Diesel,Manual,7,26540
Bike,General,2,16503,Petrol,Manual,3,930
Car,General,4,38692,Diesel,Automatic,7,7220
SUV,General,5,71618,Petrol,Automatic,7,6950
Bike,Major,5,31789,Petrol,Manual,7,1830
Car,Repair,2,29508,EV,Automatic,2,8760
Car,Repair,13,202413,Petrol,Manual,18,22550
Scooty,General,4,20428,Petrol,Automatic,5,410
SUV,Repair,3,52090,Diesel,Manual,4,17150
SUV,Major,5,80325,Diesel,Manual,9,24390
SUV,General,7,114851,Diesel,Automatic,10,9910
Bike,Repair,2,12580,Petrol,Manual,3,2830
Car,General,12,99648,EV,Automatic,22,4420
Scooty,Major,12,87899,Petrol,Automatic,16,2160
SUV,General,5,96069,Petrol,Manual,9,8370
Car,General,2,27688,Petrol,Manual,3,4950
SUV,General,1,11950,Diesel,Manual,1,7550
Car,Major,4,66112,Petrol,Manual,7,13090
SUV,Major,1,21144,Hybrid,Automatic,1,17410
SUV,General,8,120996,EV,Automatic,11,6170
SUV,General,8,110952,EV,Automatic,11,5480
SUV,Major,0,1996,Hybrid,Automatic,0,17990
Car,Repair,5,65312,Diesel,Manual,7,20070
SUV,General,5,69836,Petrol,Automatic,8,8690
Bike,Major,3,24681,Petrol,Automatic,5,1950
Bike,Major,5,28631,Petrol,Manual,9,2810
SUV,Major,7,120308,Diesel,Manual,12,31250
Car,General,9,106675,Petrol,Automatic,13,6180
Scooty,Repair,5,39321,Petrol,Automatic,9,2420
Car,Major,8,125965,Petrol,Automatic,10,18830
SUV,General,1,14049,Hybrid,Manual,1,7980
Car,General,5,61716,EV,Automatic,9,3950
Car,General,1,15243,Petrol,Automatic,1,4620
Car,Repair,2,34076,Petrol,Manual,2,10740
Car,Repair,1,13114,Petrol,Manual,1,6560
Bike,Major,5,44735,Petrol,Automatic,6,3120
Scooty,Major,8,51492,Petrol,Automatic,14,2810
Electric Scooter,Major,3,14217,EV,Automatic,4,1760
Car,General,12,194765,Petrol,Automatic,19,6060
SUV,Major,7,98523,Diesel,Automatic,8,30550
SUV,Major,11,207545,Hybrid,Manual,14,32460
Scooty,General,5,35294,Petrol,Automatic,7,840
SUV,General,9,152840,Diesel,Automatic,12,8970
SUV,General,3,34736,Hybrid,Automatic,4,9910
Bike,General,6,49119,Petrol,Automatic,9,990
Bike,General,4,25044,Petrol,Manual,7,1010
Car,Major,5,60702,Diesel,Automatic,7,13270
SUV,Major,4,45392,Petrol,Automatic,5,19990
SUV,General,11,163089,Diesel,Manual,16,12330
Bike,Repair,12,109414,Petrol,Manual,19,4820
Scooty,Major,3,20531,Petrol,Automatic,5,1100
Bike,General,11,101753,Petrol,Manual,21,1330
Bike,General,3,23462,Petrol,Manual,5,1190
Scooty,General,9,45802,Petrol,Automatic,17,590
SUV,General,5,58377,Diesel,Automatic,7,12090
Car,General,5,74338,Diesel,Manual,9,6760
Electric Scooter,Repair,1,8744,EV,Automatic,1,1190
Scooty,General,4,27577,Petrol,Automatic,7,660
Bike,General,10,64454,Petrol,Automatic,14,850
Bike,General,1,10607,Petrol,Manual,1,620
Bike,Major,10,72272,Petrol,Manual,19,3390
Car,General,10,123890,Hybrid,Automatic,13,6030
SUV,General,7,131344,Petrol,Manual,12,6800
Bike,General,0,500,Petrol,Manual,0,690
Bike,General,2,21231,Petrol,Manual,3,1170
Car,Major,9,78168,Petrol,Automatic,14,15010
Car,Major,10,113620,Hybrid,Automatic,18,15240
Car,General,3,34532,Petrol,Manual,3,4260
Car,Major,12,136067,Diesel,Manual,14,15820
SUV,General,5,64371,Diesel,Manual,6,7190
Car,General,5,67415,Petrol,Automatic,6,5330
Car,Repair,6,90333,Diesel,Automatic,9,18120
Electric Scooter,General,1,5778,EV,Automatic,1,450
Scooty,Major,3,21640,Petrol,Automatic,3,1720
Bike,Repair,4,24664,Petrol,Manual,7,2410
Bike,Major,2,14803,Petrol,Manual,3,2950
Electric Scooter,Repair,1,5557,EV,Automatic,1,1180
Bike,Major,6,38910,Petrol,Manual,8,2000
Car,Major,10,119886,Petrol,Automatic,16,18110
SUV,General,6,70039,Diesel,Manual,9,8650
Car,General,6,67056,Hybrid,Manual,7,4300
Bike,Repair,11,94099,Petrol,Manual,15,2890
Car,Major,8,104519,Petrol,Manual,12,15020
Car,Major,11,167743,Petrol,Manual,16,19710
Car,General,8,83313,Diesel,Automatic,9,5540
Bike,Repair,12,63011,Petrol,Manual,19,2800
SUV,General,6,96110,Diesel,Manual,8,9690
Car,Major,7,86723,Diesel,Manual,13,18970
Bike,Major,10,65492,Petrol,Manual,16,2230
Car,General,3,29083,Diesel,Manual,5,5690
Car,General,3,33510,Petrol,Manual,3,2930
Bike,General,2,12896,Petrol,Manual,3,620
SUV,General,1,22120,Diesel,Automatic,1,10510
Electric Scooter,General,2,9934,EV,Automatic,3,690
SUV,General,5,60295,Diesel,Automatic,8,12160
Car,General,6,55905,Diesel,Manual,9,7010
Car,General,3,28960,Diesel,Automatic,4,7300
Car,General,7,94002,Diesel,Automatic,9,7390
Car,General,8,109284,Petrol,Automatic,15,6120
Bike,Major,13,120626,Petrol,Automatic,18,4690
Car,General,6,92977,Diesel,Automatic,8,6720
Car,Major,11,129526,Diesel,Automatic,20,19910
Car,Major,9,122765,Petrol,Manual,15,13600
Scooty,Repair,7,38029,Petrol,Automatic,9,2690
Car,Major,4,61899,Diesel,Manual,7,10540
SUV,General,3,56766,EV,Automatic,4,5630
Car,Major,7,61584,Petrol,Automatic,8,12230
Scooty,Major,5,34692,Petrol,Automatic,8,1210
Electric Bike,General,2,15326,EV,Automatic,3,690
Car,General,3,38197,Petrol,Automatic,3,4130
Car,General,9,73816,Petrol,Manual,13,4350
SUV,Repair,9,174082,Diesel,Manual,11,31920
Car,Repair,2,19882,Diesel,Manual,2,12140
Bike,General,9,63855,Petrol,Manual,11,690
SUV,Repair,3,33143,Diesel,Manual,4,21970
Car,Repair,11,125481,Petrol,Manual,16,16840
Electric Scooter,Major,1,6108,EV,Automatic,1,1440
SUV,Major,7,74688,Diesel,Automatic,8,26310
SUV,Major,8,99634,Petrol,Automatic,13,17860
Scooty,General,7,48720,Petrol,Automatic,8,780
Scooty,General,6,44681,Petrol,Automatic,11,850
Car,Major,12,147122,EV,Automatic,15,14320
Scooty,Major,4,16746,Petrol,Automatic,6,2330
Car,Major,10,139111,Diesel,Manual,18,14890
Car,General,10,120743,Hybrid,Manual,12,6770
Car,General,3,41733,Diesel,Manual,4,4670
Bike,General,6,36164,Petrol,Manual,7,950
SUV,Major,4,73871,EV,Automatic,7,13150
Electric Bike,General,1,10342,EV,Automatic,1,770
Car,Major,7,87881,Petrol,Manual,13,8760
Electric Scooter,General,1,5437,EV,Automatic,1,470
Car,General,9,130779,Diesel,Automatic,12,7720
Car,General,3,40078,Hybrid,Automatic,5,4910
SUV,Major,6,105006,EV,Automatic,9,14130
SUV,General,1,16758,Diesel,Automatic,1,7080
Scooty,General,9,65912,Petrol,Automatic,12,800
SUV,Major,10,188571,Petrol,Automatic,18,31020
SUV,General,7,132187,Hybrid,Automatic,10,9390
Bike,Repair,5,28575,Petrol,Manual,6,2260
Car,General,4,66443,Petrol,Manual,7,3310
Bike,General,3,17975,Petrol,Manual,5,820
Scooty,Major,5,31091,Petrol,Automatic,8,1910
Scooty,General,2,15058,Petrol,Automatic,3,560
Car,General,6,96205,Petrol,Manual,7,4130
SUV,General,3,53198,Diesel,Automatic,5,9430
Car,Major,7,98433,Petrol,Manual,8,9930
SUV,Major,0,1272,Diesel,Manual,0,21950
Bike,General,2,20570,Petrol,Manual,3,1030
Car,Repair,7,91991,Petrol,Automatic,11,12330
Bike,General,8,68693,Petrol,Manual,13,1020
Bike,Major,9,55667,Petrol,Manual,12,2780
Bike,General,7,61177,Petrol,Manual,10,1150
Bike,General,2,16755,Petrol,Manual,2,650
SUV,Repair,4,45724,Diesel,Manual,4,28340
Car,General,4,53172,Hybrid,Manual,6,3690
SUV,General,1,21531,Diesel,Automatic,1,10500
Car,Major,5,71954,Petrol,Manual,9,11930
Car,Major,10,157484,Petrol,Manual,15,12040
SUV,Repair,2,43394,EV,Automatic,3,15170
SUV,Major,9,160186,Petrol,Manual,14,29820
Car,Major,13,106647,Petrol,Automatic,25,15970
Car,Major,9,111078,Diesel,Automatic,11,19370
Bike,Major,2,16077,Petrol,Manual,3,2310
SUV,General,4,76948,Petrol,Automatic,5,7610
Car,General,3,30937,Petrol,Manual,3,4670
Scooty,General,3,13007,Petrol,Automatic,5,940
SUV,General,2,37440,Diesel,Manual,2,10220
Electric Bike,Major,2,18141,EV,Automatic,2,1370
Bike,Major,1,4762,Petrol,Manual,1,1630
Car,General,7,71565,Petrol,Manual,9,4720
Electric Scooter,Repair,4,16624,EV,Automatic,6,1570
Car,Major,7,62351,Petrol,Automatic,8,12220
SUV,Major,1,17541,Diesel,Automatic,1,20640
SUV,General,5,83634,Diesel,Manual,9,10390
Car,Major,9,118333,Petrol,Manual,11,13530
Car,Major,4,57007,Diesel,Automatic,7,14590
Scooty,Repair,8,63494,Petrol,Automatic,15,2520
Scooty,General,4,23355,Petrol,Automatic,7,600
SUV,Major,8,158684,Diesel,Manual,15,24010
Bike,General,5,28406,Petrol,Manual,9,920
SUV,Repair,7,132534,Diesel,Automatic,13,31870
Car,General,6,85354,Petrol,Automatic,11,6440
Car,General,4,50684,Petrol,Manual,7,5780
SUV,Major,7,127515,Diesel,Manual,12,22910
Car,General,3,29148,Diesel,Manual,5,4260
SUV,Major,2,33781,Diesel,Automatic,2,23150
SUV,Major,12,218765,Hybrid,Automatic,23,24500
Bike,General,10,59737,Petrol,Manual,19,920
Car,General,5,76123,Diesel,Automatic,6,6410
SUV,Major,2,17114,Diesel,Manual,3,20660
SUV,Major,10,185058,Diesel,Manual,13,32930
Car,General,7,63837,Petrol,Automatic,8,5000
Car,General,1,13266,Diesel,Manual,1,4430
SUV,Major,4,67514,Petrol,Manual,4,16450
SUV,Repair,10,172506,Petrol,Manual,19,27350
SUV,General,2,24787,Petrol,Automatic,2,7320
Car,General,6,85189,Petrol,Manual,10,4390
SUV,Major,10,198938,Diesel,Manual,15,25170
SUV,Major,2,33056,Petrol,Manual,3,18320
SUV,Major,9,163321,Diesel,Automatic,11,29340
Car,General,5,70966,Petrol,Automatic,9,6080
Electric Scooter,Repair,3,17202,EV,Automatic,4,1120
Electric Scooter,General,1,5098,EV,Automatic,1,400
Car,General,6,51161,Petrol,Manual,9,4030
SUV,Major,6,80221,Diesel,Automatic,9,22490
SUV,Repair,10,177819,Diesel,Manual,18,36900
Bike,General,2,21003,Petrol,Manual,3,890
Car,Repair,2,25229,Petrol,Automatic,3,10480
Car,General,5,63539,Petrol,Manual,6,3670
Electric Scooter,General,2,15011,EV,Automatic,3,530
SUV,General,9,139415,Petrol,Automatic,14,10970
Bike,General,5,37090,Petrol,Manual,7,620
SUV,General,10,157086,Diesel,Automatic,15,9080
Bike,General,3,29468,Petrol,Manual,3,610
Bike,General,12,66664,Petrol,Manual,23,1300
Bike,Repair,2,17957,Petrol,Manual,3,2800
Scooty,General,10,76014,Petrol,Automatic,19,930
Car,General,10,155939,Hybrid,Manual,15,5850
Car,General,5,50453,Petrol,Manual,7,5180
Car,General,11,154931,Hybrid,Manual,21,4340
Bike,Major,3,29398,Petrol,Manual,4,2180
Bike,Major,2,11507,Petrol,Manual,3,2390
Electric Bike,General,3,17469,EV,Automatic,5,670
Car,General,9,101673,Diesel,Manual,16,5200
Car,General,14,156508,EV,Automatic,17,3940
Bike,Major,1,7251,Petrol,Manual,1,2140
Car,Major,5,49860,Petrol,Manual,9,13140
Scooty,Repair,8,45255,Petrol,Automatic,12,2780
Bike,General,3,20183,Petrol,Automatic,5,920
Scooty,Major,5,39224,Petrol,Automatic,7,1450
Car,Major,4,43949,Hybrid,Automatic,6,17770
SUV,Major,0,2298,Petrol,Manual,0,14010
Scooty,Repair,12,64299,Petrol,Automatic,17,4100
Car,General,2,18979,EV,Automatic,2,3840
Electric Bike,Major,1,7914,EV,Automatic,1,1280
Scooty,Repair,3,14213,Petrol,Automatic,4,1670
SUV,General,4,62177,Hybrid,Automatic,7,9400
Car,General,8,78586,Petrol,Automatic,15,6210
Car,General,10,153484,Diesel,Automatic,16,8100
Electric Scooter,General,2,14138,EV,Automatic,3,590
Car,General,11,102323,Diesel,Manual,20,8350
SUV,General,8,104560,Diesel,Manual,12,8800
SUV,General,6,76349,Hybrid,Manual,9,7320
SUV,General,6,59346,Diesel,Manual,7,6750
Bike,General,4,33051,Petrol,Manual,7,1090
Electric Bike,General,1,7690,EV,Automatic,1,490
SUV,Major,4,56693,Hybrid,Automatic,6,18880
Scooty,Major,4,21858,Petrol,Automatic,6,1950
Car,General,9,86516,Diesel,Automatic,14,7950
Car,Repair,4,57618,Diesel,Automatic,7,13830
SUV,Repair,5,52042,Diesel,Automatic,7,31710
SUV,General,5,66054,Diesel,Manual,6,8560
Car,Major,12,149387,EV,Automatic,23,11340
Car,General,6,70767,Diesel,Manual,8,6620
Car,General,7,103949,Petrol,Manual,12,5240
Car,General,8,120374,Diesel,Manual,13,5540
SUV,Major,7,104886,Hybrid,Manual,13,21480
SUV,General,9,148583,Hybrid,Manual,16,9370
Electric Scooter,General,2,11424,EV,Automatic,3,600
Car,General,8,86184,Petrol,Automatic,15,4740
Electric Scooter,General,3,22453,EV,Automatic,5,820
Car,General,7,62583,Diesel,Manual,13,5470
Scooty,General,2,12487,Petrol,Automatic,3,530
Bike,Major,2,21399,Petrol,Manual,3,3010
SUV,General,4,59420,Petrol,Automatic,7,7870
Car,General,13,168603,Petrol,Manual,17,4350
Car,General,9,124388,Diesel,Manual,16,4540
SUV,Major,13,139955,Diesel,Automatic,19,30460
Scooty,General,2,13895,Petrol,Automatic,3,550
Scooty,Major,4,32808,Petrol,Automatic,6,1780
Bike,General,8,51822,Petrol,Manual,15,700
SUV,General,3,55867,Diesel,Manual,3,7510
Car,General,5,74489,Petrol,Manual,8,3470
Bike,General,3,19950,Petrol,Manual,4,810
Scooty,General,4,30359,Petrol,Automatic,4,810
Car,Major,6,65083,Petrol,Manual,11,10480
Car,General,6,58411,Hybrid,Manual,7,4600
Electric Bike,Major,3,17671,EV,Automatic,4,2060
Electric Scooter,Major,1,6318,EV,Automatic,1,1620
Car,General,7,105431,Diesel,Automatic,13,7690
Car,General,5,70276,Petrol,Automatic,9,4610
Electric Scooter,General,1,6106,EV,Automatic,1,690
Car,Repair,14,137021,Petrol,Manual,26,16410
SUV,General,2,18240,Petrol,Manual,3,6980
Car,Major,1,15037,Diesel,Automatic,1,13090
Bike,General,4,24125,Petrol,Manual,6,950
Car,Major,6,77043,Diesel,Automatic,9,19180
Scooty,General,7,36720,Petrol,Automatic,10,1000
Scooty,General,7,50533,Petrol,Automatic,9,920
Electric Bike,General,3,22201,EV,Automatic,4,630
Bike,General,6,50637,Petrol,Manual,7,1090
Car,General,5,54688,EV,Automatic,7,3040
Car,General,3,47993,Petrol,Manual,5,3940
Car,General,4,31055,Petrol,Manual,7,4130
Car,General,14,177759,Petrol,Manual,23,4130
Bike,General,1,5630,Petrol,Manual,1,670
SUV,General,12,171892,Petrol,Manual,22,9530
Car,General,4,47019,Petrol,Manual,7,5490
SUV,Major,8,126928,Hybrid,Automatic,14,30380
Electric Scooter,General,4,23255,EV,Automatic,5,450
Car,General,6,91873,Hybrid,Manual,8,4550
Car,Repair,7,71478,Petrol,Manual,13,13050
Car,General,7,61440,Petrol,Manual,11,4790
SUV,Major,10,142360,Diesel,Automatic,13,39580
Bike,Major,5,42282,Petrol,Manual,8,2780
SUV,Major,6,115818,EV,Automatic,11,13630
Car,General,4,29905,Petrol,Automatic,7,4530
Car,Repair,2,21463,Petrol,Automatic,3,9940
Electric Bike,General,3,25411,EV,Automatic,4,690
SUV,Major,8,143473,Diesel,Automatic,9,28310
Bike,Major,7,70676,Petrol,Manual,13,2740
Car,Major,10,136476,Petrol,Manual,17,13530
Scooty,Major,9,43656,Petrol,Automatic,17,2010
Bike,General,6,38312,Petrol,Manual,10,770
SUV,Repair,11,193666,EV,Automatic,14,30440
Car,General,6,84196,Petrol,Automatic,8,5300
Bike,General,9,49745,Petrol,Manual,12,820
Bike,Repair,1,7011,Petrol,Manual,1,2170
Bike,Major,6,56398,Petrol,Manual,11,3810
Scooty,Repair,2,16180,Petrol,Automatic,3,1830
Electric Scooter,General,2,17048,EV,Automatic,2,730
Bike,Repair,9,67059,Petrol,Manual,13,4400
Car,Repair,6,74898,Hybrid,Automatic,8,20700
Car,General,9,122708,Petrol,Automatic,15,5150
Car,General,6,51381,Diesel,Manual,11,6960
Bike,General,6,38404,Petrol,Manual,11,1020
SUV,Repair,5,76631,Diesel,Automatic,8,26740
Scooty,Major,2,11662,Petrol,Automatic,3,1730
Bike,Major,1,9261,Petrol,Manual,1,2040
Bike,General,2,12222,Petrol,Manual,3,890
Electric Scooter,General,2,16990,EV,Automatic,3,590
Car,Repair,5,65151,Hybrid,Manual,8,13030
Car,General,6,71345,Diesel,Manual,10,4910
Car,Major,3,30562,Diesel,Automatic,4,18830
SUV,General,3,42076,Hybrid,Manual,3,5840
Car,General,8,88340,Petrol,Automatic,13,5870
SUV,General,12,231906,Diesel,Automatic,23,12960
Electric Scooter,Major,3,14574,EV,Automatic,4,1490
Car,Major,6,52162,Hybrid,Automatic,9,15830
SUV,General,5,91806,Petrol,Manual,7,8210
Car,General,9,86031,Petrol,Manual,14,4530
SUV,General,7,134278,Diesel,Manual,13,7740
Bike,General,5,33542,Petrol,Manual,6,680
Bike,General,8,47380,Petrol,Manual,12,1210
SUV,General,12,172598,Diesel,Automatic,18,12180
Scooty,Major,7,32377,Petrol,Automatic,9,1250
Car,General,1,8303,Diesel,Automatic,1,6190
Bike,General,6,56987,Petrol,Manual,11,830
Bike,General,2,16396,Petrol,Manual,2,540
Scooty,General,6,33307,Petrol,Automatic,7,890
Bike,General,4,36588,Petrol,Manual,7,1000
Car,Repair,3,33399,Hybrid,Automatic,4,12640
Car,General,3,44435,Diesel,Automatic,4,6110
SUV,General,9,130337,Hybrid,Manual,14,6870
SUV,General,5,90655,Diesel,Automatic,7,9080
SUV,Repair,9,95600,Diesel,Automatic,14,34620
Electric Scooter,General,1,5927,EV,Automatic,1,540
SUV,General,3,59430,Petrol,Manual,5,7910
Bike,Repair,4,27915,Petrol,Manual,4,3010
Car,Major,4,61586,Petrol,Automatic,6,14080
SUV,General,8,152397,Petrol,Automatic,15,7400
Electric Scooter,Repair,1,9484,EV,Automatic,1,1650
Scooty,General,5,27924,Petrol,Automatic,9,860
SUV,Major,8,127461,Diesel,Manual,13,28740
Scooty,Major,3,15370,Petrol,Automatic,5,1330
SUV,Major,3,50172,Petrol,Manual,5,20510
Bike,General,8,67056,Petrol,Manual,15,1060
Bike,Major,12,60395,Petrol,Automatic,20,2900
Bike,General,13,90002,Petrol,Manual,20,1330
Car,Repair,7,71326,Petrol,Manual,9,13760
Bike,General,8,61378,Petrol,Automatic,15,680
Car,Major,2,18536,EV,Automatic,2,7470
SUV,Major,9,121517,Diesel,Automatic,16,33210
Bike,General,10,65136,Petrol,Manual,14,1260
Car,General,8,69222,Petrol,Automatic,15,5170
SUV,Major,3,47711,Diesel,Automatic,3,19120
SUV,General,5,67987,Petrol,Automatic,9,9200
SUV,Major,6,67669,Petrol,Automatic,9,26530
Car,General,5,43352,Diesel,Manual,9,4830
Car,General,3,51708,Hybrid,Manual,4,3380
SUV,Major,1,14960,Petrol,Automatic,1,15580
Car,Major,5,46111,EV,Automatic,9,11510
SUV,Major,1,16136,Petrol,Automatic,1,14930
Car,Repair,4,55206,Petrol,Automatic,5,16380
Electric Bike,Major,0,500,EV,Automatic,0,1440
Bike,Major,7,63713,Petrol,Manual,13,1980
Car,Major,5,49495,EV,Automatic,9,11780
SUV,General,8,87453,Diesel,Manual,10,9780
Car,Repair,7,71310,Petrol,Manual,9,11130
Car,Major,4,44114,Petrol,Automatic,6,10540
Electric Scooter,General,2,16434,EV,Automatic,3,740
Car,General,5,48592,Diesel,Automatic,9,7530
Scooty,General,2,10416,Petrol,Automatic,2,670
SUV,General,9,176693,Hybrid,Automatic,11,7740
SUV,General,5,98974,Petrol,Manual,9,7920
Car,General,10,83792,Diesel,Manual,17,7270
Electric Scooter,Major,3,23218,EV,Automatic,4,1450
Car,General,3,46881,Diesel,Manual,4,5350
Scooty,Major,1,5886,Petrol,Automatic,1,1110
Car,General,4,61161,Petrol,Manual,5,4130
Scooty,General,6,38383,Petrol,Automatic,8,1000
Bike,General,4,35020,Petrol,Automatic,7,570
Bike,Repair,9,84596,Petrol,Manual,11,4660
Car,General,11,133951,Petrol,Manual,20,3850
Car,General,10,135135,Diesel,Manual,17,5430
SUV,General,4,52858,EV,Automatic,6,4710
Car,General,3,30931,Petrol,Automatic,4,5810
Bike,General,12,64546,Petrol,Manual,21,1300
Bike,General,6,34722,Petrol,Manual,10,990
Bike,General,7,40378,Petrol,Manual,8,1150
SUV,General,10,98965,Diesel,Automatic,19,10120
SUV,General,3,40415,Diesel,Manual,5,8040
SUV,Repair,4,64361,Diesel,Manual,7,19720
Bike,General,9,80091,Petrol,Manual,13,1300
Car,Major,10,131498,Petrol,Automatic,19,14500
Car,Major,4,32560,Petrol,Manual,6,10560
Electric Scooter,Repair,2,11515,EV,Automatic,3,1200
Car,General,11,109018,Petrol,Manual,15,6030
Bike,Major,4,37889,Petrol,Manual,7,1980
Car,General,5,72586,Petrol,Manual,7,3500
Bike,Major,3,27223,Petrol,Manual,4,2670
Car,General,13,198259,Petrol,Manual,15,4760
SUV,Repair,9,154459,Diesel,Manual,11,37550
Car,General,4,59384,Petrol,Manual,7,3790
Bike,General,1,8681,Petrol,Manual,1,680
Bike,General,8,43311,Petrol,Manual,10,1180
Car,Major,4,65690,Diesel,Manual,7,14830
Scooty,Repair,5,32184,Petrol,Automatic,8,1680
Car,General,8,79882,Diesel,Manual,10,4920
SUV,Major,3,40170,Petrol,Automatic,4,20970
Bike,Major,12,84264,Petrol,Manual,15,4080
Electric Scooter,General,2,14712,EV,Automatic,2,460
SUV,General,4,46450,Petrol,Manual,5,7080
Scooty,Major,4,28130,Petrol,Automatic,5,1080
SUV,Major,5,79764,Petrol,Manual,9,15160
Car,General,4,66721,Diesel,Manual,5,4750
SUV,Repair,9,101460,Diesel,Manual,17,33430
Bike,Major,9,50782,Petrol,Automatic,14,3440
Electric Bike,Repair,0,1878,EV,Automatic,0,1550
Bike,General,4,19507,Petrol,Manual,4,800
Electric Bike,General,4,24594,EV,Automatic,7,530
SUV,Major,5,95564,Diesel,Automatic,8,24750
SUV,General,4,76750,Diesel,Manual,5,11620
Car,General,11,178401,Petrol,Automatic,17,5540
Car,General,7,93282,Petrol,Automatic,11,5670
Electric Scooter,Major,3,16480,EV,Automatic,5,1120
Scooty,Repair,9,44333,Petrol,Automatic,14,2350
SUV,General,6,109414,Hybrid,Manual,10,9980
Bike,Major,9,61947,Petrol,Manual,12,3800
Car,General,5,76936,Petrol,Manual,7,4760
Scooty,General,8,35346,Petrol,Automatic,13,840
Car,Major,5,37686,Petrol,Manual,7,8370
Electric Bike,Major,2,14056,EV,Automatic,2,1470
Bike,General,10,69878,Petrol,Manual,18,1180
SUV,Repair,3,53525,Diesel,Manual,4,28150
Car,Major,1,12357,Petrol,Automatic,1,12970
Car,Repair,5,50780,Petrol,Manual,8,16270
Electric Scooter,General,1,8571,EV,Automatic,1,660
SUV,General,10,134056,Diesel,Automatic,17,11580
SUV,General,4,56222,Diesel,Manual,7,8520
SUV,Major,7,75039,Diesel,Automatic,8,28220
Car,Repair,4,47816,Petrol,Manual,5,13950
Bike,General,9,67206,Petrol,Manual,12,1300
Bike,General,4,25798,Petrol,Manual,5,870
Scooty,General,5,31621,Petrol,Automatic,7,800
Bike,Repair,11,73306,Petrol,Manual,16,6120
Car,General,6,79641,Petrol,Automatic,9,6350
Electric Scooter,Major,2,13879,EV,Automatic,2,1010
SUV,Repair,2,39145,Petrol,Automatic,2,15600
SUV,General,7,100338,Diesel,Automatic,9,9460
Bike,General,3,22727,Petrol,Manual,4,720
Scooty,General,5,40591,Petrol,Automatic,7,780
Car,Major,0,1880,Petrol,Manual,0,6990
Scooty,General,5,21921,Petrol,Automatic,9,890
Bike,General,2,11422,Petrol,Manual,3,1030
Car,General,8,123821,Petrol,Manual,11,3550
Electric Scooter,Repair,3,24762,EV,Automatic,4,1230
Car,General,8,78779,Petrol,Manual,11,4090
Car,Major,2,19845,Petrol,Automatic,3,13780
Bike,General,9,45574,Petrol,Automatic,17,890
Scooty,General,8,55821,Petrol,Automatic,11,660
SUV,General,8,101442,Diesel,Automatic,15,11870
Car,Major,11,137028,Petrol,Manual,19,14400
SUV,General,8,122604,Diesel,Manual,12,7940
Electric Bike,General,3,27790,EV,Automatic,4,610
Car,Major,11,107101,Petrol,Automatic,20,16290
Car,General,2,25870,Petrol,Manual,3,4190
Bike,General,6,36346,Petrol,Manual,8,570
Car,General,4,57171,EV,Automatic,7,4020
Car,Major,1,16095,EV,Automatic,1,8310
Bike,Major,5,48363,Petrol,Manual,7,2130
Car,General,7,87367,Diesel,Automatic,13,5960
SUV,General,2,43826,Petrol,Automatic,3,7430
Car,General,3,44958,Diesel,Automatic,4,4990
Car,General,11,138757,Petrol,Manual,13,5250
Electric Scooter,General,2,11409,EV,Automatic,3,730
SUV,General,8,96091,Diesel,Automatic,13,12390
Car,General,11,135413,Petrol,Manual,20,3620
Scooty,General,2,17479,Petrol,Automatic,2,760
Car,Major,12,193845,Diesel,Automatic,18,18830
Scooty,General,4,27508,Petrol,Automatic,7,490
Car,Repair,5,49307,Diesel,Manual,9,20090
Bike,General,5,28916,Petrol,Manual,8,860
SUV,General,4,68120,Petrol,Automatic,5,5950
SUV,General,7,111216,Diesel,Manual,10,7210
Scooty,Major,12,65951,Petrol,Automatic,18,2270
Car,General,4,49323,EV,Automatic,7,3460
Scooty,Major,4,29613,Petrol,Automatic,5,1410
Car,Major,3,45490,Petrol,Manual,5,8000
Scooty,Major,4,25868,Petrol,Automatic,6,1210
Car,Major,0,800,Petrol,Manual,0,11220
SUV,General,12,140723,Diesel,Manual,18,12060
Car,Repair,11,93273,Diesel,Manual,18,23290
Bike,General,8,46243,Petrol,Manual,14,870
Bike,General,11,108041,Petrol,Automatic,21,1130
Car,General,2,31680,Petrol,Manual,2,4010
Car,General,6,81420,Petrol,Manual,7,4200
Car,General,5,45660,Petrol,Manual,6,5260
Bike,Major,3,25602,Petrol,Manual,4,2550
Electric Bike,General,2,17441,EV,Automatic,2,490
Car,Repair,1,9171,Petrol,Manual,1,9120
Car,General,6,80316,EV,Automatic,11,3880
Car,General,6,76986,Petrol,Automatic,10,5190
Scooty,Major,5,34031,Petrol,Automatic,8,2300
SUV,General,10,176392,Petrol,Manual,14,7110
Bike,General,3,24628,Petrol,Manual,3,810
Car,General,4,45745,Petrol,Manual,7,4660
SUV,Major,5,63069,Diesel,Automatic,6,30040
Car,General,6,81003,Petrol,Manual,7,5470
Scooty,General,3,14229,Petrol,Automatic,4,740
Bike,General,2,17072,Petrol,Manual,3,630
Car,Major,7,101046,Petrol,Manual,10,10080
Bike,General,3,27146,Petrol,Manual,5,1280
Bike,Repair,7,59492,Petrol,Manual,9,2530
Car,Major,7,95380,Diesel,Manual,12,15720
Bike,Major,12,104256,Petrol,Manual,19,4100
Bike,General,6,56736,Petrol,Manual,9,710
Scooty,General,9,42790,Petrol,Automatic,15,600
Scooty,General,7,33050,Petrol,Automatic,13,820
Bike,Repair,3,19627,Petrol,Manual,5,1790
SUV,General,8,126891,Diesel,Manual,12,11640
Bike,General,3,24916,Petrol,Manual,5,1210
Car,General,6,88812,Petrol,Manual,10,3560
Bike,General,4,38083,Petrol,Manual,4,580
SUV,General,13,159305,Petrol,Automatic,20,10630
SUV,Major,11,124345,Diesel,Automatic,16,34210
Car,Major,6,55401,EV,Automatic,9,11200
SUV,Major,3,38926,Petrol,Automatic,4,21150
SUV,Major,8,155750,Petrol,Automatic,11,23900
SUV,General,10,108243,Petrol,Manual,13,8600
Car,General,7,101895,Petrol,Automatic,9,4290
SUV,General,7,133624,Diesel,Automatic,13,10810
SUV,Repair,0,2650,Diesel,Manual,0,13590
SUV,Repair,3,43114,Diesel,Automatic,5,26720
SUV,Repair,3,48949,Diesel,Automatic,3,18690
Car,General,9,114612,Diesel,Automatic,15,7050
SUV,Repair,8,151545,Diesel,Manual,13,26130
Bike,General,10,92066,Petrol,Manual,17,780
Car,Repair,3,31098,Petrol,Manual,3,13730
SUV,Major,2,27759,Diesel,Automatic,3,26410
Car,General,6,96263,Petrol,Automatic,10,4630
Car,General,6,58616,EV,Automatic,9,4510
SUV,General,10,162686,Diesel,Manual,13,8120
Car,General,6,82934,EV,Automatic,7,4150
Scooty,Repair,4,30826,Petrol,Automatic,5,1630
SUV,Major,2,38880,Petrol,Manual,3,17150
Bike,General,11,62475,Petrol,Automatic,16,1210
Scooty,General,9,46168,Petrol,Automatic,17,960
SUV,General,8,97272,Diesel,Manual,14,8250
Scooty,Major,2,11093,Petrol,Automatic,3,1730
Car,Repair,8,109407,EV,Automatic,15,13510
Bike,Major,3,27895,Petrol,Automatic,5,2120
SUV,Major,3,48407,Petrol,Manual,3,14280
Car,Major,2,32483,Petrol,Manual,2,12810
SUV,Major,3,50106,Diesel,Automatic,4,18010
Car,Repair,9,103850,Diesel,Manual,15,14770
SUV,Repair,2,29815,Petrol,Automatic,3,17660
Bike,Major,3,26324,Petrol,Manual,3,1750
Car,General,4,35996,Diesel,Manual,5,5160
Bike,Major,3,24723,Petrol,Manual,4,2560
Electric Scooter,General,1,8200,EV,Automatic,1,550
SUV,Major,4,64179,Diesel,Manual,7,17840
SUV,General,9,109712,Petrol,Automatic,17,9640
Car,Major,9,95056,Petrol,Manual,13,15410
Bike,Repair,3,21786,Petrol,Manual,4,2650
Car,General,8,90119,Petrol,Manual,9,4250
Bike,General,3,26066,Petrol,Manual,5,960
SUV,Major,5,78569,Petrol,Automatic,8,21070
Scooty,General,9,59797,Petrol,Automatic,16,760
Bike,Major,3,23435,Petrol,Manual,4,2340
Bike,Major,6,38444,Petrol,Manual,10,2650
SUV,General,8,118103,Hybrid,Manual,15,7300
Car,General,4,38515,Diesel,Automatic,6,7650
SUV,General,7,76558,Diesel,Automatic,11,10090
Car,Major,4,48287,Diesel,Automatic,7,13320
Car,Major,2,22335,Petrol,Automatic,3,13570
Electric Scooter,Major,1,9767,EV,Automatic,1,1890
Car,General,7,102893,Petrol,Manual,10,4720
Scooty,General,4,28905,Petrol,Automatic,7,730
Car,Major,6,81077,Petrol,Automatic,9,16080
Car,Repair,9,96632,Diesel,Manual,10,15460
SUV,General,2,37256,Diesel,Automatic,3,10120
Bike,General,13,126929,Petrol,Automatic,24,1160
Car,General,3,37854,Petrol,Automatic,3,5300
Bike,General,5,38531,Petrol,Manual,6,1200
SUV,General,3,58491,Petrol,Manual,5,5480
Car,Major,4,54685,Petrol,Automatic,5,12780
Car,General,11,157114,Petrol,Manual,16,5380
Car,Major,3,41651,Diesel,Automatic,5,18530
Car,General,11,97180,Petrol,Manual,15,5490
Scooty,General,2,12866,Petrol,Automatic,2,550
SUV,General,6,91541,Diesel,Manual,11,10980
Car,Repair,7,85486,Petrol,Manual,9,18520
Bike,General,5,46291,Petrol,Manual,6,740
SUV,General,3,36789,Petrol,Manual,5,5520
Car,General,2,31404,Petrol,Manual,3,2910
Car,Major,10,84772,Diesel,Automatic,14,14900
Electric Scooter,Major,3,17729,EV,Automatic,5,1730
Car,Repair,2,22212,Petrol,Manual,2,10920
Scooty,General,6,39810,Petrol,Automatic,7,900
Car,Major,6,69199,Petrol,Manual,8,13880
Car,General,2,26806,Petrol,Automatic,3,3660
Car,General,12,146644,Petrol,Automatic,15,5510
SUV,General,5,63817,Petrol,Automatic,6,7610
SUV,Major,5,94826,Petrol,Automatic,6,20840
Bike,Major,10,64499,Petrol,Automatic,18,4050
Electric Scooter,Repair,2,13998,EV,Automatic,3,1710
Electric Bike,Major,2,18567,EV,Automatic,3,1510
Bike,General,2,9910,Petrol,Manual,2,840
Bike,Repair,2,18072,Petrol,Manual,2,2420
Electric Bike,Repair,1,9164,EV,Automatic,1,1950
SUV,Repair,4,49883,Hybrid,Manual,5,22590
Bike,General,4,30393,Petrol,Automatic,6,620
Car,General,6,73056,Diesel,Manual,7,5920
Car,General,7,90955,Petrol,Manual,10,5390
SUV,General,9,137669,Hybrid,Manual,17,9600
Car,General,7,75764,Petrol,Automatic,9,5510
Car,General,7,113039,Petrol,Manual,12,5220
Car,General,10,163502,Diesel,Manual,19,4750
Bike,General,3,24485,Petrol,Manual,5,830
Car,General,7,100162,Petrol,Manual,12,4270
SUV,Major,7,74571,Diesel,Manual,10,23300
Car,General,5,82499,Hybrid,Manual,7,4460
Car,Major,13,112594,Diesel,Manual,22,19320
SUV,General,2,33823,Diesel,Manual,3,6190
Bike,Major,2,12596,Petrol,Manual,3,2330
Bike,General,7,55631,Petrol,Manual,10,630
SUV,Repair,6,87438,Petrol,Automatic,10,29450
Car,General,1,15328,Petrol,Automatic,1,3900
SUV,Major,4,51276,Diesel,Manual,6,24720
Bike,General,3,13589,Petrol,Manual,5,960
Car,General,9,124565,Diesel,Manual,16,6140
Car,General,5,61088,Diesel,Manual,6,5620
Bike,Major,7,54332,Petrol,Manual,11,1750
Car,Major,1,18251,Petrol,Automatic,1,9080
Scooty,Major,5,39097,Petrol,Automatic,9,1620
Bike,Major,4,26002,Petrol,Manual,7,2920
Scooty,Major,10,74061,Petrol,Automatic,16,1800
Bike,General,13,100345,Petrol,Manual,24,1160
Electric Scooter,General,1,7111,EV,Automatic,1,580
SUV,General,12,149465,Petrol,Automatic,19,9560
Bike,Major,3,23955,Petrol,Manual,4,2110
Bike,Major,9,81396,Petrol,Manual,14,3330
Electric Scooter,Major,1,6315,EV,Automatic,1,1200
Car,General,2,24177,Petrol,Manual,3,3710
SUV,General,6,71040,Diesel,Manual,11,8550
Electric Scooter,General,2,15382,EV,Automatic,3,460
Scooty,Major,1,8347,Petrol,Automatic,1,1640
SUV,General,5,84474,Diesel,Automatic,9,10490
Car,General,7,96583,EV,Automatic,9,4680
Bike,Repair,5,40719,Petrol,Manual,7,2620
SUV,General,3,35294,Diesel,Manual,4,7340
Car,General,4,59508,Diesel,Automatic,7,6800
SUV,Repair,10,105947,Diesel,Manual,12,47060
Car,Major,10,120646,Diesel,Manual,19,13650
SUV,Major,7,125320,Diesel,Manual,11,28940
Bike,Major,10,65102,Petrol,Automatic,17,2490
SUV,General,7,98684,Diesel,Manual,11,6780
Electric Scooter,Major,3,14658,EV,Automatic,5,2030
Bike,Major,5,35021,Petrol,Manual,8,2720
Car,General,13,191156,Diesel,Manual,15,6530
Bike,Repair,9,70530,Petrol,Manual,11,4070
Bike,Major,2,16270,Petrol,Manual,2,2360
Car,Major,7,86780,EV,Automatic,10,10860
Bike,General,8,64596,Petrol,Manual,12,630
Bike,General,10,54649,Petrol,Manual,18,850
Car,General,3,42266,Petrol,Manual,4,5040
Car,General,2,33486,Petrol,Manual,2,3150
Car,General,5,65686,Petrol,Manual,8,4070
Car,General,10,87109,Diesel,Manual,16,7570
SUV,General,3,50588,Diesel,Manual,5,6950
Car,Major,3,32298,Petrol,Automatic,3,13370
Car,General,4,43794,Petrol,Manual,5,5110
Scooty,General,12,66555,Petrol,Automatic,16,550
Car,General,9,98483,Petrol,Automatic,12,6000
Electric Scooter,Major,3,21932,EV,Automatic,5,1080
Scooty,General,11,69958,Petrol,Automatic,19,690
Electric Bike,Major,2,18776,EV,Automatic,3,1490
Car,Repair,15,126721,Diesel,Manual,21,21500
Bike,Major,12,68222,Petrol,Manual,17,3730
Scooty,General,12,48289,Petrol,Automatic,15,680
Bike,Major,3,29116,Petrol,Manual,4,1480
SUV,Major,5,65045,Diesel,Automatic,8,21220
Bike,General,5,49829,Petrol,Manual,7,630
Electric Scooter,Major,1,7328,EV,Automatic,1,1580
Scooty,Repair,8,55969,Petrol,Automatic,11,3370
SUV,General,3,39335,Petrol,Automatic,4,8240
Car,Major,8,106566,Petrol,Manual,11,16700
Scooty,General,4,21778,Petrol,Automatic,4,900
Car,General,15,207355,Diesel,Manual,29,6090
SUV,General,8,82432,Diesel,Manual,10,11570
Electric Scooter,General,2,13697,EV,Automatic,3,730
Electric Scooter,General,1,5246,EV,Automatic,1,490
Car,Major,9,88608,Petrol,Manual,13,12920
SUV,General,5,52724,Diesel,Automatic,7,9920
Car,General,10,125309,Hybrid,Automatic,18,6510
Scooty,General,7,51207,Petrol,Automatic,9,560
Car,Major,5,69601,Petrol,Manual,8,13850
Bike,Major,6,46793,Petrol,Manual,11,2600
Bike,Major,5,46566,Petrol,Manual,6,2670
Scooty,Major,1,7999,Petrol,Automatic,1,2090
SUV,Major,7,71917,Hybrid,Manual,12,23090
SUV,General,11,185939,Diesel,Manual,18,9060
Car,Major,10,128013,Diesel,Manual,16,13020
SUV,General,8,130799,Diesel,Manual,14,8310
Car,Major,4,52080,Diesel,Manual,7,13690
SUV,Repair,4,56545,EV,Automatic,5,19820
Car,General,10,130225,Petrol,Manual,18,4440
Bike,Repair,0,2377,Petrol,Manual,0,1720
Electric Scooter,Major,1,9144,EV,Automatic,1,1400
Car,Major,10,120332,Petrol,Manual,16,16510
Bike,Major,6,37622,Petrol,Manual,11,3030
SUV,General,3,47419,Petrol,Manual,5,8230
Scooty,General,7,53799,Petrol,Automatic,12,620
Bike,General,6,55193,Petrol,Manual,10,1150
SUV,General,6,77981,Diesel,Manual,11,8710
Bike,General,6,43038,Petrol,Manual,11,630
Scooty,Repair,7,39800,Petrol,Automatic,10,3110
Scooty,General,3,23621,Petrol,Automatic,5,770
SUV,Major,6,99058,Petrol,Manual,9,18400
Car,General,2,16156,Petrol,Manual,3,5100
Car,General,0,1034,Petrol,Automatic,0,4450
Bike,Repair,8,48682,Petrol,Manual,10,3310
Bike,Repair,4,25368,Petrol,Manual,7,3270
Car,General,2,30742,Petrol,Manual,3,4760
SUV,General,5,83841,Petrol,Automatic,9,9070
Car,General,5,44040,Diesel,Manual,8,5770
Bike,General,9,82432,Petrol,Manual,13,1080
Car,General,2,27007,Petrol,Manual,3,3850
Electric Scooter,General,1,7871,EV,Automatic,1,360
SUV,General,3,45843,Petrol,Manual,5,4870
Car,General,10,127351,Petrol,Manual,14,5340
Electric Bike,General,2,10338,EV,Automatic,3,610
Car,Repair,8,81567,Diesel,Automatic,11,18330
Bike,General,10,72882,Petrol,Manual,13,1060
Car,Repair,3,45039,Petrol,Manual,5,10240
Car,General,4,61572,Diesel,Automatic,7,6830
Car,General,4,54345,Petrol,Automatic,7,5030
SUV,General,2,18041,Diesel,Automatic,2,10910
Car,General,11,106984,Petrol,Manual,17,4670
Bike,General,13,83742,Petrol,Automatic,19,1060
Car,General,2,28460,Petrol,Manual,3,3210
Scooty,General,11,43413,Petrol,Automatic,15,660
SUV,Major,4,58831,Petrol,Manual,5,18120
Scooty,General,12,79890,Petrol,Automatic,22,900
Scooty,General,8,35733,Petrol,Automatic,11,850
Bike,General,3,24476,Petrol,Manual,4,870
Electric Scooter,Major,0,500,EV,Automatic,0,1440
Electric Scooter,Repair,0,500,EV,Automatic,0,740
Car,General,3,33935,Diesel,Manual,5,4110
Car,General,7,71445,Hybrid,Automatic,8,4850
Bike,General,5,33276,Petrol,Manual,9,630
SUV,General,2,42235,Diesel,Manual,3,7160
SUV,General,4,41716,Diesel,Manual,5,10320
SUV,Repair,5,60998,Petrol,Manual,8,15120
Bike,General,4,20262,Petrol,Manual,5,1060
Car,Repair,9,85031,EV,Automatic,16,16350
Bike,General,8,51136,Petrol,Manual,11,840
SUV,General,4,67666,EV,Automatic,7,4590
Scooty,Major,12,49929,Petrol,Automatic,20,1750
SUV,General,9,158977,Diesel,Automatic,15,9120
Car,General,4,56399,Petrol,Manual,5,4310
Bike,Major,6,42874,Petrol,Manual,9,2150
Car,Major,9,91689,Diesel,Automatic,13,17910
SUV,Major,6,107084,Petrol,Automatic,9,21590
Car,Major,8,94837,Diesel,Manual,11,19150
Bike,Major,2,20798,Petrol,Automatic,2,1580
SUV,Major,4,65360,Petrol,Manual,6,16010
SUV,General,2,30576,Diesel,Automatic,2,10070
SUV,General,4,76277,Diesel,Manual,5,9390
Car,General,4,57997,Petrol,Manual,6,4860
SUV,General,3,45574,Hybrid,Manual,5,7360
Car,General,5,78759,Diesel,Manual,8,5380
SUV,General,3,41955,Petrol,Manual,3,5210
Bike,General,7,50344,Petrol,Manual,10,660
Bike,Major,13,107320,Petrol,Manual,21,2510
SUV,General,10,104769,Petrol,Manual,12,7900
Electric Bike,Major,2,14740,EV,Automatic,2,1560
Car,Major,12,168874,Petrol,Manual,17,18310
Car,General,3,49109,Petrol,Manual,4,3310
SUV,General,11,192562,EV,Automatic,18,5030
Scooty,General,3,13312,Petrol,Automatic,4,710
SUV,General,5,84748,Diesel,Automatic,7,9000
Bike,Major,5,44292,Petrol,Manual,8,3470
SUV,General,13,257852,Diesel,Manual,15,13350
Car,General,3,29846,Petrol,Manual,5,3870
Scooty,Major,1,4382,Petrol,Automatic,1,1800
Car,General,11,164851,EV,Automatic,14,5720
SUV,Major,7,80036,Petrol,Automatic,12,22080
SUV,Repair,1,17289,Diesel,Manual,1,21710
Car,General,3,33296,EV,Automatic,4,3860
Car,Repair,3,35385,Petrol,Automatic,4,14850
Electric Bike,General,3,23421,EV,Automatic,3,690
Bike,Major,7,42660,Petrol,Automatic,11,2380
Bike,General,13,78317,Petrol,Manual,25,810
Car,Major,3,32328,EV,Automatic,5,7940
Car,General,13,135152,Petrol,Manual,16,4370
Car,Repair,7,69167,Hybrid,Manual,13,11850
Scooty,General,8,37186,Petrol,Automatic,14,920
Car,General,0,4192,Petrol,Automatic,0,4630
Electric Scooter,General,2,13319,EV,Automatic,2,540
Scooty,General,1,7221,Petrol,Automatic,1,560
SUV,General,8,85589,Diesel,Manual,13,10620
Bike,Repair,4,24102,Petrol,Manual,5,1770
SUV,General,7,97635,Petrol,Automatic,10,9620
Bike,General,7,52235,Petrol,Manual,10,1030
SUV,Repair,6,95447,Diesel,Automatic,11,33900
SUV,General,1,18305,Petrol,Automatic,1,6360
Car,General,3,35542,Petrol,Manual,3,4940
Electric Scooter,Major,2,10669,EV,Automatic,2,1690
Car,Major,3,50910,Hybrid,Manual,5,11360
SUV,General,2,31820,Petrol,Manual,3,5550
Car,General,4,39539,Petrol,Manual,5,4090
Car,Major,1,7520,Diesel,Manual,1,11310
Car,General,12,183867,Petrol,Manual,19,4280
Electric Scooter,General,1,7620,EV,Automatic,1,670
Car,Repair,1,13227,Petrol,Automatic,1,10130
SUV,Major,3,48280,Diesel,Manual,5,26750
Bike,Major,5,41465,Petrol,Manual,6,2420
SUV,Major,2,37129,Diesel,Manual,3,21080
SUV,Major,3,51545,Diesel,Automatic,4,23870
Car,General,3,40042,Hybrid,Manual,4,4990
Car,General,2,30921,Petrol,Manual,2,4190
SUV,General,12,142080,Petrol,Automatic,17,9700
SUV,General,9,139533,Diesel,Manual,15,7180
Bike,Major,3,17773,Petrol,Manual,4,2280
SUV,Repair,2,38298,Petrol,Automatic,3,21200
SUV,Repair,6,116427,Petrol,Automatic,8,21420
Scooty,General,7,32463,Petrol,Automatic,12,750
Scooty,Major,9,52141,Petrol,Automatic,16,3060
SUV,General,6,122717,Diesel,Manual,8,10830
Car,General,5,51446,Petrol,Manual,7,4410
Car,Major,5,41643,EV,Automatic,8,7660
Electric Bike,General,1,8597,EV,Automatic,1,600
Electric Scooter,General,2,13313,EV,Automatic,3,760
Car,Major,3,37011,Diesel,Automatic,5,13520
SUV,General,3,35733,Diesel,Manual,3,10620
SUV,Repair,8,123101,Petrol,Automatic,9,25130
SUV,Major,6,71213,Petrol,Manual,10,23910
Scooty,General,5,24366,Petrol,Automatic,7,830
Scooty,General,9,64470,Petrol,Automatic,13,810
Car,General,13,184670,Hybrid,Automatic,19,5610
Electric Scooter,Repair,1,5699,EV,Automatic,1,1440
SUV,Repair,3,36208,Petrol,Manual,4,20900
Bike,General,7,42382,Petrol,Manual,11,1160
Bike,Repair,3,21351,Petrol,Manual,5,1550
Bike,General,2,14812,Petrol,Manual,2,500
SUV,General,1,8583,Diesel,Automatic,1,8270
Scooty,Repair,7,42039,Petrol,Automatic,9,2600
Bike,Major,9,46096,Petrol,Automatic,14,1900
Car,General,7,102326,Petrol,Manual,9,3860
Scooty,Major,6,42165,Petrol,Automatic,7,1600
Electric Scooter,General,1,7428,EV,Automatic,1,550
SUV,Repair,11,151537,Diesel,Automatic,15,37550
Electric Bike,General,3,22497,EV,Automatic,5,860
Scooty,General,1,7477,Petrol,Automatic,1,520
Bike,Major,5,31655,Petrol,Automatic,8,3410
Car,General,6,76570,Petrol,Automatic,7,6160
Car,Major,1,13078,Hybrid,Manual,1,12420
Scooty,General,9,47428,Petrol,Automatic,15,1000
SUV,General,4,40279,Diesel,Automatic,6,8330
Car,General,4,32146,Petrol,Manual,5,5210
SUV,General,9,106081,Diesel,Manual,11,10580
Electric Bike,General,1,6339,EV,Automatic,1,810
Car,General,7,106159,Petrol,Manual,11,4210
Car,Repair,9,99758,Petrol,Automatic,16,25520
Car,Major,5,56432,Diesel,Automatic,9,11900
Electric Scooter,General,2,14895,EV,Automatic,2,510
Bike,General,5,45761,Petrol,Manual,6,650
Bike,Major,3,23920,Petrol,Manual,5,2500
SUV,General,4,60502,Diesel,Manual,5,7650
Electric Scooter,General,1,4943,EV,Automatic,1,760
Bike,General,4,29712,Petrol,Manual,6,1040
SUV,Repair,13,164375,Diesel,Manual,21,57840
SUV,General,8,138685,Diesel,Manual,11,10140
Car,Major,6,85079,Petrol,Automatic,10,17270
Electric Scooter,Repair,3,15359,EV,Automatic,4,1830
Electric Scooter,General,3,14000,EV,Automatic,5,370
Electric Bike,General,1,8560,EV,Automatic,1,520
Electric Scooter,General,2,13143,EV,Automatic,2,720
Car,Major,7,80039,Diesel,Manual,13,16990
Bike,Repair,7,64570,Petrol,Manual,11,2920
Scooty,General,5,33707,Petrol,Automatic,7,570
Car,General,10,142718,Petrol,Automatic,15,5810
Car,Major,3,40322,Hybrid,Manual,5,14440
Car,Repair,4,62940,Diesel,Automatic,6,18980
Electric Bike,Repair,2,12481,EV,Automatic,3,1360
Scooty,Major,6,30994,Petrol,Automatic,7,1920
Bike,General,2,18459,Petrol,Manual,2,890
Electric Bike,General,2,14996,EV,Automatic,2,710
SUV,Repair,4,52697,EV,Automatic,6,19110
Car,General,9,121570,Diesel,Manual,17,6250
Bike,Repair,4,42318,Petrol,Manual,7,3500
Bike,Major,11,57917,Petrol,Automatic,16,2990
Car,General,1,12560,Hybrid,Manual,1,4950
SUV,General,6,63259,Petrol,Automatic,10,8880
SUV,General,7,126054,Diesel,Manual,10,10010
Car,General,7,62847,Petrol,Manual,13,3930
SUV,General,9,129965,Diesel,Automatic,12,12770
Electric Scooter,Repair,2,9436,EV,Automatic,3,1110
Car,General,8,98217,Diesel,Manual,14,6960
Electric Bike,General,4,25805,EV,Automatic,5,420
Car,Major,10,90513,EV,Automatic,16,12020
Car,Repair,9,99589,Petrol,Automatic,11,19850
SUV,Major,1,14408,Diesel,Automatic,1,25140
SUV,Major,3,36580,Petrol,Manual,4,19170
SUV,General,13,190413,Diesel,Manual,23,13050
Car,General,2,21075,Petrol,Automatic,2,4800
SUV,General,4,59271,Diesel,Automatic,5,11160
Electric Scooter,Major,1,7732,EV,Automatic,1,1390
SUV,General,8,149434,Petrol,Automatic,15,7290
Car,Major,5,48294,Diesel,Manual,9,12880
SUV,Repair,6,84545,Diesel,Automatic,9,27340
Bike,General,7,52145,Petrol,Manual,9,1010
SUV,General,7,118453,Petrol,Automatic,10,10760
Car,General,0,800,Petrol,Manual,0,3420
Car,General,6,59010,Hybrid,Manual,9,6040
Car,General,6,80456,Diesel,Manual,8,6700
Electric Scooter,Major,3,18325,EV,Automatic,4,1490
Bike,Repair,8,73073,Petrol,Manual,13,2980
Car,General,5,74978,Diesel,Manual,8,6520
Scooty,General,9,49833,Petrol,Automatic,14,790
Bike,General,3,19579,Petrol,Manual,5,790
SUV,Major,9,98803,Diesel,Automatic,13,23340
Bike,General,10,75158,Petrol,Manual,14,830
Car,Major,7,77002,Petrol,Manual,9,12200
Car,Major,7,61360,EV,Automatic,13,9910
Bike,Major,7,64709,Petrol,Manual,8,2610
Car,General,2,22637,Petrol,Manual,2,3600
Car,Major,3,27197,Diesel,Automatic,4,14900
Bike,Major,0,500,Petrol,Manual,0,2590
Scooty,Major,9,62988,Petrol,Automatic,15,1760
Bike,Major,9,59175,Petrol,Manual,11,2390
Car,General,2,14967,Diesel,Automatic,2,4950
Car,General,5,79461,Petrol,Automatic,7,5920
Car,General,2,15406,Hybrid,Manual,2,5010
Car,General,7,79889,Petrol,Automatic,10,4110
Bike,General,1,12230,Petrol,Manual,1,620
Electric Scooter,Major,4,27807,EV,Automatic,5,1220
Bike,General,6,56675,Petrol,Manual,8,1260
Car,General,10,113580,Diesel,Manual,19,5630
SUV,General,9,167760,Diesel,Manual,11,7770
Bike,General,8,41991,Petrol,Manual,11,730
Car,Major,3,30022,Petrol,Automatic,3,14200
Scooty,General,5,21704,Petrol,Automatic,8,800
Bike,General,3,30580,Petrol,Manual,4,1020
SUV,Repair,4,80781,Petrol,Manual,5,20250
Bike,Major,2,20051,Petrol,Manual,3,1930
Car,General,4,42796,Diesel,Manual,5,4840
Car,General,6,60850,Petrol,Automatic,9,3810
Electric Bike,General,2,13598,EV,Automatic,3,600
SUV,Repair,0,1001,Petrol,Manual,0,16440
Car,General,1,15801,Hybrid,Automatic,1,5120
Car,General,12,180055,Diesel,Manual,16,6210
Scooty,General,0,500,Petrol,Automatic,0,740
Scooty,General,1,6438,Petrol,Automatic,1,510
Car,General,15,165320,Petrol,Manual,21,5780
Car,Major,8,67959,Diesel,Manual,12,18500
SUV,General,4,45998,Diesel,Manual,6,6980
Car,General,4,52048,Diesel,Manual,5,3780
Car,Major,11,114961,EV,Automatic,16,12150
SUV,General,1,14839,EV,Automatic,1,4620
Car,General,4,50191,Hybrid,Manual,5,3760
Bike,Repair,10,50222,Petrol,Manual,18,3210
Car,Major,3,45304,Petrol,Manual,3,10200
Car,Repair,3,45501,Petrol,Manual,3,12980
Bike,Repair,9,69601,Petrol,Manual,12,4060
SUV,General,6,120517,Hybrid,Automatic,7,7660
SUV,Major,1,21137,Diesel,Automatic,1,22060
Car,General,8,72505,Petrol,Manual,11,5250
SUV,Repair,2,32349,Diesel,Automatic,2,18520
Car,General,4,60301,EV,Automatic,4,4270
SUV,Major,7,79776,EV,Automatic,8,17160
SUV,General,3,37999,Hybrid,Automatic,5,6400
Car,Major,3,39740,Petrol,Manual,4,8800
Car,General,10,121571,Petrol,Manual,15,3920
Bike,Major,5,45193,Petrol,Manual,9,3170
Car,General,9,100162,Petrol,Manual,12,3940
Car,Major,5,80946,Petrol,Automatic,8,13030
Scooty,General,7,47163,Petrol,Automatic,13,590
SUV,Major,2,18307,Petrol,Manual,3,18180
SUV,Repair,6,59884,Diesel,Automatic,8,26520
Car,General,5,76434,Petrol,Automatic,7,4890
Electric Bike,General,2,12248,EV,Automatic,3,780
Bike,General,6,42945,Petrol,Manual,9,1210
Car,General,15,182335,Diesel,Manual,29,6230
SUV,General,7,81862,Diesel,Automatic,12,9550
Scooty,General,4,20012,Petrol,Automatic,5,590
Car,Major,4,59504,Diesel,Manual,6,12720
Car,General,1,14089,Petrol,Manual,1,3640
Car,General,11,117757,Petrol,Automatic,16,7150
Car,General,10,111052,Diesel,Manual,14,6020
SUV,General,6,106071,Diesel,Automatic,8,8790
Scooty,General,10,77235,Petrol,Automatic,14,820
SUV,Repair,4,62374,EV,Automatic,7,13760
Scooty,General,12,51063,Petrol,Automatic,20,560
Car,Major,7,98515,Diesel,Manual,12,14560
SUV,General,5,86331,Diesel,Manual,6,9150
SUV,Repair,2,28446,Hybrid,Automatic,2,22110
Bike,General,4,24826,Petrol,Manual,5,850
Car,Major,5,63277,Petrol,Manual,6,10420
Scooty,General,2,8010,Petrol,Automatic,3,550
Bike,Major,7,44482,Petrol,Manual,13,3310
Bike,Major,8,47129,Petrol,Automatic,14,3400
Scooty,Major,4,18262,Petrol,Automatic,6,1240
Car,Major,4,66601,Petrol,Manual,7,13310
Bike,Major,4,35492,Petrol,Manual,6,2830
Car,Repair,3,34691,EV,Automatic,5,9100
Scooty,General,10,62047,Petrol,Automatic,13,610
Car,Major,5,69921,Diesel,Manual,7,16730
Car,General,12,168461,Diesel,Manual,23,7020
SUV,General,8,127094,Petrol,Automatic,10,7800
Bike,Repair,1,10887,Petrol,Manual,1,2120
Scooty,Major,3,15909,Petrol,Automatic,5,1630
Electric Bike,General,0,500,EV,Automatic,0,640
Scooty,General,9,47425,Petrol,Automatic,16,810
Bike,Repair,8,68385,Petrol,Manual,13,4450
SUV,General,2,40677,Diesel,Automatic,2,8290
SUV,Major,3,32189,Hybrid,Manual,4,14850
Car,Major,1,7302,Diesel,Automatic,1,13660
Bike,Major,2,18065,Petrol,Automatic,2,2660
Car,Major,6,48622,Petrol,Manual,7,8830
SUV,Repair,4,72561,Petrol,Automatic,5,26180
Scooty,Repair,11,51523,Petrol,Automatic,20,4160
SUV,General,7,107607,Diesel,Automatic,10,7830
Electric Scooter,Major,0,500,EV,Automatic,0,1500
Electric Scooter,General,4,17233,EV,Automatic,6,540
Bike,General,7,64809,Petrol,Manual,10,800
Bike,General,0,1467,Petrol,Manual,0,610
Car,Repair,14,179495,Petrol,Automatic,27,27890
Car,General,8,118095,Petrol,Manual,15,4590
Bike,Repair,3,26466,Petrol,Manual,5,2710
Scooty,General,6,32065,Petrol,Automatic,10,730
SUV,General,1,16048,Diesel,Manual,1,8420
Scooty,General,6,36810,Petrol,Automatic,10,480
Scooty,General,6,36220,Petrol,Automatic,8,750
SUV,Repair,11,167629,Petrol,Manual,16,28700
Electric Scooter,General,1,7350,EV,Automatic,1,580
SUV,General,13,189525,Hybrid,Automatic,24,11080
Bike,General,5,36570,Petrol,Automatic,6,970
Car,General,12,120733,Diesel,Automatic,15,6820
Car,Major,12,103052,Petrol,Manual,19,12060
Car,General,5,43284,Petrol,Manual,7,4240
Bike,General,5,25851,Petrol,Manual,7,1020
Scooty,Repair,8,40098,Petrol,Automatic,15,2730
Car,Repair,3,51047,Petrol,Manual,5,8340
SUV,Major,10,124631,Petrol,Manual,17,21560
Bike,General,5,41784,Petrol,Manual,6,970
Car,General,3,28902,Petrol,Manual,3,4430
Car,Major,1,12769,Petrol,Automatic,1,10140
Scooty,Major,10,67300,Petrol,Automatic,15,2020
Car,Major,11,117280,Diesel,Automatic,13,16870
Electric Bike,Major,2,12162,EV,Automatic,3,1370
Car,Repair,13,150181,Petrol,Manual,20,20520
SUV,Repair,4,39430,Diesel,Automatic,7,26300
Bike,Major,2,14065,Petrol,Manual,3,2640
Car,Major,3,38627,Petrol,Manual,5,9260
Electric Scooter,General,1,5859,EV,Automatic,1,620
Car,Major,7,102933,Petrol,Manual,10,10970
Bike,General,2,13785,Petrol,Manual,3,720
Car,General,2,22710,Petrol,Manual,3,4560
Car,Major,2,32004,Petrol,Automatic,2,10300
Scooty,General,9,51413,Petrol,Automatic,17,530
Car,General,7,107898,Petrol,Manual,13,4350
Bike,Repair,3,18751,Petrol,Manual,4,1980
SUV,General,7,138945,Diesel,Manual,10,11250
SUV,General,9,156349,Diesel,Automatic,17,9940
SUV,General,9,178788,Diesel,Automatic,16,12010
Car,General,6,60841,Diesel,Manual,8,6930
Electric Bike,Major,1,7931,EV,Automatic,1,1390
SUV,General,4,76989,EV,Automatic,7,5870
Scooty,Major,2,10423,Petrol,Automatic,3,1070
Car,General,5,45084,Petrol,Manual,7,3830
Electric Scooter,Major,1,4332,EV,Automatic,1,1420
Bike,Major,3,31266,Petrol,Manual,4,1570
Car,Major,4,67385,Diesel,Manual,5,14070
SUV,General,6,107527,Hybrid,Manual,11,9510
Car,Major,5,53383,Petrol,Manual,8,10130
SUV,General,6,122816,Petrol,Manual,8,8800
Car,Repair,4,32536,EV,Automatic,6,12650
Bike,Repair,3,30959,Petrol,Manual,4,3080
Bike,General,11,87789,Petrol,Manual,15,810
Electric Bike,Major,2,13213,EV,Automatic,3,1330
Electric Scooter,General,4,17430,EV,Automatic,7,650
Car,General,5,59477,Petrol,Manual,7,5210
Scooty,Repair,3,15218,Petrol,Automatic,4,1680
Scooty,General,5,22353,Petrol,Automatic,9,850
Electric Scooter,General,3,12884,EV,Automatic,3,480
Bike,Major,3,32788,Petrol,Manual,3,1880
SUV,Repair,3,55585,Diesel,Manual,5,19720
Car,General,11,151890,Hybrid,Manual,20,4540
Car,General,3,25459,Petrol,Automatic,3,5860
Bike,Major,3,26407,Petrol,Manual,5,2720
SUV,Major,5,61586,EV,Automatic,9,15930
Electric Bike,Major,2,14462,EV,Automatic,3,2110
SUV,General,5,67010,Diesel,Manual,7,8430
Scooty,Repair,9,38614,Petrol,Automatic,11,1790
Car,Major,5,75299,Diesel,Manual,8,12940
Car,Repair,6,61468,Petrol,Automatic,8,17660
Car,General,7,113888,Petrol,Automatic,10,4950
Car,General,9,79181,Petrol,Manual,11,3740
Electric Scooter,General,1,7168,EV,Automatic,1,380
SUV,Repair,10,182366,Diesel,Manual,18,38660
Scooty,General,1,5579,Petrol,Automatic,1,730
SUV,Major,4,69297,Hybrid,Manual,6,23110
Scooty,General,7,56876,Petrol,Automatic,10,820
Car,Major,5,38523,Hybrid,Automatic,7,11810
Car,General,9,81749,Hybrid,Manual,12,6270
SUV,General,4,50102,Diesel,Automatic,5,7270
Car,Major,8,120082,Diesel,Automatic,11,15750
Car,Major,10,138302,Petrol,Automatic,16,16960
Bike,General,9,49804,Petrol,Manual,11,640
Bike,General,8,68798,Petrol,Manual,13,820
Car,General,9,126369,Petrol,Automatic,14,4980
SUV,General,1,13318,Petrol,Automatic,1,6710
Electric Scooter,Repair,0,500,EV,Automatic,0,780
Car,General,10,133728,Diesel,Automatic,18,7310
Car,Major,3,42850,EV,Automatic,5,7290
SUV,General,8,134780,Petrol,Automatic,9,10110
Car,General,11,171150,Diesel,Automatic,16,8370
Electric Scooter,Major,2,12638,EV,Automatic,2,1530
SUV,General,8,135972,Petrol,Manual,14,6520
Electric Bike,Repair,2,15420,EV,Automatic,3,1550
Electric Scooter,Major,0,1958,EV,Automatic,0,1800
Bike,Major,4,30054,Petrol,Manual,6,2450
Bike,General,3,23756,Petrol,Manual,5,1110
Bike,Major,6,36106,Petrol,Automatic,11,2560
Car,Major,6,87206,Petrol,Manual,9,11640
Bike,General,8,69695,Petrol,Manual,13,880
Car,Repair,2,24337,Diesel,Automatic,3,13880
Bike,General,10,89691,Petrol,Manual,19,1230
Car,General,11,121274,Petrol,Automatic,20,4420
Scooty,Repair,7,33398,Petrol,Automatic,8,2080
Bike,Major,5,25256,Petrol,Manual,9,2180
Car,General,10,155963,Hybrid,Automatic,19,6520
Electric Scooter,Major,1,5519,EV,Automatic,1,1540
Scooty,Major,5,24894,Petrol,Automatic,7,1630
SUV,General,6,82200,Petrol,Automatic,11,9700
SUV,Major,1,15245,Petrol,Manual,1,14220
Bike,General,12,100252,Petrol,Manual,21,1310
Car,General,3,47753,Petrol,Manual,4,3590
Car,General,5,40044,Petrol,Manual,6,4670
Scooty,General,9,44576,Petrol,Automatic,11,590
SUV,General,3,54792,Hybrid,Automatic,4,7720
Car,General,4,37257,Petrol,Automatic,5,5510
Car,Repair,9,96284,Diesel,Manual,13,19370
SUV,General,8,100215,Diesel,Manual,11,6700
Bike,Repair,4,29104,Petrol,Manual,6,1990
Bike,Major,2,11636,Petrol,Automatic,2,3000
Car,Major,1,13719,Diesel,Manual,1,14860
Car,Repair,8,120141,Petrol,Manual,15,21280
SUV,General,9,112799,Diesel,Automatic,13,11610
Scooty,General,10,48550,Petrol,Automatic,17,1000
Scooty,General,4,20535,Petrol,Automatic,6,750
Bike,Major,10,51385,Petrol,Manual,12,2710
Scooty,Major,1,10133,Petrol,Automatic,1,1700
Scooty,Repair,1,6892,Petrol,Automatic,1,1040
Car,Major,14,146791,Petrol,Automatic,23,16500
Bike,Major,11,76693,Petrol,Manual,20,3170
SUV,General,5,89599,Petrol,Automatic,6,6710
Car,General,11,161636,Diesel,Manual,16,5190
Car,Repair,11,165929,Petrol,Manual,13,26550
Bike,Repair,5,36734,Petrol,Automatic,7,3400
SUV,General,6,97307,Petrol,Manual,11,8440
SUV,General,4,49878,Diesel,Manual,6,9170
Car,General,7,77412,Diesel,Automatic,10,7070
Bike,Repair,3,19574,Petrol,Automatic,5,3130
Car,Repair,2,26426,Hybrid,Manual,3,9050
Electric Scooter,Repair,2,11508,EV,Automatic,3,1580
Electric Scooter,General,1,4898,EV,Automatic,1,540
Bike,Major,3,21849,Petrol,Manual,5,2130
Bike,General,10,94206,Petrol,Manual,17,1200
Bike,General,9,90263,Petrol,Manual,16,1250
Bike,General,8,48634,Petrol,Manual,12,1330
Car,General,6,91545,Diesel,Manual,11,5010
Electric Bike,General,2,15453,EV,Automatic,3,550
SUV,General,2,33502,Petrol,Manual,2,8070
Car,General,4,38954,Petrol,Automatic,6,4170
Car,General,1,18565,Diesel,Manual,1,5520
Scooty,General,8,63174,Petrol,Automatic,13,1030
Car,General,5,70298,EV,Automatic,9,3840
SUV,Major,4,54077,Diesel,Manual,5,17150
Scooty,Major,3,18418,Petrol,Automatic,5,1490
Car,Major,7,81998,Petrol,Automatic,13,16400
Bike,General,10,63119,Petrol,Manual,17,670
Car,General,4,56226,Diesel,Manual,6,6130
SUV,General,1,20275,Diesel,Manual,1,6400
Scooty,General,5,33634,Petrol,Automatic,8,710
Scooty,General,3,21399,Petrol,Automatic,3,810
SUV,Repair,6,100147,Petrol,Manual,9,17580
Bike,General,7,58793,Petrol,Manual,12,820
SUV,Repair,6,62152,Diesel,Manual,11,34390
Scooty,Repair,10,66423,Petrol,Automatic,19,2040
Bike,Major,2,20622,Petrol,Manual,2,2150
Car,Major,6,65264,Diesel,Manual,10,16690
Scooty,Major,2,14813,Petrol,Automatic,2,1950
Car,General,6,51097,Petrol,Manual,7,3300
Electric Bike,General,2,11579,EV,Automatic,2,580
Car,General,10,88616,Diesel,Manual,15,5770
Car,Repair,9,105236,Diesel,Automatic,14,26350
SUV,Major,4,46455,Diesel,Manual,6,25830
SUV,Repair,4,80676,EV,Automatic,6,19220
SUV,General,8,110316,Hybrid,Automatic,10,8680
SUV,Repair,2,26205,EV,Automatic,2,10170
Bike,Repair,5,26657,Petrol,Automatic,9,2720
Car,General,4,39439,Petrol,Manual,5,5220
Car,Repair,12,187093,EV,Automatic,20,24550
Electric Scooter,General,3,22090,EV,Automatic,4,560
SUV,General,4,63949,Petrol,Automatic,6,6710
Bike,Major,2,18840,Petrol,Automatic,2,1350
Car,General,12,140430,Petrol,Automatic,18,5770
Car,Major,7,80408,Petrol,Automatic,13,11470
Car,General,12,128123,Petrol,Manual,20,4760
Car,Major,11,120206,Diesel,Manual,17,16890
SUV,Repair,11,179632,Petrol,Manual,15,24950
Car,Major,2,31384,Petrol,Automatic,3,10370
Bike,General,4,36555,Petrol,Manual,6,840
SUV,General,9,155170,Diesel,Manual,12,9660
Scooty,General,2,14791,Petrol,Automatic,2,620
Bike,General,5,40265,Petrol,Manual,7,660
Car,General,13,170592,Petrol,Automatic,16,7430
Scooty,Major,6,44903,Petrol,Automatic,8,2410
Bike,Major,9,55408,Petrol,Manual,15,2080
Electric Scooter,General,1,7826,EV,Automatic,1,570
Electric Scooter,General,2,14208,EV,Automatic,3,840
Bike,Major,5,33860,Petrol,Manual,6,1860
Bike,General,6,38275,Petrol,Manual,10,610
SUV,Major,3,43906,Diesel,Automatic,5,28490
Car,Major,10,142671,Petrol,Manual,12,15540
Bike,General,4,28690,Petrol,Manual,6,730
Car,Major,8,121649,Diesel,Automatic,15,16850
Car,Repair,6,85039,Diesel,Manual,9,20880
Car,General,7,90335,Diesel,Automatic,11,7560
SUV,Major,4,52591,Diesel,Manual,5,22690
Bike,Major,12,97262,Petrol,Automatic,21,2530
Car,General,6,53272,Petrol,Manual,9,4780
Car,General,5,43375,Diesel,Manual,6,6480
Bike,General,1,11169,Petrol,Manual,1,610
Car,Major,14,152538,Hybrid,Manual,21,19870
SUV,General,8,158171,EV,Automatic,13,7540
Car,General,3,45255,Petrol,Automatic,5,5530
Car,Repair,3,46000,Diesel,Manual,4,17280
Bike,General,8,71097,Petrol,Manual,13,760
Car,Major,7,63202,Petrol,Manual,13,13340
Bike,General,10,97463,Petrol,Manual,16,1270
Car,General,4,62256,Diesel,Manual,6,5270
Bike,General,5,29131,Petrol,Manual,7,570
Scooty,General,9,47633,Petrol,Automatic,14,880
SUV,General,13,162574,Diesel,Automatic,19,8650
Scooty,Repair,7,33482,Petrol,Automatic,9,1950
Car,General,2,26146,Hybrid,Automatic,3,6190
Bike,General,5,33750,Petrol,Manual,6,740
SUV,General,6,88520,Hybrid,Manual,11,8990
Bike,General,2,15789,Petrol,Manual,2,920
Car,Repair,4,31984,EV,Automatic,7,8850
Car,General,4,59213,Petrol,Manual,5,4000
Electric Bike,General,3,17518,EV,Automatic,3,480
SUV,Major,4,75068,Diesel,Manual,7,17960
Car,Repair,13,122374,Petrol,Automatic,24,26760
Electric Scooter,General,3,14654,EV,Automatic,5,540
Car,Major,5,63669,Petrol,Manual,7,10770
Electric Scooter,Repair,3,15526,EV,Automatic,5,1250
Car,General,2,25712,Diesel,Manual,2,4790
Car,General,9,137831,Petrol,Manual,15,5460
Car,Repair,9,76899,Hybrid,Manual,17,14280
Bike,Major,4,23526,Petrol,Manual,5,1660
Bike,General,3,20082,Petrol,Automatic,5,880
Bike,General,3,16054,Petrol,Manual,4,1000
Car,Repair,5,50916,Diesel,Automatic,8,19970
Bike,General,5,43087,Petrol,Manual,9,920
Car,General,7,65825,Petrol,Manual,10,5680
Car,General,14,123255,Petrol,Automatic,20,7470
SUV,Major,11,177629,EV,Automatic,20,26200
Scooty,General,12,76519,Petrol,Automatic,22,1090
Electric Bike,General,1,9198,EV,Automatic,1,430
SUV,Major,3,31635,Diesel,Automatic,3,20400
Bike,Major,2,12801,Petrol,Manual,3,1450
Scooty,General,1,5299,Petrol,Automatic,1,460
SUV,Repair,5,59396,Diesel,Automatic,6,24000
Bike,General,4,25663,Petrol,Manual,7,1060
Car,General,5,49911,Diesel,Automatic,9,6990
Bike,Major,5,31356,Petrol,Manual,8,2160
Bike,General,10,101763,Petrol,Automatic,15,1330
Car,General,5,60930,Petrol,Automatic,8,6140
Electric Scooter,General,1,7967,EV,Automatic,1,530
Car,General,5,64525,Petrol,Manual,6,3770
Car,General,9,107228,Petrol,Manual,14,6050
SUV,Major,1,19651,Diesel,Automatic,1,21430
SUV,General,4,58033,Petrol,Automatic,7,8210
Bike,Major,2,10306,Petrol,Manual,3,2830
Car,General,9,87774,EV,Automatic,13,5040
Electric Bike,Repair,2,13325,EV,Automatic,3,1620
Electric Bike,Repair,2,12490,EV,Automatic,3,1580
Electric Bike,General,3,21245,EV,Automatic,5,500
Car,Repair,4,36574,Petrol,Automatic,7,16180
SUV,General,0,1000,Petrol,Automatic,0,5170
Electric Scooter,General,1,7430,EV,Automatic,1,690
Bike,Major,0,500,Petrol,Manual,0,2470
Bike,General,4,32207,Petrol,Manual,5,960
Car,General,13,112950,Petrol,Manual,19,6600
Electric Bike,General,1,6682,EV,Automatic,1,580
Electric Scooter,Repair,1,5962,EV,Automatic,1,1220
SUV,General,13,201670,Diesel,Manual,16,10470
Bike,General,7,59655,Petrol,Manual,8,1220
SUV,Repair,8,113424,Diesel,Manual,14,28510
Car,General,6,78119,Petrol,Manual,9,3600
Bike,General,3,28886,Petrol,Manual,4,880
Car,General,4,44759,Petrol,Manual,7,4150
Car,General,4,66070,Petrol,Manual,7,3230
Car,Repair,8,121295,Hybrid,Manual,12,19090
Scooty,General,3,18606,Petrol,Automatic,5,590
Electric Scooter,Major,1,6526,EV,Automatic,1,1130
SUV,General,8,92034,EV,Automatic,14,7620
Car,Major,13,112997,Diesel,Manual,19,19860
SUV,Major,5,75420,EV,Automatic,9,13880
Car,Major,1,13974,Petrol,Manual,1,9420
Bike,General,7,66047,Petrol,Manual,9,830
Bike,General,3,25506,Petrol,Manual,5,1050
Car,General,8,70599,Diesel,Manual,14,6350
Car,General,12,129675,Petrol,Manual,18,6020
Electric Scooter,General,1,7218,EV,Automatic,1,610
Car,General,5,46024,Petrol,Automatic,9,5920
Scooty,Major,8,39863,Petrol,Automatic,12,2730
Car,General,3,29875,Petrol,Automatic,4,5190
SUV,General,1,15927,Diesel,Manual,1,8010
Bike,General,3,26912,Petrol,Manual,5,520
Bike,Major,7,68843,Petrol,Manual,11,3910
Bike,General,2,11973,Petrol,Manual,3,740
SUV,Major,3,49665,Diesel,Manual,5,17440
Bike,General,3,27740,Petrol,Manual,5,1090
Car,Repair,4,51096,Petrol,Manual,5,14690
Electric Scooter,Major,2,15535,EV,Automatic,2,1560
Bike,Major,9,72917,Petrol,Manual,12,1870
Bike,General,8,74723,Petrol,Manual,13,1200
SUV,General,6,77283,Petrol,Automatic,8,10160
Car,General,5,61377,Diesel,Manual,6,6750
SUV,Major,6,65357,Diesel,Manual,8,24280
Scooty,General,7,51620,Petrol,Automatic,8,820
Bike,Repair,3,15494,Petrol,Manual,5,1460
Bike,General,4,28062,Petrol,Manual,6,990
Car,General,6,83602,Diesel,Manual,9,5090
Electric Bike,Major,0,500,EV,Automatic,0,1720
Car,General,8,111089,Petrol,Manual,12,4740
Electric Scooter,General,2,13018,EV,Automatic,2,520
Car,Major,3,32805,EV,Automatic,5,7400
Car,Major,3,40888,Diesel,Automatic,4,17400
Bike,General,3,23692,Petrol,Manual,4,860
Car,General,4,59251,Petrol,Automatic,7,5630
Scooty,Major,8,50084,Petrol,Automatic,15,2030
Car,General,5,71148,Diesel,Automatic,6,6600
Scooty,General,1,7143,Petrol,Automatic,1,840
Car,General,5,68361,Petrol,Manual,6,4160
SUV,Major,8,142186,Diesel,Manual,14,25380
SUV,General,6,70172,Diesel,Automatic,9,10710
Electric Bike,General,2,14374,EV,Automatic,3,600
Car,Major,6,96285,Diesel,Manual,8,19010
Car,General,7,82813,Hybrid,Automatic,10,5270
SUV,Repair,2,24370,Hybrid,Manual,2,17990
SUV,General,8,137430,Diesel,Manual,15,9340
Bike,Major,0,647,Petrol,Manual,0,1830
SUV,General,10,174661,Petrol,Automatic,17,10530
Electric Scooter,General,2,13657,EV,Automatic,2,640
Electric Bike,General,3,23529,EV,Automatic,3,550
Bike,Repair,11,81826,Petrol,Manual,21,3440
Scooty,General,5,27072,Petrol,Automatic,9,550
SUV,General,4,41723,Diesel,Manual,6,7290
SUV,Major,2,24838,Diesel,Manual,2,17480
Scooty,General,7,51913,Petrol,Automatic,11,730
Bike,Repair,8,54905,Petrol,Manual,15,2820
Bike,Major,2,15081,Petrol,Manual,3,2280
SUV,General,2,31811,Diesel,Automatic,3,9330
Electric Bike,Major,1,6375,EV,Automatic,1,1150
Car,General,3,25308,Hybrid,Manual,4,4480
Car,Major,4,49676,Diesel,Manual,5,15560
Bike,Repair,0,500,Petrol,Manual,0,1930
SUV,General,7,95551,Diesel,Manual,9,8370
Car,Major,4,61502,Petrol,Manual,4,10180
Scooty,Major,2,16715,Petrol,Automatic,3,1880
Car,Major,8,83005,Petrol,Manual,13,14590
Car,Repair,11,107854,Diesel,Manual,19,18670
Bike,General,7,52646,Petrol,Manual,12,770
Electric Bike,Major,3,15473,EV,Automatic,4,1790
Bike,General,2,12603,Petrol,Manual,2,610
Car,General,5,61643,Diesel,Manual,7,6950
SUV,Major,2,26620,Petrol,Manual,2,15060
Car,General,9,100719,Petrol,Manual,11,4310
SUV,Major,8,130814,Diesel,Automatic,13,28350
Car,Major,3,47637,Diesel,Automatic,3,14610
SUV,Major,6,82534,Diesel,Automatic,7,22860
SUV,Major,10,104293,Diesel,Manual,14,22450
Scooty,General,2,14027,Petrol,Automatic,2,710
Car,General,8,113674,Diesel,Automatic,11,7140
SUV,Major,11,181226,Diesel,Manual,14,33190
Car,General,4,51387,Petrol,Automatic,7,4650
SUV,Major,6,125558,Diesel,Manual,9,23070
Car,General,3,35090,Diesel,Manual,4,5530
Car,General,8,87663,Petrol,Automatic,14,4260
SUV,General,4,49895,Diesel,Automatic,6,8810
Bike,Major,7,65736,Petrol,Manual,11,3670
Scooty,General,5,36886,Petrol,Automatic,9,770
SUV,General,5,55969,Diesel,Manual,6,7800
Car,Repair,5,69427,EV,Automatic,7,9250
Scooty,Major,3,14871,Petrol,Automatic,4,1520
Car,Major,2,26867,Petrol,Manual,2,10260
Scooty,Major,9,63782,Petrol,Automatic,12,1630
Scooty,General,2,14594,Petrol,Automatic,3,480
Car,General,10,121963,Petrol,Manual,19,3710
Scooty,General,1,6498,Petrol,Automatic,1,770
Electric Bike,General,1,4603,EV,Automatic,1,720
Bike,Major,9,77245,Petrol,Manual,13,3050
Bike,Repair,10,97173,Petrol,Manual,12,4620
Electric Scooter,General,3,16712,EV,Automatic,5,750
Electric Scooter,Repair,1,7004,EV,Automatic,1,1170
Electric Bike,General,3,25391,EV,Automatic,5,570
SUV,Repair,4,55765,Petrol,Automatic,5,26130
Car,Repair,3,51133,Petrol,Manual,5,13880
Bike,General,6,41369,Petrol,Manual,8,1160
SUV,Major,2,24436,Diesel,Automatic,3,24150
Scooty,General,7,49037,Petrol,Automatic,12,870
Electric Scooter,General,2,10011,EV,Automatic,3,710
Car,Major,8,96438,Petrol,Automatic,14,16440
SUV,General,2,24302,Petrol,Automatic,3,9150
SUV,Repair,12,125921,Diesel,Automatic,22,31300
SUV,Major,2,29440,Petrol,Manual,2,19710
SUV,Repair,9,122812,Diesel,Automatic,11,45390
Car,Major,3,43751,Diesel,Automatic,5,14800
SUV,Repair,2,37263,EV,Automatic,2,11970
Car,Major,10,122706,Petrol,Manual,17,12570
Car,Major,5,51383,Petrol,Manual,6,12620
Electric Bike,Repair,1,7225,EV,Automatic,1,1710
SUV,Major,3,46759,Petrol,Automatic,5,17650
Electric Scooter,General,2,15588,EV,Automatic,3,650
Car,Repair,5,75893,EV,Automatic,7,14080
Car,General,3,37118,Petrol,Manual,4,4370
Electric Scooter,Repair,1,7705,EV,Automatic,1,1550
Scooty,Major,2,9716,Petrol,Automatic,2,2060
Electric Scooter,Repair,4,24107,EV,Automatic,5,1960
Bike,General,9,88923,Petrol,Automatic,13,850
SUV,Major,10,137979,Diesel,Automatic,17,24830
SUV,Major,10,184408,Petrol,Manual,13,29690
Bike,Major,5,36630,Petrol,Manual,6,1590
Car,Major,8,100271,EV,Automatic,15,11240
SUV,General,9,98467,Diesel,Automatic,12,11240
SUV,Repair,9,148543,EV,Automatic,12,24090
Electric Scooter,General,3,18729,EV,Automatic,4,680
SUV,Major,6,75722,Petrol,Manual,7,15010
SUV,Repair,13,152220,Hybrid,Manual,18,42020
SUV,General,6,63937,Hybrid,Automatic,8,10190
SUV,Major,4,69609,Hybrid,Manual,5,17320
Electric Bike,General,1,8852,EV,Automatic,1,790
Bike,General,6,41385,Petrol,Manual,8,710
Car,Repair,10,150721,Petrol,Automatic,12,27550
SUV,Major,7,131074,Diesel,Automatic,12,27810
Car,Major,9,114730,Petrol,Automatic,12,13610
Car,Major,3,30395,Petrol,Automatic,5,13680
SUV,General,8,142145,Petrol,Manual,11,7260
SUV,General,3,39666,Diesel,Manual,4,10800
SUV,General,2,31814,Petrol,Manual,2,5110
Car,Repair,4,42313,Diesel,Manual,6,16000
Car,General,13,165313,Diesel,Automatic,21,7880
SUV,Major,10,157209,Diesel,Manual,19,38830
Bike,Major,3,18837,Petrol,Manual,5,3070
Electric Bike,General,2,15322,EV,Automatic,2,760
SUV,General,8,108583,Diesel,Manual,11,10290
SUV,Major,5,63197,Petrol,Manual,8,20400
Scooty,General,4,23356,Petrol,Automatic,7,530
Car,Major,15,170245,Petrol,Manual,27,13000
Car,Major,8,71334,EV,Automatic,9,10020
Scooty,General,10,76950,Petrol,Automatic,16,790
Car,General,6,72452,Petrol,Manual,11,5170
Scooty,General,10,46986,Petrol,Automatic,17,970
Car,General,3,40926,Petrol,Manual,5,4850
Bike,General,2,18376,Petrol,Manual,2,580
Bike,General,10,74982,Petrol,Manual,12,800
SUV,Repair,7,93283,Petrol,Manual,12,30490
Scooty,Major,12,54843,Petrol,Automatic,19,2960
Car,General,6,73218,Petrol,Manual,10,4490
Electric Scooter,General,2,14470,EV,Automatic,3,640
Car,General,4,63728,Petrol,Manual,6,4680
Scooty,General,2,10703,Petrol,Automatic,2,870
Bike,Major,2,18683,Petrol,Manual,3,2670
Scooty,Repair,9,38422,Petrol,Automatic,17,2310
Car,General,3,50767,Petrol,Manual,4,4360
SUV,General,3,28933,Diesel,Automatic,5,11450
Scooty,General,4,20852,Petrol,Automatic,6,850
Electric Bike,General,2,15855,EV,Automatic,3,680
Electric Bike,General,2,18205,EV,Automatic,3,550
Electric Scooter,Major,1,6928,EV,Automatic,1,1440
Bike,Repair,1,6121,Petrol,Manual,1,2370
SUV,General,4,65529,Diesel,Automatic,6,8180
Car,General,5,71796,Petrol,Manual,7,3990
Car,Major,4,54746,Diesel,Manual,7,17360
SUV,General,9,166472,Petrol,Automatic,11,7260
Car,General,2,16842,Petrol,Manual,2,3330
Bike,General,7,48103,Petrol,Manual,8,720
Car,General,3,29454,Petrol,Manual,4,3750
Car,General,0,2507,Petrol,Automatic,0,4470
Bike,Major,12,85522,Petrol,Manual,22,3240
Bike,General,12,99775,Petrol,Manual,22,850
Car,General,7,65651,Diesel,Manual,9,4490
Car,General,10,114030,Diesel,Automatic,13,8450
Car,General,10,136073,Diesel,Manual,13,5550
Car,Repair,6,57187,Petrol,Manual,11,16690
Bike,Major,3,25346,Petrol,Manual,5,1580
Car,General,3,32094,Petrol,Manual,5,4340
Car,General,3,38990,Diesel,Automatic,5,7140
Scooty,Repair,13,82671,Petrol,Automatic,18,3580
Electric Scooter,General,3,16702,EV,Automatic,5,520
Car,General,7,95498,Diesel,Manual,10,6200
SUV,Major,5,64560,Hybrid,Automatic,9,22250
Car,Repair,8,75930,Diesel,Manual,12,13420
Bike,General,8,67251,Petrol,Manual,9,1230
Car,General,12,162999,Petrol,Manual,22,4600
Bike,General,1,7366,Petrol,Manual,1,680
Electric Scooter,Major,3,14755,EV,Automatic,3,1810
Bike,Major,5,27156,Petrol,Manual,8,3130
SUV,Major,1,17866,Diesel,Manual,1,14760
Car,General,4,37883,Petrol,Automatic,7,6620
Car,Major,4,42025,Petrol,Manual,7,13190
SUV,General,9,131214,Diesel,Manual,11,8630
Car,General,10,104258,Petrol,Automatic,16,5060
Car,Major,8,90300,Petrol,Manual,11,15690
Bike,General,3,21745,Petrol,Manual,5,1180
Car,General,5,41554,Petrol,Manual,9,4820
Bike,Major,7,41352,Petrol,Manual,9,3380
Electric Bike,Repair,3,18666,EV,Automatic,5,1760
Car,Major,5,67584,Petrol,Automatic,9,14100
Scooty,General,3,22581,Petrol,Automatic,4,900
Car,Major,8,75874,Diesel,Manual,14,13590
SUV,Major,4,50568,Diesel,Automatic,7,31280
Car,Major,9,146859,Diesel,Manual,16,17270
Electric Bike,General,2,17285,EV,Automatic,3,760
SUV,Repair,3,32417,Diesel,Automatic,4,20250
Car,General,7,112630,Diesel,Automatic,10,7480
Car,General,0,3308,EV,Automatic,0,3450
SUV,General,8,113424,Petrol,Automatic,14,10910
Car,Major,5,77186,Diesel,Manual,6,15570
Electric Scooter,General,2,11182,EV,Automatic,3,500
Car,General,4,33207,Petrol,Manual,7,4090
Electric Bike,Repair,2,14519,EV,Automatic,3,1820
Car,General,4,46234,EV,Automatic,5,3550
Scooty,General,3,18144,Petrol,Automatic,4,830
Car,Major,2,20707,EV,Automatic,3,8700
Car,General,10,89021,Petrol,Manual,15,4860
Car,General,5,65503,Petrol,Automatic,9,4790
Car,Major,12,176593,Petrol,Automatic,16,19860
Car,General,5,67190,Diesel,Manual,7,6720
Car,Major,9,129435,Petrol,Automatic,16,19500
Car,Major,4,41098,EV,Automatic,4,10060
SUV,General,3,55776,Petrol,Automatic,3,7890
Car,General,4,53342,EV,Automatic,7,4060
SUV,Major,6,106592,Diesel,Automatic,9,24310
Car,Repair,5,68343,Diesel,Automatic,9,18400
SUV,Major,2,40855,Petrol,Automatic,2,20550
Bike,General,2,16406,Petrol,Manual,3,570
SUV,General,8,130886,Diesel,Manual,13,9600
Car,Repair,14,211677,Diesel,Manual,26,27700
Electric Bike,Major,2,14343,EV,Automatic,3,2000
SUV,General,4,71295,Diesel,Automatic,6,12450
Car,General,4,64729,Hybrid,Automatic,5,4950
Car,General,9,84555,Hybrid,Manual,15,4700
Bike,Major,3,15223,Petrol,Manual,3,2750
Car,Major,7,112659,Petrol,Automatic,8,14410
Car,General,11,130891,Petrol,Manual,13,6290
Scooty,General,5,39035,Petrol,Automatic,8,920
Car,General,4,53466,Diesel,Manual,7,5910
Bike,Major,8,56846,Petrol,Manual,11,3270
Car,General,4,61544,Petrol,Automatic,5,4510
Scooty,Repair,7,29249,Petrol,Automatic,12,1530
Car,General,6,77092,EV,Automatic,11,4860
Bike,Major,11,89457,Petrol,Manual,21,2280
Electric Bike,General,4,35137,EV,Automatic,5,680
Bike,Major,9,87046,Petrol,Manual,11,3520
SUV,General,2,36481,Diesel,Manual,3,10060
SUV,General,5,55178,Diesel,Automatic,8,12490
Car,General,13,128220,Diesel,Manual,21,8310
SUV,General,4,69232,Diesel,Automatic,7,7880
Car,Major,4,40037,Petrol,Manual,4,9690
Scooty,Major,5,34513,Petrol,Automatic,6,2600
Car,Major,2,20087,Petrol,Manual,3,9780
Car,General,3,33626,Petrol,Automatic,4,6180
SUV,General,10,111205,Hybrid,Manual,14,11440
Scooty,General,5,23958,Petrol,Automatic,8,910
Bike,General,9,91536,Petrol,Manual,11,630
SUV,General,8,103159,Diesel,Manual,12,8280
SUV,General,8,130235,Diesel,Automatic,15,11970
SUV,General,4,53027,Diesel,Manual,7,5670
SUV,Major,2,37161,Petrol,Manual,2,14680
SUV,General,4,71909,Petrol,Manual,6,6260
Car,General,11,163789,Petrol,Manual,16,5820
Car,General,13,124845,Petrol,Manual,22,4150
Car,General,11,108964,Hybrid,Manual,17,6890
Car,Major,11,164165,Diesel,Manual,20,20130
Car,Repair,3,29930,Petrol,Automatic,5,11340
SUV,General,2,31738,Petrol,Manual,3,8240
Scooty,Major,3,20223,Petrol,Automatic,4,2200
SUV,General,6,115311,EV,Automatic,11,4600
SUV,General,6,80194,Diesel,Automatic,8,9530
Car,General,8,77095,Diesel,Manual,9,4470
Scooty,General,9,58199,Petrol,Automatic,15,980
SUV,General,8,142438,Petrol,Automatic,9,6560
Scooty,Major,4,21520,Petrol,Automatic,7,1400
SUV,General,6,123651,EV,Automatic,9,5960
Bike,Major,12,84502,Petrol,Manual,23,3980
Car,General,9,92623,EV,Automatic,16,5080
Car,General,11,167463,Diesel,Manual,21,5750
Car,Repair,8,74898,Petrol,Manual,13,17490
Car,Repair,3,43635,Petrol,Manual,4,10850
Electric Bike,Major,3,20878,EV,Automatic,3,1120
Scooty,General,4,22611,Petrol,Automatic,6,600
SUV,General,3,49898,Petrol,Automatic,3,6030
Scooty,Repair,5,33679,Petrol,Automatic,8,2910
SUV,General,4,54479,EV,Automatic,5,6320
Car,Major,7,63227,Diesel,Automatic,9,18410
Bike,Repair,4,30889,Petrol,Manual,5,2760
SUV,General,2,26191,Diesel,Automatic,2,6540
Bike,General,3,21982,Petrol,Manual,5,890
SUV,General,8,116470,Diesel,Automatic,11,8640
Scooty,General,5,34122,Petrol,Automatic,7,620
Bike,Major,3,20929,Petrol,Manual,5,2140
SUV,General,8,108569,EV,Automatic,11,6120
Electric Scooter,General,3,23733,EV,Automatic,5,580
Car,General,3,34909,Diesel,Automatic,5,6000
SUV,Repair,5,95195,Petrol,Automatic,9,23830
Scooty,General,11,56725,Petrol,Automatic,20,1060
Bike,Repair,13,71959,Petrol,Manual,19,6790
Car,Major,10,121762,EV,Automatic,16,12280
Electric Bike,General,3,24519,EV,Automatic,5,810
Car,Major,6,73244,Diesel,Manual,8,12000
SUV,General,3,51329,Diesel,Manual,3,7110
Bike,General,3,23630,Petrol,Automatic,3,1010
Bike,Major,8,50250,Petrol,Manual,12,1770
Bike,General,7,36493,Petrol,Automatic,9,660
Car,Repair,6,54384,Petrol,Automatic,10,13750
Bike,General,6,32855,Petrol,Manual,7,640
Bike,General,13,95434,Petrol,Manual,25,1350
Car,Major,8,124627,Petrol,Manual,12,13300
Bike,Repair,7,59612,Petrol,Manual,10,2680
Bike,General,12,79223,Petrol,Manual,20,790
SUV,Repair,3,54468,Diesel,Manual,5,25490
SUV,Major,9,104781,Petrol,Manual,10,23340
Scooty,General,11,48553,Petrol,Automatic,17,550
SUV,Major,2,43575,Diesel,Manual,2,16380
SUV,General,7,102330,Diesel,Automatic,12,9660
Electric Scooter,Major,0,500,EV,Automatic,0,1650
Scooty,Repair,5,24775,Petrol,Automatic,7,1440
SUV,General,7,136466,Petrol,Automatic,11,9790
Scooty,General,3,15985,Petrol,Automatic,5,860
Bike,General,6,42381,Petrol,Manual,7,770
Bike,Repair,3,22936,Petrol,Manual,3,3040
Bike,Major,4,34334,Petrol,Manual,6,1520
SUV,General,6,83802,Diesel,Manual,8,8770
SUV,Major,2,43762,Diesel,Manual,3,17710
Bike,Major,9,89572,Petrol,Manual,12,2450
Electric Scooter,General,3,17045,EV,Automatic,4,730
SUV,Major,10,155696,EV,Automatic,16,17120
SUV,General,3,50799,Diesel,Manual,5,8320
Car,General,3,47555,EV,Automatic,5,3040
Car,Repair,4,39088,Petrol,Manual,6,11450
Car,Repair,7,60004,Diesel,Manual,11,18120
Car,Repair,10,119446,Petrol,Manual,17,16630
Electric Scooter,General,0,500,EV,Automatic,0,660
Car,General,5,79286,Diesel,Automatic,8,5710
Car,General,5,75076,Diesel,Manual,7,6780
Car,General,4,58687,Diesel,Manual,5,5930
Bike,General,9,74973,Petrol,Manual,11,1210
Car,General,11,101134,Petrol,Manual,18,5830
Car,Repair,3,24592,Petrol,Manual,4,11340
Bike,General,7,38508,Petrol,Manual,11,830
Car,Major,4,64186,Petrol,Manual,5,10990
Car,Major,4,50625,Petrol,Automatic,7,13280
Bike,Repair,9,49012,Petrol,Manual,17,3960
Electric Bike,Repair,1,6195,EV,Automatic,1,1760
Car,General,1,13511,Petrol,Automatic,1,4110
Scooty,General,2,11985,Petrol,Automatic,3,720
Electric Scooter,Major,2,16769,EV,Automatic,3,2010
Scooty,Major,7,31660,Petrol,Automatic,13,1660
Bike,General,11,82318,Petrol,Manual,13,1210
SUV,General,5,77401,Diesel,Manual,9,8780
SUV,General,3,42358,Diesel,Manual,4,9700
Car,General,5,53731,Hybrid,Automatic,9,5490
Electric Bike,General,1,4803,EV,Automatic,1,440
Bike,Repair,1,8346,Petrol,Manual,1,1300
Car,General,8,82654,Petrol,Automatic,9,6130
Car,Major,10,107194,Petrol,Automatic,17,13950
Car,General,3,38821,Petrol,Manual,5,4160
Bike,Major,6,57826,Petrol,Manual,10,2100
Bike,Repair,11,101054,Petrol,Manual,13,4310
SUV,Major,6,81326,Diesel,Manual,11,21420
SUV,General,4,66061,Petrol,Manual,5,6040
Car,Major,5,66493,Diesel,Automatic,6,13300
Car,Major,6,45531,Diesel,Manual,10,12100
Bike,General,4,27069,Petrol,Manual,6,610
Car,General,2,26307,Petrol,Automatic,3,5330
Bike,General,1,9329,Petrol,Manual,1,900
Scooty,Repair,7,53807,Petrol,Automatic,9,2700
Bike,Major,3,25827,Petrol,Manual,5,2430
Scooty,General,4,23448,Petrol,Automatic,5,670
Car,General,10,128565,EV,Automatic,17,3310
Electric Scooter,General,3,15452,EV,Automatic,5,690
Bike,General,1,8500,Petrol,Manual,1,810
SUV,Major,10,202340,Diesel,Automatic,18,38240
Car,Major,3,26892,Petrol,Manual,4,13170
Electric Scooter,Major,0,500,EV,Automatic,0,1020
Scooty,General,11,82895,Petrol,Automatic,14,860
Car,Repair,4,38389,Diesel,Manual,5,11900
Scooty,Major,6,28330,Petrol,Automatic,11,1750
Scooty,General,5,29110,Petrol,Automatic,9,430
Electric Scooter,General,3,20809,EV,Automatic,4,570
Scooty,General,2,14654,Petrol,Automatic,2,370
Car,Major,11,168358,Diesel,Automatic,14,25940
Car,General,5,66627,Petrol,Manual,8,5280
Car,General,10,128277,Petrol,Manual,18,5210
Car,General,9,119187,Hybrid,Manual,12,4310
Car,General,6,85965,Petrol,Automatic,8,4470
Car,Major,4,35583,Petrol,Manual,5,12330
Scooty,General,10,48190,Petrol,Automatic,17,670
Car,Repair,2,31420,Petrol,Automatic,3,12260
Car,Repair,4,56470,Petrol,Automatic,7,18430
SUV,Major,1,21196,Diesel,Manual,1,16240
SUV,General,10,175929,Hybrid,Manual,13,7520
Car,General,10,110781,Diesel,Automatic,16,5500
Car,Major,7,98001,Diesel,Manual,8,18430
Scooty,General,6,40823,Petrol,Automatic,7,660
Scooty,General,10,44706,Petrol,Automatic,14,1050
SUV,Major,11,212164,Petrol,Automatic,19,35260
Car,Repair,2,16304,Petrol,Manual,2,11120
Electric Scooter,General,3,14407,EV,Automatic,4,540
Car,Repair,4,32188,EV,Automatic,5,11820
Car,General,5,76087,EV,Automatic,7,4830
Electric Scooter,General,1,5560,EV,Automatic,1,730
Electric Bike,General,2,16451,EV,Automatic,3,730
Bike,Major,6,53935,Petrol,Manual,10,3570
Bike,General,5,42521,Petrol,Manual,9,610
SUV,Repair,10,138628,Diesel,Manual,18,41440
Scooty,Major,3,16532,Petrol,Automatic,5,1740
Scooty,General,1,3712,Petrol,Automatic,1,600
Car,General,7,57384,Diesel,Manual,8,6430
Bike,Major,5,35562,Petrol,Manual,7,2860
Bike,Repair,7,65643,Petrol,Manual,12,2800
Car,General,9,137660,Diesel,Manual,14,6890
Bike,Repair,4,24029,Petrol,Manual,6,2680
SUV,Major,1,17194,Hybrid,Automatic,1,15800
Bike,Repair,5,36352,Petrol,Manual,7,3350
Scooty,Repair,10,49983,Petrol,Automatic,19,2680
SUV,General,0,1000,Diesel,Manual,0,9910
Electric Scooter,General,2,17033,EV,Automatic,3,390
Bike,General,3,18045,Petrol,Manual,5,990
Car,General,7,63103,EV,Automatic,13,4310
SUV,Major,7,105782,Diesel,Automatic,9,22560
SUV,Major,3,29692,Diesel,Automatic,5,22280
Car,Repair,11,173334,Diesel,Automatic,17,29270
Bike,Major,6,41317,Petrol,Manual,9,3460
Scooty,General,6,35164,Petrol,Automatic,11,900
SUV,Repair,9,96611,EV,Automatic,11,22930
Car,General,7,96461,Diesel,Manual,11,6500
SUV,General,7,89976,Petrol,Automatic,8,8680
Car,General,9,116621,Petrol,Manual,13,5530
Bike,Repair,2,13572,Petrol,Manual,2,1580
Car,Major,1,15196,Diesel,Manual,1,12530
SUV,General,7,79955,Diesel,Manual,8,11510
SUV,Major,8,145487,Diesel,Automatic,13,26100
Scooty,General,4,26736,Petrol,Automatic,5,730
Bike,General,9,58615,Petrol,Automatic,17,1210
Electric Bike,General,1,9235,EV,Automatic,1,790
SUV,General,5,92403,Diesel,Automatic,9,9580
Scooty,General,3,21344,Petrol,Automatic,3,600
Car,General,10,157132,EV,Automatic,19,3920
SUV,General,4,60254,Diesel,Manual,5,8830
Car,Repair,5,69859,Petrol,Automatic,7,14430
Scooty,Repair,4,20405,Petrol,Automatic,5,2220
Car,Repair,4,64530,Petrol,Manual,5,11030
Bike,General,7,61785,Petrol,Manual,8,810
Car,Major,1,17800,Diesel,Manual,1,12580
Car,General,9,118990,Petrol,Manual,12,5320
Scooty,Major,2,17164,Petrol,Automatic,3,1690
Electric Scooter,Major,4,19642,EV,Automatic,5,1560
Car,Major,2,21887,Petrol,Manual,3,11490
Scooty,Major,6,27615,Petrol,Automatic,11,1750
SUV,General,14,170504,Petrol,Automatic,25,11140
Electric Bike,General,2,17520,EV,Automatic,3,680
Car,General,2,24952,Diesel,Manual,2,4780
Car,Major,2,16352,Petrol,Manual,3,10830
Car,Major,7,75717,Diesel,Manual,12,18500
SUV,General,7,117303,Hybrid,Automatic,12,7460
Electric Bike,General,4,33705,EV,Automatic,5,800
Bike,General,12,107482,Petrol,Manual,20,1040
Bike,General,8,81113,Petrol,Manual,15,1100
SUV,Repair,13,211023,Petrol,Manual,23,36240
SUV,Major,8,140046,Diesel,Automatic,12,34130
Bike,General,10,99814,Petrol,Manual,14,860
Electric Scooter,General,3,19767,EV,Automatic,5,790
Bike,General,4,23585,Petrol,Automatic,6,920
Car,General,1,9089,Petrol,Manual,1,3630
Car,Major,4,58200,Diesel,Manual,6,13900
SUV,General,5,93775,Petrol,Automatic,8,7360
Car,General,10,102186,EV,Automatic,13,3590
Car,Major,3,36972,Petrol,Manual,4,8490
Scooty,General,6,34749,Petrol,Automatic,9,700
Car,General,13,149355,Petrol,Manual,25,6610
Car,General,5,65146,EV,Automatic,6,4200
Car,General,14,133906,Hybrid,Manual,23,6950
SUV,Repair,7,84590,Hybrid,Manual,11,24480
Bike,General,5,45069,Petrol,Manual,6,950
Bike,Major,3,25161,Petrol,Manual,4,2320
Bike,General,1,7203,Petrol,Manual,1,660
Bike,Major,5,36841,Petrol,Manual,9,3050
Electric Scooter,General,0,500,EV,Automatic,0,690
Bike,Major,2,14857,Petrol,Automatic,2,1860
Car,Repair,11,111446,Diesel,Manual,14,24390
Car,Repair,2,25412,Diesel,Manual,3,13570
Bike,Major,9,89909,Petrol,Manual,10,3680
Scooty,General,4,20077,Petrol,Automatic,7,810
Electric Scooter,Repair,0,500,EV,Automatic,0,1330
SUV,General,2,40998,Diesel,Automatic,3,9720
SUV,General,7,86870,Diesel,Manual,12,9220
Electric Bike,Repair,1,8737,EV,Automatic,1,1210
Scooty,Major,2,9234,Petrol,Automatic,2,1250
Electric Scooter,General,2,13544,EV,Automatic,3,650
SUV,General,3,40978,Diesel,Automatic,4,7000
Bike,General,0,2038,Petrol,Manual,0,1120
Scooty,Repair,7,35559,Petrol,Automatic,13,1660
Car,Major,5,74122,Diesel,Automatic,7,17010
Car,General,5,75388,Diesel,Manual,9,6620
SUV,Major,8,141755,Petrol,Manual,14,24900
Bike,General,3,16459,Petrol,Manual,4,1030
Car,General,5,49300,Hybrid,Automatic,8,4960
Electric Bike,Major,2,12654,EV,Automatic,2,1630
Car,General,8,120208,Petrol,Manual,15,3780
Bike,Repair,11,67501,Petrol,Manual,18,3230
Car,General,6,98231,Petrol,Manual,9,4130
Bike,General,5,33973,Petrol,Manual,8,560
Electric Scooter,General,4,22631,EV,Automatic,5,730
Bike,General,3,24827,Petrol,Manual,4,990
Electric Bike,Repair,0,1574,EV,Automatic,0,1160
Bike,General,9,53084,Petrol,Manual,17,570
SUV,General,12,157201,Diesel,Automatic,21,12510
Car,General,6,91141,Diesel,Manual,9,6100
SUV,Major,2,35928,Diesel,Manual,2,19080
SUV,Major,1,13801,Petrol,Manual,1,11520
Car,General,2,20443,EV,Automatic,2,3520
Car,General,7,105241,Diesel,Manual,9,5540
Electric Scooter,General,4,17974,EV,Automatic,5,840
Car,Repair,3,37169,Petrol,Manual,5,11810
SUV,Major,4,69905,Diesel,Automatic,6,23640
Bike,Major,3,28005,Petrol,Manual,4,2070
SUV,General,11,135055,Petrol,Manual,19,7500
Electric Scooter,Repair,1,9453,EV,Automatic,1,790
Electric Scooter,General,3,20838,EV,Automatic,5,620
Car,General,7,112114,Diesel,Manual,9,6620
SUV,Major,10,103649,Petrol,Manual,19,21550
Bike,Repair,5,43618,Petrol,Automatic,9,3360
Electric Bike,General,2,13476,EV,Automatic,3,750
Scooty,General,8,49533,Petrol,Automatic,11,870
SUV,General,7,113348,Diesel,Automatic,8,12510
Car,General,6,91655,Hybrid,Manual,11,4840
Electric Scooter,General,0,500,EV,Automatic,0,690
SUV,General,2,39019,Petrol,Manual,3,6140
SUV,General,12,231001,Diesel,Manual,16,13280
Bike,Major,7,67085,Petrol,Automatic,8,2150
Car,General,7,111425,Petrol,Manual,9,5310
Bike,General,3,27767,Petrol,Manual,5,560
SUV,General,6,59910,Diesel,Manual,10,6560
SUV,General,12,212369,Petrol,Automatic,14,10240
Scooty,Major,4,16455,Petrol,Automatic,6,2110
Scooty,Major,11,76536,Petrol,Automatic,19,2690
Car,Major,14,173797,Diesel,Automatic,20,20450
SUV,General,13,162206,Petrol,Automatic,24,7150
Bike,Repair,7,54891,Petrol,Manual,9,4570
Car,Major,8,64066,Diesel,Automatic,15,18960
Car,Repair,5,44492,EV,Automatic,7,9500
Bike,Repair,11,62244,Petrol,Manual,21,5340
Bike,Major,4,41478,Petrol,Automatic,7,3110
Car,General,7,65448,Diesel,Manual,13,7310
Car,Repair,10,160551,Petrol,Automatic,12,23870
SUV,General,7,73301,Petrol,Manual,9,9580
Car,General,2,21240,EV,Automatic,2,3710
Electric Bike,Major,3,22806,EV,Automatic,5,2210
Scooty,Major,8,32729,Petrol,Automatic,14,1740
SUV,General,3,57500,Diesel,Manual,3,7160
Bike,Major,3,18155,Petrol,Automatic,4,1920
Car,Major,8,99704,Petrol,Automatic,14,17330
SUV,General,4,58613,Diesel,Manual,5,9440
Car,General,2,29421,Petrol,Manual,3,5190
Car,General,10,113872,Petrol,Manual,13,6320
SUV,Major,4,77038,Diesel,Automatic,6,19880
Bike,Major,2,10864,Petrol,Manual,3,2540
Scooty,Major,1,6961,Petrol,Automatic,1,2010
Bike,Major,4,27021,Petrol,Manual,6,2420
SUV,General,9,163802,Diesel,Automatic,15,13170
Electric Scooter,Major,3,23000,EV,Automatic,3,1920
Scooty,Repair,4,17909,Petrol,Automatic,6,1550
SUV,General,12,203041,EV,Automatic,23,6650
Car,Major,1,13393,Diesel,Automatic,1,16880
SUV,General,2,38158,Diesel,Automatic,2,10260
Car,General,11,117183,Diesel,Automatic,17,8420
SUV,General,8,158868,Diesel,Manual,12,12320
SUV,Repair,4,46775,Diesel,Automatic,6,19620
SUV,General,1,21548,Diesel,Manual,1,9070
Scooty,Repair,2,13426,Petrol,Automatic,3,1580
Car,Major,4,66480,Diesel,Manual,7,16850
SUV,General,4,51582,Petrol,Manual,7,7230
SUV,Repair,5,81531,Petrol,Automatic,9,18300
Car,Major,3,45429,Petrol,Manual,4,9590
Car,Major,5,56010,Petrol,Manual,6,13080
SUV,Major,9,122429,Petrol,Automatic,11,20770
Car,General,1,13401,Diesel,Manual,1,6150
Bike,General,6,56348,Petrol,Automatic,11,1270
Bike,Major,7,51104,Petrol,Manual,13,3190
Scooty,Major,1,6517,Petrol,Automatic,1,1740
Bike,Repair,9,56333,Petrol,Manual,14,3360
Bike,Major,6,40301,Petrol,Manual,9,2050
SUV,Major,5,74157,Diesel,Manual,7,20950
Car,Repair,5,61925,Diesel,Manual,9,15520
SUV,General,11,194981,Diesel,Automatic,20,9400
Bike,General,5,37497,Petrol,Manual,7,1140
Scooty,General,1,4462,Petrol,Automatic,1,460
Bike,General,3,21279,Petrol,Manual,4,670
SUV,Major,2,27138,Diesel,Manual,3,16310
Scooty,General,7,29861,Petrol,Automatic,13,880
SUV,Major,1,13570,Hybrid,Automatic,1,23290
Car,General,3,43384,Diesel,Automatic,3,6550
Car,Major,10,85355,Diesel,Manual,16,23400
SUV,Repair,7,104346,Diesel,Automatic,13,32080
SUV,Repair,6,71535,Diesel,Manual,7,22870
Car,General,5,82015,Petrol,Automatic,6,4580
SUV,Repair,9,124648,Diesel,Automatic,13,27980
Electric Scooter,Major,3,16050,EV,Automatic,4,1930
Car,Major,6,86292,EV,Automatic,9,9660
SUV,Major,10,143864,Diesel,Automatic,12,29130
Scooty,Repair,5,19626,Petrol,Automatic,9,2090
Car,Repair,7,71964,Diesel,Automatic,10,19010
Bike,Major,3,26479,Petrol,Manual,4,2810
Scooty,Major,6,47932,Petrol,Automatic,8,2470
Car,General,5,52218,Diesel,Automatic,9,6370
Car,Major,12,99506,Diesel,Automatic,15,24670
SUV,Major,1,13351,Diesel,Automatic,1,21850
Electric Scooter,General,2,14053,EV,Automatic,3,570
SUV,Major,2,31735,EV,Automatic,2,14950
Car,Major,5,73842,Hybrid,Manual,9,10760
Bike,Major,2,18717,Petrol,Manual,2,1390
SUV,General,7,94081,Diesel,Manual,9,11350
Bike,General,2,14321,Petrol,Manual,3,670
Electric Bike,General,1,5876,EV,Automatic,1,780
Car,General,7,72678,Hybrid,Manual,13,4500
Scooty,Repair,10,63738,Petrol,Automatic,18,3280
SUV,General,4,75088,Diesel,Automatic,6,8070
Electric Bike,Major,3,25704,EV,Automatic,4,2170
Car,Repair,8,118166,Hybrid,Automatic,13,27510
SUV,Repair,4,77997,Petrol,Manual,6,15940
Car,General,9,101351,Petrol,Automatic,11,5740
SUV,Major,5,85254,Diesel,Automatic,8,21550
Car,Major,8,115258,Petrol,Automatic,11,13960
Car,General,4,47122,Diesel,Automatic,7,5260
SUV,General,11,132625,Diesel,Manual,15,11160
Bike,General,2,19645,Petrol,Automatic,3,1150
Bike,General,1,7651,Petrol,Automatic,1,990
Bike,Repair,8,76182,Petrol,Manual,9,3500
Car,General,12,124494,Petrol,Automatic,20,5640
Scooty,Major,9,53117,Petrol,Automatic,16,2590
Car,Repair,3,36483,Petrol,Automatic,5,14550
Car,General,6,88068,Petrol,Automatic,8,4950
SUV,General,7,83073,Diesel,Manual,10,9350
SUV,Major,11,184449,Petrol,Manual,16,32140
Scooty,General,5,40475,Petrol,Automatic,8,890
SUV,Major,0,2656,Petrol,Automatic,0,19140
Electric Scooter,Repair,3,20335,EV,Automatic,4,1020
Car,General,4,53064,Petrol,Automatic,5,5250
SUV,General,6,80829,Diesel,Automatic,8,11340
Car,General,3,38644,Petrol,Automatic,4,4960
Bike,Major,2,12462,Petrol,Manual,3,1440
Bike,General,1,9876,Petrol,Manual,1,820
SUV,General,9,170523,Diesel,Manual,16,11070
Electric Scooter,Major,2,14178,EV,Automatic,2,1770
Electric Scooter,General,0,1766,EV,Automatic,0,600
SUV,Repair,10,204253,Petrol,Manual,17,40750
Car,General,6,81237,Diesel,Automatic,7,7850
Car,General,4,49243,EV,Automatic,7,3160
Electric Scooter,Major,2,11244,EV,Automatic,3,1000
SUV,Major,5,58847,Diesel,Manual,7,23140
SUV,General,12,148660,Diesel,Automatic,18,13310
SUV,Repair,2,33557,Diesel,Automatic,3,16240
Electric Scooter,Major,3,23449,EV,Automatic,4,2000
Bike,Major,8,48535,Petrol,Manual,14,3280
SUV,General,11,165033,Diesel,Automatic,20,10550
SUV,Major,8,122853,Petrol,Manual,14,18040
Car,General,5,60208,Diesel,Manual,8,6940
Car,General,1,14807,Petrol,Automatic,1,6010
Car,Major,4,63827,Petrol,Manual,5,11330
Bike,Major,10,80453,Petrol,Manual,14,1880
Car,General,6,92399,Diesel,Manual,7,7010
Car,General,5,80629,Petrol,Automatic,7,6100
Car,General,3,36738,Diesel,Automatic,4,6160
SUV,General,8,79121,Diesel,Automatic,15,11170
Electric Scooter,Repair,1,4522,EV,Automatic,1,1140
Car,General,5,59319,Diesel,Automatic,9,7850
SUV,General,9,139502,Diesel,Automatic,12,8250
Scooty,Repair,4,19639,Petrol,Automatic,6,2290
Car,General,5,68026,Petrol,Manual,7,4460
SUV,Major,4,78653,Diesel,Manual,6,24060
Scooty,Major,5,24258,Petrol,Automatic,7,1560
SUV,Repair,12,130612,Petrol,Automatic,21,37270
SUV,General,9,158754,Diesel,Automatic,15,9220
Car,General,1,12816,Diesel,Manual,1,4110
Car,Major,3,35018,EV,Automatic,4,7520
Electric Bike,General,3,27230,EV,Automatic,5,780
SUV,General,8,89543,Diesel,Manual,14,9170
SUV,General,1,24997,Diesel,Manual,1,5960
Car,Major,5,75228,EV,Automatic,9,10710
SUV,General,8,149293,Diesel,Automatic,12,12390
SUV,General,3,38936,Diesel,Manual,3,9550
SUV,Repair,3,62104,Diesel,Automatic,5,21160
Car,General,8,68324,Diesel,Manual,12,5240
SUV,General,0,1000,Diesel,Manual,0,6270
Electric Scooter,General,2,15914,EV,Automatic,3,580
Car,General,7,90749,Diesel,Automatic,11,7760
Car,Repair,8,72004,Petrol,Automatic,11,15660
Car,General,14,172205,Petrol,Manual,21,4070
Car,General,4,60186,Diesel,Manual,4,5270
SUV,General,2,34649,Petrol,Automatic,3,7110
SUV,General,0,5293,Diesel,Automatic,0,10190
SUV,Major,2,41364,Hybrid,Manual,3,21140
Electric Bike,General,2,17670,EV,Automatic,3,580
SUV,Major,1,15182,EV,Automatic,1,14770
Bike,General,4,21452,Petrol,Automatic,5,1140
Bike,Repair,2,16617,Petrol,Manual,3,1660
Car,General,3,39269,Diesel,Manual,5,4670
Car,Major,1,11200,Diesel,Manual,1,12510
Electric Scooter,General,2,12541,EV,Automatic,2,620
Car,Major,2,25771,Diesel,Automatic,2,12720
Car,General,5,59533,Diesel,Manual,7,6300
Bike,General,7,70376,Petrol,Manual,9,610
Bike,General,1,9831,Petrol,Manual,1,930
SUV,General,2,33629,Petrol,Manual,3,7740
Electric Scooter,Major,2,15411,EV,Automatic,2,1120
Electric Scooter,General,0,500,EV,Automatic,0,540
Car,General,11,99562,Petrol,Automatic,13,5320
Car,General,10,123175,Hybrid,Manual,14,5330
Bike,Major,11,104737,Petrol,Manual,14,2260
Bike,Major,9,53718,Petrol,Manual,14,2820
Car,Major,7,102936,Hybrid,Manual,13,14550
Bike,Major,2,15649,Petrol,Manual,3,1390
Car,Major,10,131160,Petrol,Automatic,14,18860
Scooty,General,3,21089,Petrol,Automatic,5,630
SUV,General,12,195907,Diesel,Manual,23,10190
SUV,Repair,7,89233,Petrol,Automatic,11,33590
Electric Scooter,General,1,4693,EV,Automatic,1,580
Scooty,General,1,6902,Petrol,Automatic,1,860
SUV,General,3,36206,Diesel,Manual,3,11160
Car,General,8,119333,Petrol,Automatic,15,5380
Bike,General,9,50264,Petrol,Manual,15,900
Car,Major,11,134375,Diesel,Manual,21,18800
Car,General,3,39864,Petrol,Automatic,5,5110
Bike,General,4,27905,Petrol,Manual,6,850
Bike,General,5,34000,Petrol,Manual,9,1280
Car,Major,10,84472,Petrol,Manual,12,13880
Car,Repair,5,80961,Petrol,Manual,6,14100
Car,Repair,10,80866,Diesel,Manual,15,24100
Car,General,13,181710,Diesel,Automatic,17,6560
SUV,Repair,11,163344,Petrol,Manual,20,35840
Car,Major,3,45243,Petrol,Manual,5,11190
Scooty,General,7,31178,Petrol,Automatic,10,870
Bike,General,8,45950,Petrol,Manual,11,1150
Scooty,Repair,2,12510,Petrol,Automatic,3,1000
Car,General,3,29824,Diesel,Automatic,5,6220
Car,General,12,130002,Petrol,Automatic,22,7520
SUV,General,4,59429,Diesel,Automatic,5,11880
Scooty,Major,8,47073,Petrol,Automatic,10,2010
Bike,General,5,36810,Petrol,Manual,9,650
Bike,Repair,4,33468,Petrol,Automatic,5,3050
Scooty,General,5,29496,Petrol,Automatic,7,500
SUV,Major,0,1000,Diesel,Automatic,0,16080
Scooty,General,5,31244,Petrol,Automatic,9,540
Electric Scooter,Major,1,5697,EV,Automatic,1,1370
SUV,Repair,11,126293,EV,Automatic,13,19050
Car,Major,5,58137,Diesel,Automatic,9,18950
Car,Repair,9,115126,Petrol,Automatic,11,24440
Car,General,9,109822,Petrol,Automatic,17,4560
SUV,Repair,9,131464,Diesel,Automatic,13,32010
Bike,Major,5,50626,Petrol,Manual,7,2570
Car,General,7,58897,Diesel,Manual,13,5640
Car,General,3,48218,Diesel,Automatic,4,5790
Car,Repair,9,99240,Diesel,Manual,14,23220
SUV,Major,2,31105,Diesel,Manual,3,20340
Scooty,Major,8,36835,Petrol,Automatic,12,2560
Bike,General,6,37258,Petrol,Manual,9,960
Scooty,General,3,19698,Petrol,Automatic,4,670
SUV,Major,3,51275,Petrol,Manual,3,21940
Electric Scooter,General,1,7274,EV,Automatic,1,470
SUV,General,9,122447,Diesel,Manual,10,11340
Car,Major,8,72650,EV,Automatic,13,10250
Scooty,General,10,69595,Petrol,Automatic,14,550
Scooty,Major,11,65478,Petrol,Automatic,19,3300
Car,Major,7,72060,Diesel,Manual,9,17580
Bike,Major,7,58623,Petrol,Automatic,10,1830
Car,General,8,91316,Petrol,Manual,10,4270
Car,General,8,89981,Hybrid,Automatic,12,6410
SUV,General,6,61980,Petrol,Automatic,8,8670
SUV,General,3,39222,Petrol,Manual,4,6790
Car,General,10,133128,Petrol,Manual,17,6530
Bike,Major,2,20862,Petrol,Manual,2,1650
SUV,General,8,152762,Petrol,Automatic,12,8390
SUV,General,5,89680,Diesel,Manual,6,8490
SUV,Repair,2,32622,Diesel,Automatic,3,23170
Car,General,5,77448,Petrol,Automatic,7,4430
Bike,General,2,13713,Petrol,Manual,3,890
SUV,General,12,237026,Diesel,Manual,17,10290
Car,General,6,97743,Hybrid,Manual,11,3940
Car,Major,13,112334,Petrol,Automatic,16,17860
Electric Scooter,General,2,9936,EV,Automatic,3,740
Car,General,4,46547,Petrol,Automatic,7,4940
Bike,Major,4,27767,Petrol,Manual,6,1910
Car,Major,2,25889,Diesel,Manual,3,15390
SUV,General,5,54827,Petrol,Automatic,6,6730
SUV,Major,3,48426,Petrol,Manual,3,13560
Car,General,10,97302,Petrol,Manual,19,3530
Car,Repair,8,80682,Diesel,Automatic,13,20860
Car,General,4,61340,Petrol,Manual,6,4220
Electric Bike,Major,1,8169,EV,Automatic,1,1270
SUV,Major,3,46983,EV,Automatic,5,16780
Car,General,6,86264,Petrol,Manual,9,4760
Bike,General,3,28761,Petrol,Automatic,5,920
Car,Repair,10,130345,Petrol,Manual,17,14670
Scooty,General,5,34182,Petrol,Automatic,7,950
Electric Scooter,Repair,3,19526,EV,Automatic,4,1570
Bike,Major,10,55292,Petrol,Manual,14,3510
Bike,Major,5,48715,Petrol,Automatic,6,3100
Scooty,General,4,29391,Petrol,Automatic,7,450
Bike,Major,2,19534,Petrol,Manual,2,1470
Car,Major,8,89318,Petrol,Automatic,12,13070
Scooty,General,7,50063,Petrol,Automatic,9,630
SUV,Major,4,43581,Diesel,Manual,5,18470
Car,Major,5,70560,Diesel,Automatic,9,14130
SUV,General,9,129951,Petrol,Manual,14,9220
SUV,General,9,97881,Diesel,Manual,12,10470
Electric Scooter,Major,2,14077,EV,Automatic,3,1880
Car,General,10,105461,Diesel,Automatic,18,6070
SUV,General,8,124604,Hybrid,Automatic,11,9600
Scooty,Major,4,32832,Petrol,Automatic,7,1580
Car,General,1,9776,Hybrid,Automatic,1,3870
Car,Repair,0,800,Petrol,Manual,0,7240
Car,General,5,43799,Diesel,Manual,8,4260
Electric Scooter,Repair,2,13706,EV,Automatic,3,1360
Bike,General,2,12605,Petrol,Manual,2,980
Car,General,4,40568,Petrol,Manual,7,4990
Car,General,7,58312,Petrol,Manual,9,4390
SUV,General,4,77102,Petrol,Manual,5,8110
Bike,General,7,64037,Petrol,Manual,12,980
SUV,General,9,154095,Diesel,Manual,15,10650
Bike,General,5,42250,Petrol,Manual,9,960
Car,Repair,5,47352,Diesel,Manual,7,16230
Car,Major,8,122217,EV,Automatic,9,14570
Bike,General,2,11825,Petrol,Manual,3,790
Car,General,9,90072,Petrol,Automatic,10,4830
SUV,Repair,2,36117,Hybrid,Automatic,3,24200
Car,General,4,36848,Hybrid,Manual,6,5300
Bike,General,8,72675,Petrol,Manual,12,1110
Car,General,6,56984,Petrol,Automatic,9,5840
Car,General,7,105286,EV,Automatic,12,4320
Car,General,10,105969,Diesel,Automatic,19,7820
Car,Major,3,43957,Petrol,Automatic,5,14830
Car,General,8,118118,EV,Automatic,15,3850
Bike,Major,2,17139,Petrol,Manual,2,1670
SUV,General,5,71548,Petrol,Automatic,9,6330
Car,General,2,17392,Petrol,Manual,2,4410
SUV,General,11,147498,EV,Automatic,18,6450
Electric Bike,General,2,16724,EV,Automatic,3,460
Bike,Major,5,32018,Petrol,Manual,9,1780
SUV,General,8,130284,Diesel,Manual,13,12460
Bike,General,11,85209,Petrol,Manual,14,870
SUV,General,9,101607,Diesel,Automatic,14,9980
SUV,General,6,110223,Diesel,Automatic,7,12090
SUV,General,10,200721,Diesel,Manual,16,12350
SUV,General,8,111075,Hybrid,Automatic,15,11120
Scooty,General,6,26266,Petrol,Automatic,7,810
Car,General,4,39360,Diesel,Manual,7,5750
Car,Major,3,43201,Petrol,Manual,3,12150
Car,General,0,800,Petrol,Manual,0,3970
Electric Bike,Major,4,28575,EV,Automatic,5,1540
Scooty,Major,3,19087,Petrol,Automatic,5,2290
Bike,General,5,42386,Petrol,Manual,6,870
SUV,Major,3,39999,Diesel,Manual,3,26150
Car,Major,2,23676,Petrol,Manual,3,7780
Electric Bike,General,1,8843,EV,Automatic,1,480
Scooty,Repair,6,46000,Petrol,Automatic,10,2940
Electric Bike,Major,2,15306,EV,Automatic,3,1550
Car,Repair,1,13619,EV,Automatic,1,6310
Bike,Repair,9,58920,Petrol,Manual,11,5210
Bike,Major,4,28433,Petrol,Manual,7,2250
Electric Scooter,Major,3,19062,EV,Automatic,4,1310
Electric Bike,General,2,14456,EV,Automatic,2,460
Bike,Major,1,9183,Petrol,Manual,1,2630
SUV,Major,6,106351,Diesel,Automatic,9,23810
SUV,General,8,97485,Petrol,Manual,15,8310
Car,General,6,58721,Petrol,Automatic,10,6040
Car,General,7,65504,Petrol,Manual,12,3660
Bike,General,5,48169,Petrol,Manual,7,780
Car,General,2,30022,Diesel,Manual,2,3750
Electric Scooter,General,2,10115,EV,Automatic,2,370
Car,General,6,84572,EV,Automatic,8,4670
Car,General,4,33956,Diesel,Automatic,7,5010
Bike,Major,12,85956,Petrol,Manual,22,3150
Electric Bike,Repair,2,15685,EV,Automatic,2,1580
Car,General,4,48878,EV,Automatic,7,4310
Car,General,12,144460,Diesel,Automatic,22,9290
SUV,General,7,98147,Petrol,Manual,9,7300
SUV,Major,7,131150,Diesel,Manual,9,23410
SUV,General,9,106202,Diesel,Manual,17,9970
Bike,Major,7,65455,Petrol,Manual,9,2830
Car,General,7,72124,Diesel,Automatic,8,6450
Car,Major,2,33908,Petrol,Automatic,3,12130
SUV,General,4,70287,Diesel,Manual,5,7620
Car,General,5,59223,Hybrid,Automatic,7,5850
Bike,General,14,133362,Petrol,Manual,20,760
Bike,General,2,13720,Petrol,Manual,2,940
Car,Major,13,142199,Diesel,Automatic,19,25370
Car,General,11,98449,Petrol,Automatic,17,6630
Car,General,6,67670,Diesel,Manual,10,4990
Scooty,General,7,32124,Petrol,Automatic,11,600
Electric Scooter,Major,3,13585,EV,Automatic,5,1690
SUV,General,3,33210,Diesel,Manual,3,8740
SUV,General,4,49575,Diesel,Manual,4,8380
Bike,Major,2,19472,Petrol,Manual,2,2870
Bike,Major,8,62488,Petrol,Manual,11,3380
Car,Major,9,86359,Petrol,Automatic,13,18280
Electric Scooter,General,1,7582,EV,Automatic,1,610
Electric Scooter,General,2,16307,EV,Automatic,3,530
Bike,General,13,68718,Petrol,Manual,18,1150
Electric Scooter,Major,2,12433,EV,Automatic,3,1260
SUV,Major,12,128760,Diesel,Automatic,18,32700
SUV,Repair,6,101958,Petrol,Manual,8,24970
SUV,Repair,13,258943,Petrol,Automatic,15,35830
Bike,Major,4,31911,Petrol,Manual,7,2380
Car,Repair,8,105354,EV,Automatic,15,11200
Bike,Major,3,16602,Petrol,Manual,4,1640
Bike,Major,10,96214,Petrol,Manual,19,4420
Car,General,2,24652,Diesel,Automatic,3,6170
Scooty,Major,1,3097,Petrol,Automatic,1,2040
Car,Major,14,165555,Petrol,Automatic,26,21180
Bike,Major,7,49748,Petrol,Manual,12,2280
Electric Scooter,General,1,9090,EV,Automatic,1,400
Bike,General,2,16440,Petrol,Manual,2,900
Car,General,3,38258,Diesel,Automatic,5,7130
Car,General,9,108359,Diesel,Manual,13,7060
Car,General,11,145692,Diesel,Manual,16,4940
SUV,General,9,99063,Diesel,Manual,14,10530
SUV,Repair,9,143233,Diesel,Manual,13,29460
SUV,General,9,107014,Diesel,Manual,14,10480
SUV,General,4,76007,Petrol,Manual,5,7180
Car,General,5,68391,Petrol,Automatic,6,5480
Scooty,Repair,11,80133,Petrol,Automatic,18,4810
Car,General,5,38708,Diesel,Automatic,9,7250
SUV,General,2,42399,Diesel,Manual,2,9660
Car,General,4,61974,Petrol,Manual,5,3520
SUV,Major,3,34693,Hybrid,Manual,4,16770
Scooty,General,9,40403,Petrol,Automatic,11,670
Car,General,3,31410,Petrol,Manual,4,2980
Car,General,8,101679,Petrol,Automatic,11,6480
Bike,General,4,35734,Petrol,Manual,5,1060
SUV,General,6,64270,Petrol,Automatic,7,10330
Electric Scooter,Repair,2,10286,EV,Automatic,3,920
Car,Major,5,60197,Petrol,Manual,7,7730
Bike,Repair,4,31254,Petrol,Manual,5,2860
SUV,General,7,74249,Hybrid,Manual,9,9530
Bike,Repair,4,31815,Petrol,Manual,4,2990
SUV,Major,5,55623,Petrol,Automatic,8,25840
Car,Repair,7,109276,Diesel,Manual,10,19780
SUV,General,8,119325,Hybrid,Manual,12,10280
Bike,General,10,69574,Petrol,Manual,16,830
Bike,General,9,72154,Petrol,Manual,11,950
Car,Major,10,84531,Petrol,Manual,14,11940
Scooty,Major,0,1344,Petrol,Automatic,0,1690
Car,General,7,89320,Petrol,Manual,13,5160
Car,Major,6,80170,Diesel,Automatic,7,15290
Electric Scooter,Major,0,901,EV,Automatic,0,1810
Scooty,Major,3,15225,Petrol,Automatic,5,2130
Scooty,General,4,18691,Petrol,Automatic,7,480
Scooty,Repair,10,63419,Petrol,Automatic,19,3940
Car,General,7,90340,Petrol,Manual,9,3690
Car,General,1,14664,Petrol,Automatic,1,5710
SUV,General,5,93520,Petrol,Automatic,8,6230
Car,General,4,39587,Petrol,Manual,7,4820
Bike,Major,4,27750,Petrol,Manual,5,2030
SUV,General,7,72800,Diesel,Manual,10,10450
Bike,Major,12,103498,Petrol,Manual,22,2110
Car,General,3,40357,Petrol,Automatic,4,4320
SUV,Repair,9,139822,Diesel,Manual,16,35030
Car,General,9,122960,Petrol,Automatic,15,5570
Bike,Major,8,58553,Petrol,Manual,13,2340
Car,General,7,66068,Diesel,Manual,12,5650
Car,Repair,5,62349,Diesel,Automatic,6,18450
Scooty,General,2,15773,Petrol,Automatic,3,530
Car,General,2,25951,Petrol,Manual,3,4660
SUV,General,9,173858,Petrol,Manual,14,8090
Bike,Major,12,67746,Petrol,Manual,17,3120
Car,General,8,93720,Petrol,Automatic,12,5040
SUV,General,1,11064,Petrol,Automatic,1,7590
SUV,General,12,214650,Petrol,Automatic,21,9560
Car,General,8,125712,EV,Automatic,10,4600
Car,General,5,51770,Diesel,Manual,9,6110
Electric Scooter,Major,0,500,EV,Automatic,0,1560
Bike,General,4,34120,Petrol,Manual,6,820
Car,General,2,22122,Petrol,Manual,3,3930
Electric Scooter,Major,0,500,EV,Automatic,0,1510
SUV,Major,4,69970,Hybrid,Automatic,6,20390
Bike,General,3,21779,Petrol,Manual,4,1060
SUV,Repair,6,81328,Petrol,Automatic,9,23250
SUV,General,8,100757,EV,Automatic,15,7090
Scooty,General,3,21352,Petrol,Automatic,3,880
Scooty,General,0,2442,Petrol,Automatic,0,500
Scooty,General,10,64776,Petrol,Automatic,16,1010
Car,Major,9,83602,EV,Automatic,17,11010
SUV,General,9,147702,Diesel,Manual,14,8490
Scooty,General,5,39030,Petrol,Automatic,9,950
SUV,Repair,2,21137,EV,Automatic,3,13170
Car,Major,15,161021,Petrol,Manual,18,20350
Car,General,2,20384,Petrol,Manual,3,5160
SUV,Major,2,37470,Petrol,Automatic,2,13620
Bike,General,12,100757,Petrol,Manual,19,1110
Electric Bike,General,3,18619,EV,Automatic,3,770
Car,General,5,61691,Petrol,Manual,9,5170
Scooty,General,10,71268,Petrol,Automatic,13,1050
Car,General,5,67236,Diesel,Automatic,8,5500
Bike,General,10,88390,Petrol,Automatic,17,1260
SUV,General,7,81787,Petrol,Manual,11,7110
Bike,Major,9,56868,Petrol,Manual,16,2710
Car,General,6,82243,Petrol,Automatic,10,4660
Scooty,General,7,28245,Petrol,Automatic,10,570
Bike,General,8,40643,Petrol,Manual,15,980
Car,Major,6,70282,Petrol,Automatic,8,17480
Car,General,4,49349,Diesel,Manual,6,4670
Car,General,3,37652,Diesel,Automatic,4,7160
Bike,Major,3,22883,Petrol,Manual,3,1610
Bike,General,13,121584,Petrol,Manual,16,870
Car,Repair,12,138073,Petrol,Automatic,15,26920
SUV,Major,6,115204,Petrol,Manual,9,13820
Scooty,General,7,55652,Petrol,Automatic,11,840
SUV,Major,6,118048,Petrol,Automatic,9,19430
Car,General,6,93510,Petrol,Manual,11,5140
Car,General,6,85275,Petrol,Manual,11,5350
Bike,Major,3,27183,Petrol,Manual,4,2030
Car,General,1,8644,Hybrid,Manual,1,4480
Car,Major,6,93547,Diesel,Manual,10,10900
Car,Major,3,40694,Petrol,Manual,4,8590
Electric Scooter,General,2,11627,EV,Automatic,3,500
Car,General,8,121465,Petrol,Manual,13,3820
Car,Major,6,73437,Diesel,Automatic,8,15180
Scooty,General,5,30690,Petrol,Automatic,8,580
Car,Major,4,56287,Petrol,Automatic,7,12440
Bike,General,6,40753,Petrol,Manual,9,980
Car,Repair,6,57546,Hybrid,Manual,9,18220
SUV,General,1,14527,Petrol,Manual,1,6110
Car,General,6,71247,Petrol,Automatic,7,4910
Electric Scooter,General,2,12437,EV,Automatic,3,650
SUV,Repair,3,30589,Petrol,Automatic,3,15030
Car,Repair,4,37682,Petrol,Automatic,7,15340
Car,Major,8,108491,EV,Automatic,15,10880
Electric Bike,Major,3,22198,EV,Automatic,4,1430
Car,Major,4,41610,Petrol,Manual,5,13060
Car,General,3,34688,Diesel,Manual,4,6230
SUV,General,5,97505,Hybrid,Automatic,9,6780
Bike,Major,10,56578,Petrol,Manual,16,2000
Bike,General,6,52034,Petrol,Manual,10,1290
Scooty,Repair,3,15191,Petrol,Automatic,4,2130
Car,Major,10,100553,Diesel,Manual,15,16580
Bike,General,10,86558,Petrol,Manual,18,1240
Car,General,9,95940,Diesel,Manual,14,6740
Car,Major,8,101862,Diesel,Manual,14,15340
Bike,General,2,19367,Petrol,Manual,2,1190
SUV,General,8,134661,Diesel,Manual,14,10670
Car,Repair,8,77009,Petrol,Manual,11,15730
Scooty,Major,6,36094,Petrol,Automatic,10,1320
SUV,Major,6,85908,EV,Automatic,9,16580
Bike,Major,8,48584,Petrol,Manual,15,1970
Bike,General,8,60290,Petrol,Manual,10,1000
SUV,Repair,1,17209,EV,Automatic,1,11540
SUV,Repair,8,140454,Diesel,Automatic,14,37290
Car,Major,8,114196,Diesel,Manual,12,18450
Electric Bike,Major,2,11843,EV,Automatic,3,1860
Bike,Major,8,73126,Petrol,Manual,12,2480
Bike,Major,0,1638,Petrol,Automatic,0,1500
Scooty,General,2,11131,Petrol,Automatic,3,610
Car,General,7,66415,EV,Automatic,10,3740
Scooty,General,6,36097,Petrol,Automatic,9,740
Electric Scooter,General,1,6072,EV,Automatic,1,660
Car,General,10,88565,Petrol,Manual,18,6570
SUV,General,4,76136,Diesel,Manual,6,9480
Scooty,General,3,15721,Petrol,Automatic,5,710
SUV,Major,6,85285,Diesel,Automatic,10,26990
SUV,General,12,201570,Diesel,Manual,14,12410
SUV,Major,3,56072,Petrol,Automatic,5,21650
Car,General,4,38474,Petrol,Manual,5,5350
SUV,Repair,12,220929,Diesel,Automatic,17,53820
Car,General,5,67654,Hybrid,Manual,7,4080
Bike,Major,7,57515,Petrol,Manual,9,3530
Car,Repair,4,33897,Diesel,Manual,7,16800
Electric Bike,General,2,14929,EV,Automatic,3,690
SUV,General,4,82193,EV,Automatic,6,4880
Car,General,5,46411,Diesel,Manual,6,7190
Scooty,General,5,33472,Petrol,Automatic,6,880
Car,Major,2,29756,Petrol,Manual,2,11580
Scooty,General,3,20852,Petrol,Automatic,3,850
Car,Major,7,69947,Petrol,Automatic,8,12530
Scooty,General,8,35271,Petrol,Automatic,10,760
Scooty,General,1,9122,Petrol,Automatic,1,530
Bike,Repair,4,22339,Petrol,Manual,7,1600
Bike,General,7,57237,Petrol,Automatic,12,680
Car,Major,4,37245,Petrol,Manual,6,9500
Bike,General,7,42736,Petrol,Manual,8,870
Car,Repair,3,36367,Petrol,Automatic,4,12440
Car,General,4,61569,Hybrid,Manual,7,4470
SUV,Major,3,44797,Diesel,Manual,5,17190
SUV,Major,6,92897,Diesel,Manual,7,21700
Bike,Major,11,66897,Petrol,Manual,21,4440
Scooty,General,3,16916,Petrol,Automatic,5,800
Car,General,4,58392,Hybrid,Automatic,6,6390
Car,General,4,63805,Petrol,Automatic,6,4260
Electric Scooter,Major,2,9732,EV,Automatic,3,1750
SUV,Repair,4,52180,Diesel,Manual,7,19370
Bike,General,6,53828,Petrol,Manual,8,640
SUV,Major,1,15073,Hybrid,Manual,1,19530
Bike,General,8,66289,Petrol,Manual,10,620
Scooty,Major,6,33514,Petrol,Automatic,11,2270
Bike,Repair,9,45798,Petrol,Manual,13,3950
Bike,General,6,57268,Petrol,Manual,8,850
SUV,General,3,58181,Diesel,Manual,5,10080
Car,Major,4,52649,Petrol,Automatic,7,10390
Car,Repair,3,47353,Diesel,Manual,4,14610
Car,General,2,19031,EV,Automatic,3,4450
SUV,Major,9,139278,Diesel,Automatic,15,23910
Car,Repair,10,141169,Diesel,Manual,13,20760
Electric Bike,General,1,8904,EV,Automatic,1,580
Car,General,4,38262,Diesel,Automatic,5,5010
Car,General,7,66487,Petrol,Automatic,9,4960
Car,General,4,41564,Petrol,Automatic,5,5910
SUV,General,3,40047,Petrol,Automatic,5,6580
SUV,General,5,100979,Diesel,Manual,7,10200
Bike,General,2,17572,Petrol,Manual,2,1060
Car,General,7,106226,Petrol,Automatic,13,5650
Scooty,General,11,68117,Petrol,Automatic,18,920
SUV,Repair,1,15468,Petrol,Manual,1,11100
Car,General,2,18672,Petrol,Manual,3,3170
Car,Repair,5,77120,EV,Automatic,8,14140
Car,Repair,10,94613,Petrol,Manual,13,20000
SUV,Major,9,98032,Petrol,Manual,16,19860
Scooty,General,2,10799,Petrol,Automatic,3,520
SUV,Major,5,85003,Hybrid,Manual,7,26300
SUV,General,5,76406,Diesel,Automatic,7,10060
Car,General,5,58909,Petrol,Automatic,7,5320
Bike,Major,7,58502,Petrol,Manual,11,2490
Car,General,5,58610,Petrol,Manual,6,3690
Car,General,1,14736,Petrol,Manual,1,3610
Car,General,3,33506,EV,Automatic,3,4250
Car,General,8,89607,Petrol,Manual,12,4200
Electric Scooter,General,2,14519,EV,Automatic,2,360
Bike,General,3,13878,Petrol,Manual,4,850
Scooty,General,3,22029,Petrol,Automatic,3,720
Electric Scooter,Major,0,1154,EV,Automatic,0,1670
Electric Scooter,General,3,20592,EV,Automatic,4,570
Bike,General,11,66604,Petrol,Manual,14,1350
Electric Bike,Major,1,7934,EV,Automatic,1,1040
Car,General,9,80444,Diesel,Automatic,14,6200
Car,Major,4,37070,Petrol,Manual,5,10180
Car,General,9,97113,Petrol,Manual,17,3790
Car,General,5,62931,Diesel,Manual,6,6980
Car,General,4,37424,Petrol,Manual,6,5140
Car,General,12,141105,Petrol,Manual,18,5510
Car,Major,5,48417,Diesel,Manual,9,16330
Car,Major,4,45742,Hybrid,Manual,7,11510
Bike,Repair,6,41201,Petrol,Manual,7,2720
SUV,General,4,63599,Diesel,Automatic,7,7670
Car,General,3,38240,Hybrid,Automatic,3,4630
SUV,Major,9,128814,Petrol,Manual,15,24520
Car,General,8,69180,Diesel,Manual,10,5270
Scooty,General,3,23152,Petrol,Automatic,4,530
SUV,General,7,130478,Diesel,Automatic,9,9240
Car,General,3,33818,Diesel,Manual,4,5620
Bike,Major,12,63814,Petrol,Manual,15,2050
Car,Repair,7,102047,Petrol,Manual,13,17180
Car,General,9,117124,Petrol,Manual,14,3790
SUV,General,2,29451,Diesel,Manual,2,10430
Car,General,10,154711,Diesel,Manual,14,5970
SUV,Repair,6,117914,EV,Automatic,8,18560
Car,Major,4,51025,Petrol,Automatic,7,10400
Electric Scooter,General,3,17115,EV,Automatic,4,410
Bike,Major,1,8345,Petrol,Manual,1,1950
SUV,General,2,23650,Diesel,Manual,3,8730
SUV,Major,8,120881,Petrol,Manual,12,17890
Bike,Major,3,19761,Petrol,Automatic,4,2430
SUV,General,4,44438,Diesel,Manual,7,7490
Electric Bike,General,3,26252,EV,Automatic,3,560
Car,Major,3,34559,Petrol,Automatic,4,11830
Scooty,General,5,33388,Petrol,Automatic,6,530
Scooty,Repair,4,25086,Petrol,Automatic,5,2220
Bike,General,1,5628,Petrol,Manual,1,550
Electric Scooter,Major,2,16835,EV,Automatic,2,1650
Scooty,Repair,6,45154,Petrol,Automatic,8,2110
Electric Bike,General,2,14055,EV,Automatic,3,630
Bike,Major,1,3419,Petrol,Manual,1,2010
SUV,Major,12,120783,Diesel,Manual,18,34000
Bike,General,3,20275,Petrol,Manual,5,630
SUV,Major,1,20581,Hybrid,Automatic,1,17150
Scooty,Major,5,38651,Petrol,Automatic,8,1310
Car,Major,7,88127,Petrol,Manual,11,13040
SUV,General,12,207214,Diesel,Automatic,19,13250
Car,General,10,112009,Diesel,Automatic,18,7450
Car,Major,12,187272,Petrol,Automatic,16,15740
Car,General,11,103438,Diesel,Automatic,18,7010
Bike,General,1,8579,Petrol,Manual,1,1000
Bike,Major,7,66905,Petrol,Manual,8,3360
Car,General,3,41045,Petrol,Automatic,4,6370
Scooty,General,11,67337,Petrol,Automatic,14,790
Car,General,3,27479,Diesel,Manual,4,4380
Bike,Repair,7,54341,Petrol,Manual,9,2420
SUV,Repair,3,60976,Diesel,Manual,4,25640
Scooty,Major,1,9855,Petrol,Automatic,1,2050
Car,General,2,21405,Petrol,Manual,3,3400
Car,Major,9,86518,Petrol,Manual,15,13850
Car,Major,9,87235,Hybrid,Manual,14,16110
Scooty,General,2,13005,Petrol,Automatic,3,730
Car,Major,2,23360,Diesel,Manual,3,13620
Car,Repair,2,20368,Diesel,Manual,3,14050
SUV,General,7,95486,Diesel,Manual,10,8780
Electric Bike,General,3,19756,EV,Automatic,3,530
Bike,General,11,73493,Petrol,Automatic,18,940
Car,General,7,85891,Petrol,Automatic,9,4440
Bike,Major,5,45584,Petrol,Manual,9,1880
Car,Repair,6,51432,Diesel,Manual,11,18280
Car,Repair,11,154118,Petrol,Manual,14,15920
SUV,General,12,203301,Petrol,Manual,14,10230
Electric Scooter,General,4,20155,EV,Automatic,7,690
Car,Repair,3,24140,Petrol,Automatic,5,10540
Car,Major,5,42065,Petrol,Manual,9,12480
SUV,Major,1,12623,Diesel,Automatic,1,22730
Bike,General,9,48472,Petrol,Automatic,15,700
Electric Scooter,Repair,2,13117,EV,Automatic,3,1600
Car,General,9,100416,Petrol,Automatic,14,6010
Car,General,1,9404,Petrol,Manual,1,3820
Bike,General,5,38420,Petrol,Manual,7,1250
SUV,General,8,105848,Petrol,Automatic,11,9470
Car,Major,6,70355,Petrol,Automatic,10,15990
Bike,General,8,57566,Petrol,Manual,13,1100
Scooty,Major,4,17621,Petrol,Automatic,5,1610
Car,Major,8,88927,Hybrid,Automatic,10,13550
Car,General,7,79031,Diesel,Automatic,9,6920
SUV,Major,13,165082,Petrol,Manual,22,28050
SUV,General,11,136836,Hybrid,Manual,18,9950
Car,General,1,14885,Petrol,Manual,1,3180
Car,Major,6,87302,Petrol,Manual,10,11960
Scooty,Repair,4,18814,Petrol,Automatic,6,2420
Bike,General,2,9194,Petrol,Manual,3,740
SUV,General,7,138919,Petrol,Automatic,13,6310
Bike,General,1,6613,Petrol,Manual,1,790
Car,Repair,4,39631,Diesel,Manual,5,17260
SUV,General,2,39649,Diesel,Manual,2,9650
Bike,General,4,31721,Petrol,Manual,6,1060
Car,Major,3,48951,Diesel,Manual,4,13310
Scooty,General,5,30381,Petrol,Automatic,8,860
Bike,Major,13,69381,Petrol,Manual,22,4280
Car,General,1,14613,Petrol,Manual,1,4810
SUV,General,11,185081,Petrol,Automatic,18,7950
SUV,Major,7,137605,Petrol,Automatic,9,19430
Car,Repair,11,87491,Petrol,Manual,13,20870
Car,General,5,71579,Petrol,Manual,6,4230
Car,General,9,125719,Diesel,Manual,12,4780
Car,General,3,48403,Hybrid,Manual,5,3700
SUV,Major,3,43198,Petrol,Manual,5,15470
Car,Repair,3,25580,Diesel,Automatic,5,13400
Electric Scooter,General,1,7275,EV,Automatic,1,380
Car,General,4,57378,Hybrid,Manual,7,5630
Car,Major,5,38810,Diesel,Automatic,7,17010
Car,General,6,69289,Petrol,Automatic,9,4960
Bike,General,3,19557,Petrol,Automatic,3,600
Electric Bike,Major,3,26266,EV,Automatic,4,1230
Car,Major,7,65913,Petrol,Automatic,10,16290
Car,Major,1,16534,Petrol,Manual,1,11410
Car,Repair,4,50973,Petrol,Manual,6,8670
Car,General,4,59348,Diesel,Manual,7,6360
SUV,General,2,38721,Petrol,Manual,3,4900
SUV,Major,2,36439,Diesel,Automatic,3,19760
Car,General,3,33806,Petrol,Automatic,4,5650
SUV,General,0,1000,Diesel,Manual,0,8150
SUV,General,6,97453,EV,Automatic,10,6480
Bike,General,5,40621,Petrol,Manual,9,1150
Scooty,General,6,32534,Petrol,Automatic,11,740
Scooty,General,5,37631,Petrol,Automatic,9,580
SUV,General,6,99985,Petrol,Automatic,11,9000
Bike,General,8,50863,Petrol,Manual,10,1290
SUV,Major,4,66207,Petrol,Automatic,7,17960
SUV,General,13,257303,Petrol,Manual,16,8970
SUV,General,9,94071,Diesel,Manual,12,8270
SUV,General,1,19503,Diesel,Automatic,1,9440
Bike,General,7,51545,Petrol,Manual,8,580
Car,General,5,68328,Diesel,Manual,8,3960
Electric Scooter,General,0,1538,EV,Automatic,0,510
Electric Scooter,Repair,2,14855,EV,Automatic,3,1640
SUV,General,4,49553,Petrol,Automatic,7,6610
Car,Major,11,97345,Petrol,Manual,13,17520
SUV,General,6,94261,Diesel,Automatic,8,12170
Car,General,5,46406,Diesel,Automatic,7,6820
Electric Scooter,General,1,7411,EV,Automatic,1,450
Bike,Major,7,59456,Petrol,Manual,13,3550
Electric Bike,General,3,16917,EV,Automatic,4,680
SUV,General,1,20617,Petrol,Automatic,1,7090
Scooty,General,7,39677,Petrol,Automatic,11,630
Scooty,Repair,4,21952,Petrol,Automatic,6,1830
SUV,Repair,3,33831,Diesel,Manual,5,23370
Electric Scooter,General,4,23919,EV,Automatic,6,790
SUV,General,9,152882,Petrol,Automatic,17,10240
Car,General,2,29054,Petrol,Manual,3,4320
Car,General,13,190704,Diesel,Automatic,17,6120
Car,General,6,63108,EV,Automatic,7,4270
Car,Major,3,27735,Petrol,Automatic,5,11440
Scooty,General,9,39958,Petrol,Automatic,16,940
Bike,Repair,3,31484,Petrol,Manual,5,3260
Car,Repair,5,52487,Diesel,Automatic,8,13890
SUV,Major,3,54304,Diesel,Automatic,5,20520
Car,General,4,54845,Diesel,Manual,5,4570
SUV,General,7,94520,Diesel,Automatic,9,13400
Car,General,8,113551,Petrol,Automatic,13,5420
SUV,General,4,68638,Hybrid,Automatic,5,6610
Car,General,1,12928,Petrol,Manual,1,4960
SUV,Major,9,142728,Petrol,Manual,16,19410
SUV,General,10,162594,Diesel,Automatic,13,12090
SUV,General,9,124441,Petrol,Manual,13,7780
Car,Repair,3,46816,Diesel,Manual,3,16190
Car,Major,4,43860,Petrol,Manual,6,13360
SUV,Major,4,72776,Petrol,Automatic,6,16320
Electric Bike,General,2,13643,EV,Automatic,3,750
Car,General,4,48522,Hybrid,Automatic,5,6540
Bike,Repair,6,39063,Petrol,Manual,11,2520
Scooty,General,4,17729,Petrol,Automatic,6,730
Car,Major,3,31626,Diesel,Manual,4,10060
Car,Major,0,2100,Petrol,Automatic,0,13220
Car,Major,11,99259,Petrol,Automatic,17,17770
Electric Scooter,Major,2,9628,EV,Automatic,3,1120
Scooty,General,4,21279,Petrol,Automatic,7,840
Car,Major,11,124931,Diesel,Manual,17,18570
SUV,General,3,28152,Petrol,Automatic,4,6450
SUV,Repair,8,157000,Diesel,Manual,14,36430
Scooty,Major,5,35370,Petrol,Automatic,6,1290
Electric Bike,General,2,14014,EV,Automatic,3,750
SUV,Major,5,92887,Diesel,Manual,9,27570
Car,Repair,10,84201,Petrol,Manual,15,18260
SUV,General,10,185282,Diesel,Automatic,18,12150
Car,General,4,57662,Petrol,Automatic,6,3760
SUV,Major,3,56350,Petrol,Manual,3,22080
Car,General,10,147290,Petrol,Manual,14,4680
Bike,Major,11,69905,Petrol,Manual,20,2240
Car,General,5,63132,Diesel,Manual,9,6430
Bike,General,10,66191,Petrol,Manual,12,790
Car,Repair,5,78134,Petrol,Automatic,7,13740
Electric Scooter,Repair,2,7666,EV,Automatic,3,1980
Car,General,9,85210,Hybrid,Manual,16,5970
SUV,General,9,126649,Petrol,Automatic,11,9700
SUV,Major,7,87634,Diesel,Manual,10,23660
SUV,General,2,36254,Petrol,Manual,3,6650
Electric Bike,General,2,18849,EV,Automatic,2,440
Bike,General,2,12745,Petrol,Manual,3,1100
Car,General,5,39206,Diesel,Manual,8,6270
SUV,General,3,46649,Diesel,Manual,5,9800
SUV,Major,6,104994,Petrol,Automatic,7,28040
Car,General,10,92941,EV,Automatic,19,4780
Car,Major,2,25056,Diesel,Manual,3,12820
Bike,General,6,42160,Petrol,Manual,11,790
Car,General,6,69836,Petrol,Manual,8,3610
Bike,Major,7,40702,Petrol,Manual,12,3430
Electric Scooter,Repair,1,8807,EV,Automatic,1,870
Electric Scooter,General,0,1068,EV,Automatic,0,650
SUV,General,4,56085,Diesel,Manual,4,11020
Car,Major,12,126964,Diesel,Manual,14,22990
Car,General,10,130373,Petrol,Automatic,13,4620
Bike,Major,4,21499,Petrol,Automatic,5,3130
Car,Major,8,107973,Diesel,Manual,15,16170
Car,General,10,109230,EV,Automatic,16,4380
Bike,Major,3,25942,Petrol,Manual,4,2400
Electric Scooter,Major,4,23534,EV,Automatic,7,1350
Electric Bike,General,3,19298,EV,Automatic,4,840
Electric Bike,Major,1,9459,EV,Automatic,1,1290
Car,General,7,85546,Petrol,Manual,9,3220
Car,General,5,58616,EV,Automatic,9,3310
Electric Scooter,General,4,27566,EV,Automatic,6,690
Car,General,12,142997,Hybrid,Manual,15,5890
Bike,General,7,51594,Petrol,Manual,12,1310
SUV,Major,7,118471,Petrol,Automatic,12,28290
Car,General,8,105716,Hybrid,Manual,13,5860
Scooty,Major,9,53107,Petrol,Automatic,11,2790
Car,General,2,35999,EV,Automatic,3,3720
SUV,Repair,2,27992,Diesel,Manual,3,19730
Electric Scooter,General,2,15022,EV,Automatic,3,670
Car,General,11,141922,Petrol,Automatic,14,5240
Electric Bike,General,0,500,EV,Automatic,0,800
Car,General,6,63256,EV,Automatic,11,3980
Car,Major,5,52137,Petrol,Automatic,9,15180
SUV,Major,3,56834,Diesel,Manual,4,23510
Scooty,General,5,30789,Petrol,Automatic,9,800
Car,Major,9,96465,Petrol,Automatic,17,14790
Scooty,General,5,31790,Petrol,Automatic,6,760
SUV,Major,3,40015,Diesel,Automatic,5,23140
Bike,Major,1,8669,Petrol,Manual,1,1490
SUV,Major,9,178843,Diesel,Manual,16,29490
SUV,General,4,40007,Diesel,Automatic,7,8220
Scooty,Major,2,6720,Petrol,Automatic,3,2040
Car,Major,12,167648,EV,Automatic,23,12010
SUV,Major,3,46493,Diesel,Automatic,4,26990
Car,General,10,133957,Petrol,Manual,13,5360
Bike,Major,2,12819,Petrol,Manual,2,1810
Scooty,Major,2,15703,Petrol,Automatic,2,1220
Scooty,Major,7,30353,Petrol,Automatic,11,1400
SUV,General,8,161047,EV,Automatic,12,5400
Electric Bike,Repair,2,11366,EV,Automatic,3,1550
SUV,General,7,116187,EV,Automatic,12,4600
SUV,General,5,89065,Petrol,Automatic,9,9260
Electric Scooter,Major,0,500,EV,Automatic,0,920
Car,General,5,59707,Hybrid,Manual,6,5450
Car,General,7,59924,Diesel,Automatic,9,5330
Scooty,General,5,31353,Petrol,Automatic,6,610
Scooty,General,5,19843,Petrol,Automatic,8,470
Car,General,12,106859,Petrol,Manual,15,4980
Bike,Major,6,37181,Petrol,Manual,10,2230
SUV,General,5,66638,Hybrid,Automatic,8,7530
Car,General,6,61160,Diesel,Automatic,9,6670
Bike,Major,10,61761,Petrol,Manual,19,3150
Car,Major,8,80490,Petrol,Manual,12,10170
Car,Major,7,59420,Diesel,Manual,13,16820
Car,Major,10,97710,Petrol,Automatic,19,15890
SUV,Major,6,91194,Petrol,Automatic,8,21310
Car,General,4,65876,Petrol,Manual,4,3680
Car,Repair,5,67226,Diesel,Automatic,7,18410
Scooty,Major,3,21578,Petrol,Automatic,4,1120
SUV,General,12,187522,Diesel,Manual,23,9710
Car,General,2,25878,Petrol,Manual,3,3370
Scooty,General,10,76843,Petrol,Automatic,16,970
Car,General,0,4523,Petrol,Manual,0,3570
Scooty,General,6,37138,Petrol,Automatic,8,880
SUV,Repair,12,219285,Diesel,Automatic,16,55780
Car,Major,4,58832,Petrol,Manual,5,12700
Car,Repair,8,69471,Petrol,Automatic,12,16470
Car,General,11,148286,Diesel,Manual,18,6370
Bike,General,1,10837,Petrol,Manual,1,1040
SUV,General,4,67160,Diesel,Manual,6,9990
SUV,General,9,115551,Diesel,Automatic,15,11160
SUV,General,5,55301,Hybrid,Automatic,7,9180
Car,Major,5,41625,Diesel,Manual,9,14150
Car,Major,5,57815,Diesel,Manual,6,16060
Scooty,Repair,3,20246,Petrol,Automatic,5,1470
Car,General,7,114553,Diesel,Manual,9,5870
Bike,Repair,9,67713,Petrol,Manual,16,4120
Bike,Repair,10,84628,Petrol,Manual,16,4710
Bike,General,11,54158,Petrol,Manual,16,1040
SUV,Major,9,142085,Diesel,Manual,17,27870
SUV,Major,6,101206,EV,Automatic,11,12000
Car,General,8,72053,Petrol,Manual,10,4690
Car,Repair,2,18306,EV,Automatic,2,10720
Scooty,Major,4,23474,Petrol,Automatic,7,1300
Car,Major,9,133834,EV,Automatic,14,12530
Car,Major,1,7678,Petrol,Manual,1,7520
SUV,General,4,48878,Petrol,Automatic,5,7360
Bike,General,10,72145,Petrol,Manual,16,1310
Electric Bike,General,1,5350,EV,Automatic,1,570
Car,General,14,162125,Petrol,Manual,20,6780
Bike,General,7,57070,Petrol,Manual,11,800
SUV,Major,3,41065,Diesel,Automatic,3,19750
Car,General,1,13033,Hybrid,Manual,1,4460
SUV,General,8,162451,Diesel,Manual,9,11940
Car,General,15,231311,Petrol,Manual,25,5750
Bike,General,6,43440,Petrol,Manual,10,620
SUV,Major,11,133907,Diesel,Automatic,19,34600
Scooty,General,1,6432,Petrol,Automatic,1,650
SUV,General,3,47822,Petrol,Automatic,4,8200
Scooty,Major,5,19511,Petrol,Automatic,6,1600
Car,Repair,9,130970,Hybrid,Manual,12,15570
SUV,Major,6,104157,Diesel,Automatic,9,27800
Car,General,2,26150,Petrol,Automatic,3,3870
Electric Bike,Repair,2,10560,EV,Automatic,3,1430
Car,General,3,26274,Hybrid,Manual,4,3640
Car,General,9,122574,Petrol,Automatic,14,3830
Car,Repair,5,50717,Petrol,Automatic,7,12260
Scooty,General,7,56539,Petrol,Automatic,9,570
Electric Scooter,General,2,14727,EV,Automatic,3,600
Scooty,Major,3,17108,Petrol,Automatic,5,1960
Car,General,10,138043,Hybrid,Automatic,18,7360
Scooty,Major,5,38277,Petrol,Automatic,6,2260
Bike,General,6,40849,Petrol,Manual,9,730
SUV,Major,11,164898,Diesel,Automatic,14,39940
Car,Major,2,22435,Diesel,Automatic,3,17130
Car,Major,3,24744,Petrol,Manual,4,10720
SUV,General,5,60936,Diesel,Manual,8,11360
Car,Major,7,98432,Petrol,Automatic,11,15190
Bike,General,3,14976,Petrol,Manual,5,850
Bike,General,7,59512,Petrol,Automatic,9,770
Scooty,Major,4,32947,Petrol,Automatic,7,1380
Scooty,General,11,54718,Petrol,Automatic,14,690
Bike,General,4,35864,Petrol,Manual,5,1220
Bike,Repair,2,17269,Petrol,Manual,2,1990
Bike,General,5,37748,Petrol,Automatic,8,860
Car,Repair,3,30605,Diesel,Manual,4,15250
Bike,General,3,22642,Petrol,Manual,4,590
Scooty,General,4,26915,Petrol,Automatic,6,640
Bike,Repair,5,33601,Petrol,Manual,7,2090
Scooty,General,4,30062,Petrol,Automatic,5,930
SUV,Repair,3,29618,Diesel,Manual,4,23230
Scooty,General,6,33247,Petrol,Automatic,7,730
SUV,Major,5,83377,EV,Automatic,8,16480
Scooty,Major,5,36432,Petrol,Automatic,8,2260
Bike,Repair,4,38530,Petrol,Manual,4,2440
Bike,General,5,35888,Petrol,Manual,7,860
Car,General,3,30621,Diesel,Automatic,4,6110
Bike,Major,6,56226,Petrol,Manual,8,2390
Electric Scooter,General,1,4606,EV,Automatic,1,380
Scooty,Major,7,55592,Petrol,Automatic,8,2470
Electric Bike,General,2,17171,EV,Automatic,3,670
SUV,Major,9,155908,Petrol,Automatic,16,24980
SUV,Major,5,65440,Diesel,Automatic,7,19340
Car,Repair,0,4212,Petrol,Automatic,0,12260
Scooty,Major,5,25867,Petrol,Automatic,9,2410
SUV,Major,6,102903,Petrol,Automatic,7,25290
Electric Scooter,General,2,7493,EV,Automatic,3,580
SUV,General,11,217294,Hybrid,Manual,19,10550
SUV,Major,6,65458,Petrol,Automatic,7,22350
Car,Repair,3,44179,Petrol,Manual,4,9440
Car,Major,2,27776,Petrol,Automatic,3,12460
Scooty,General,7,32599,Petrol,Automatic,9,550
Scooty,General,9,53794,Petrol,Automatic,13,880
Car,General,3,23685,Petrol,Manual,5,4250
Car,General,3,37734,Diesel,Automatic,4,5460
Car,General,1,10967,Hybrid,Automatic,1,4960
SUV,Repair,3,53374,Petrol,Automatic,4,18970
SUV,General,2,38210,Diesel,Manual,2,7370
Car,Major,7,96042,Hybrid,Automatic,12,12020
Car,General,9,129694,Petrol,Automatic,12,6830
Car,Repair,9,136916,Diesel,Manual,13,23980
Car,Repair,8,92118,Hybrid,Manual,13,12900
SUV,General,12,179245,Diesel,Manual,20,9740
Bike,Major,8,77615,Petrol,Manual,13,2420
Electric Scooter,Major,1,7231,EV,Automatic,1,1220
Scooty,Repair,6,27907,Petrol,Automatic,8,2380
Bike,General,8,70080,Petrol,Automatic,10,1210
Electric Bike,Major,0,1890,EV,Automatic,0,1130
Car,General,4,54202,Diesel,Manual,6,5960
Scooty,General,11,67996,Petrol,Automatic,20,700
SUV,Major,7,70212,Petrol,Automatic,13,26860
Car,Major,4,44696,Diesel,Automatic,5,15050
Car,Repair,5,48869,Petrol,Manual,7,15610
Car,Major,8,111165,Petrol,Manual,13,14520
Scooty,Major,6,35987,Petrol,Automatic,9,2580
Scooty,Major,2,9407,Petrol,Automatic,3,2150
SUV,Major,3,42278,Diesel,Manual,5,17230
SUV,Major,9,155454,Diesel,Automatic,15,39710
SUV,Major,1,20760,Diesel,Automatic,1,22190
SUV,General,5,80425,Petrol,Manual,6,5360
SUV,General,1,17709,Petrol,Automatic,1,6410
Car,General,11,118204,Petrol,Manual,13,5320
SUV,Major,8,145620,Hybrid,Automatic,10,32200
Car,Major,6,71770,Petrol,Automatic,7,13060
Bike,General,9,74907,Petrol,Manual,14,1050
Car,General,5,44818,Diesel,Automatic,6,6690
SUV,Major,5,68674,Diesel,Manual,7,18060
SUV,Major,4,58149,Diesel,Manual,6,22330
Car,General,6,68717,Petrol,Manual,11,5190
SUV,General,6,78367,Diesel,Manual,11,7280
Car,Major,11,143739,EV,Automatic,14,12390
Car,Major,9,130606,Petrol,Manual,14,10240
Bike,General,5,41952,Petrol,Automatic,9,1110
Car,Major,12,129868,EV,Automatic,15,14300
Car,Major,4,45197,Petrol,Automatic,5,14640
Car,General,2,16700,Diesel,Manual,2,4760
Car,Major,4,43862,Petrol,Manual,5,9310
Scooty,General,3,20450,Petrol,Automatic,5,830
Scooty,Repair,9,62804,Petrol,Automatic,17,2650
Bike,General,4,28123,Petrol,Manual,7,910
Car,Major,7,64495,Petrol,Manual,13,14880
Car,Repair,5,77603,Diesel,Automatic,8,19250
Bike,Major,2,14661,Petrol,Automatic,3,1570
SUV,General,6,96852,Diesel,Automatic,10,10690
Car,Repair,8,85143,EV,Automatic,14,13180
Car,General,4,34044,Diesel,Manual,6,4120
SUV,General,6,97882,Diesel,Automatic,11,9200
Car,General,3,41714,Petrol,Manual,4,3430
SUV,General,4,78080,Diesel,Manual,6,8400
SUV,General,4,53022,Diesel,Manual,5,9270
Bike,General,8,76646,Petrol,Manual,10,860
Car,General,7,74005,Petrol,Automatic,11,6340
Car,General,6,62993,Petrol,Automatic,11,4500
SUV,General,2,28405,Diesel,Automatic,3,11430
SUV,Major,6,104266,Diesel,Manual,10,23050
Car,General,7,75901,Petrol,Manual,10,4430
Scooty,Repair,4,20573,Petrol,Automatic,7,1760
SUV,Major,13,248039,Petrol,Manual,20,34970
Bike,General,3,14779,Petrol,Manual,5,630
SUV,General,8,153207,Diesel,Manual,12,12390
Car,Repair,6,92113,Diesel,Manual,9,14980
Bike,General,8,40628,Petrol,Manual,12,600
Bike,General,6,51721,Petrol,Automatic,8,890
Bike,General,10,78764,Petrol,Manual,12,780
SUV,Major,8,162785,Petrol,Manual,15,18550
SUV,General,1,13768,Petrol,Manual,1,7730
SUV,General,3,48421,Diesel,Manual,4,8010
Scooty,General,6,32785,Petrol,Automatic,10,630
Car,General,3,46635,Hybrid,Automatic,4,5210
Car,General,4,56126,EV,Automatic,7,4720
Electric Bike,General,1,7530,EV,Automatic,1,390
Bike,Major,1,9782,Petrol,Manual,1,2370
Bike,General,7,39055,Petrol,Automatic,11,1090
Scooty,Major,5,30590,Petrol,Automatic,6,1940
SUV,Major,5,94404,Diesel,Manual,9,24660
Car,Repair,4,54016,Diesel,Manual,7,13640
Car,Major,3,33963,EV,Automatic,4,8610
SUV,Major,9,156430,Hybrid,Manual,12,26280
Scooty,Major,4,23146,Petrol,Automatic,7,1810
Bike,Repair,5,45177,Petrol,Manual,6,2930
SUV,General,4,61847,Petrol,Automatic,5,6800
SUV,Major,2,23258,Diesel,Automatic,3,22450
Car,Major,5,51729,Petrol,Manual,9,12210
Electric Bike,General,0,500,EV,Automatic,0,700
Electric Scooter,General,1,4393,EV,Automatic,1,600
Car,Major,4,42479,EV,Automatic,6,11650
SUV,General,5,68389,Petrol,Manual,9,8430
Electric Scooter,Major,2,14541,EV,Automatic,3,1110
Car,Repair,6,79734,Diesel,Automatic,8,21410
SUV,Repair,5,84443,Diesel,Automatic,9,30220
Car,Repair,2,24405,Diesel,Automatic,3,12120
SUV,General,6,94869,Petrol,Manual,9,8250
SUV,Major,7,124742,Diesel,Automatic,13,27130
Car,General,6,92202,Diesel,Manual,11,5310
SUV,Repair,5,71939,Diesel,Automatic,8,32230
Scooty,General,10,74480,Petrol,Automatic,13,480
Car,General,3,40104,Diesel,Manual,5,4510
SUV,General,3,29786,Diesel,Automatic,4,8820
Scooty,Major,7,35871,Petrol,Automatic,8,2420
Scooty,General,9,56391,Petrol,Automatic,12,580
Car,General,0,800,Diesel,Manual,0,4660
Bike,Repair,2,13399,Petrol,Manual,3,1370
Scooty,Major,3,23591,Petrol,Automatic,5,1500
Scooty,Major,6,44286,Petrol,Automatic,9,1850
Electric Bike,Major,1,5248,EV,Automatic,1,1270
Car,Repair,6,93580,Diesel,Automatic,8,17460
SUV,General,12,204011,EV,Automatic,16,6130
Car,General,3,25337,Petrol,Manual,5,3950
Car,General,6,73765,Petrol,Automatic,9,6100
Scooty,General,11,87243,Petrol,Automatic,16,750
Scooty,General,4,25737,Petrol,Automatic,7,470
Scooty,General,9,66621,Petrol,Automatic,15,740
Bike,Repair,2,8932,Petrol,Manual,3,2010
Electric Scooter,General,3,11507,EV,Automatic,5,620
SUV,General,9,91991,Diesel,Manual,11,8730
Car,General,2,28259,Hybrid,Automatic,3,6000
Scooty,General,1,8614,Petrol,Automatic,1,720
Scooty,Major,7,32936,Petrol,Automatic,12,1610
Scooty,General,6,29838,Petrol,Automatic,7,890
Scooty,General,4,25632,Petrol,Automatic,7,460
Scooty,Major,9,51709,Petrol,Automatic,11,2300
Car,General,3,30767,Petrol,Automatic,5,3830
Scooty,General,3,24076,Petrol,Automatic,4,520
SUV,Major,14,244893,Diesel,Manual,17,29290
Bike,Major,3,27721,Petrol,Manual,5,2600
Bike,Major,5,47207,Petrol,Manual,8,3350
Car,Repair,5,49901,EV,Automatic,9,10440
SUV,General,5,59738,Petrol,Manual,8,6740
SUV,Major,4,79546,Hybrid,Manual,4,17280
Car,Repair,3,51677,Diesel,Manual,5,11970
SUV,General,0,1622,Diesel,Automatic,0,9790
Car,Repair,2,20287,Hybrid,Manual,2,11350
Scooty,General,4,29982,Petrol,Automatic,4,480
Scooty,Repair,2,12594,Petrol,Automatic,3,1670
Bike,General,6,38956,Petrol,Automatic,11,1190
SUV,General,7,137198,Hybrid,Automatic,13,12130
Electric Scooter,General,2,12701,EV,Automatic,3,620
SUV,General,9,152304,Diesel,Manual,14,11740
Scooty,Repair,8,57111,Petrol,Automatic,15,3090
Bike,General,8,42522,Petrol,Manual,9,650
Car,Repair,13,186056,Diesel,Automatic,25,26180
Car,Major,11,158867,Petrol,Automatic,21,17940
SUV,Major,8,90106,Diesel,Manual,15,27470
Scooty,Major,3,20453,Petrol,Automatic,3,2290
SUV,Major,3,35527,Petrol,Manual,4,19010
Electric Bike,General,2,14415,EV,Automatic,3,670
Car,General,9,87024,Petrol,Manual,14,4720
Bike,General,5,29980,Petrol,Manual,7,1020
Bike,General,3,24742,Petrol,Automatic,3,770
Electric Scooter,Major,0,1052,EV,Automatic,0,1000
SUV,General,1,20623,Diesel,Manual,1,8710
Car,General,7,107522,Diesel,Manual,10,5060
Car,General,8,85173,Petrol,Automatic,10,4820
Bike,General,11,83532,Petrol,Manual,20,930
Car,General,6,79249,Diesel,Automatic,11,5710
SUV,Repair,5,71904,Diesel,Automatic,6,31010
Electric Scooter,General,1,7819,EV,Automatic,1,700
Scooty,Major,6,29540,Petrol,Automatic,10,2660
Bike,General,7,57071,Petrol,Manual,9,770
Electric Scooter,General,3,16930,EV,Automatic,5,730
SUV,General,9,95172,Diesel,Automatic,14,11990
Bike,Repair,10,95143,Petrol,Automatic,13,2780
Scooty,General,4,25226,Petrol,Automatic,5,550
Car,Repair,3,31635,Petrol,Automatic,3,9500
Car,Repair,13,133830,Petrol,Automatic,18,26640
Car,General,12,136036,Petrol,Manual,23,5240
SUV,General,4,42531,Petrol,Automatic,5,7620
Car,General,6,67350,Diesel,Manual,10,5050
SUV,General,8,87489,Petrol,Automatic,11,9700
SUV,Repair,11,188420,Petrol,Manual,15,30360
Car,Major,4,52589,Petrol,Automatic,4,10290
Scooty,Repair,3,13534,Petrol,Automatic,5,1390
SUV,General,13,247983,Diesel,Automatic,15,13060
SUV,General,13,239039,Petrol,Automatic,19,9870
Scooty,General,11,53742,Petrol,Automatic,14,980
